employee_id,age,age_cohort,gender,marital_status,department,job_role,job_level,education,education_label,education_field,monthly_income,income_bracket,daily_rate,hourly_rate,monthly_rate,percent_salary_hike,stock_option_level,overtime,overtime_flag,business_travel,distance_from_home,distance_band,job_satisfaction,job_satisfaction_label,environment_satisfaction,environment_satisfaction_label,relationship_satisfaction,relationship_satisfaction_label,work_life_balance,work_life_balance_label,job_involvement,performance_rating,performance_label,total_working_years,years_at_company,tenure_band,years_in_current_role,years_since_last_promotion,years_with_curr_manager,training_times_last_year,num_companies_worked,attrition,attrition_flag
1,41,40-49,Female,Single,Sales,Sales Executive,2,2,2 - College,Life Sciences,5993,"Mid ($3,500 - $7,000)",1102,94,19479,11,0,Yes,1,Travel_Rarely,1,Near (1-5 mi),4,4 - Very High,2,2 - Medium,1,1 - Low,1,1 - Bad,3,3,3 - Excellent,8,6,6-10 Years,4,0,5,0,8,Yes,1
2,49,40-49,Male,Married,Research & Development,Research Scientist,2,1,1 - Below College,Life Sciences,5130,"Mid ($3,500 - $7,000)",279,61,24907,23,1,No,0,Travel_Frequently,8,Moderate (6-15 mi),2,2 - Medium,3,3 - High,4,4 - Very High,3,3 - Better,2,4,4 - Outstanding,10,10,6-10 Years,7,1,7,3,1,No,0
4,37,30-39,Male,Single,Research & Development,Laboratory Technician,1,2,2 - College,Other,2090,"Low (<$3,500)",1373,92,2396,15,0,Yes,1,Travel_Rarely,2,Near (1-5 mi),3,3 - High,4,4 - Very High,2,2 - Medium,3,3 - Better,2,3,3 - Excellent,7,0,< 1 Year,0,0,0,3,6,Yes,1
5,33,30-39,Female,Married,Research & Development,Research Scientist,1,4,4 - Master,Life Sciences,2909,"Low (<$3,500)",1392,56,23159,11,0,Yes,1,Travel_Frequently,3,Near (1-5 mi),3,3 - High,4,4 - Very High,3,3 - High,3,3 - Better,3,3,3 - Excellent,8,8,6-10 Years,7,3,0,3,1,No,0
7,27,Under 30,Male,Married,Research & Development,Laboratory Technician,1,1,1 - Below College,Medical,3468,"Low (<$3,500)",591,40,16632,12,1,No,0,Travel_Rarely,2,Near (1-5 mi),2,2 - Medium,1,1 - Low,4,4 - Very High,3,3 - Better,3,3,3 - Excellent,6,2,1-2 Years,2,2,2,3,9,No,0
8,32,30-39,Male,Single,Research & Development,Laboratory Technician,1,2,2 - College,Life Sciences,3068,"Low (<$3,500)",1005,79,11864,13,0,No,0,Travel_Frequently,2,Near (1-5 mi),4,4 - Very High,4,4 - Very High,3,3 - High,2,2 - Good,3,3,3 - Excellent,8,7,6-10 Years,7,3,6,2,0,No,0
10,59,50+,Female,Married,Research & Development,Laboratory Technician,1,3,3 - Bachelor,Medical,2670,"Low (<$3,500)",1324,81,9964,20,3,Yes,1,Travel_Rarely,3,Near (1-5 mi),1,1 - Low,3,3 - High,1,1 - Low,2,2 - Good,4,4,4 - Outstanding,12,1,1-2 Years,0,0,0,3,4,No,0
11,30,30-39,Male,Divorced,Research & Development,Laboratory Technician,1,1,1 - Below College,Life Sciences,2693,"Low (<$3,500)",1358,67,13335,22,1,No,0,Travel_Rarely,24,Far (16-25 mi),3,3 - High,4,4 - Very High,2,2 - Medium,3,3 - Better,3,4,4 - Outstanding,1,1,1-2 Years,0,0,0,2,1,No,0
12,38,30-39,Male,Single,Research & Development,Manufacturing Director,3,3,3 - Bachelor,Life Sciences,9526,"High ($7,001 - $12,000)",216,44,8787,21,0,No,0,Travel_Frequently,23,Far (16-25 mi),3,3 - High,4,4 - Very High,2,2 - Medium,3,3 - Better,2,4,4 - Outstanding,10,9,6-10 Years,7,1,8,2,0,No,0
13,36,30-39,Male,Married,Research & Development,Healthcare Representative,2,3,3 - Bachelor,Medical,5237,"Mid ($3,500 - $7,000)",1299,94,16577,13,2,No,0,Travel_Rarely,27,Very Far (26+ mi),3,3 - High,3,3 - High,2,2 - Medium,2,2 - Good,3,3,3 - Excellent,17,7,6-10 Years,7,7,7,3,6,No,0
14,35,30-39,Male,Married,Research & Development,Laboratory Technician,1,3,3 - Bachelor,Medical,2426,"Low (<$3,500)",809,84,16479,13,1,No,0,Travel_Rarely,16,Far (16-25 mi),2,2 - Medium,1,1 - Low,3,3 - High,3,3 - Better,4,3,3 - Excellent,6,5,3-5 Years,4,0,3,5,0,No,0
15,29,Under 30,Female,Single,Research & Development,Laboratory Technician,2,2,2 - College,Life Sciences,4193,"Mid ($3,500 - $7,000)",153,49,12682,12,0,Yes,1,Travel_Rarely,15,Moderate (6-15 mi),3,3 - High,4,4 - Very High,4,4 - Very High,3,3 - Better,2,3,3 - Excellent,10,9,6-10 Years,5,0,8,3,0,No,0
16,31,30-39,Male,Divorced,Research & Development,Research Scientist,1,1,1 - Below College,Life Sciences,2911,"Low (<$3,500)",670,31,15170,17,1,No,0,Travel_Rarely,26,Very Far (26+ mi),3,3 - High,1,1 - Low,4,4 - Very High,2,2 - Good,3,3,3 - Excellent,5,5,3-5 Years,2,4,3,1,1,No,0
18,34,30-39,Male,Divorced,Research & Development,Laboratory Technician,1,2,2 - College,Medical,2661,"Low (<$3,500)",1346,93,8758,11,1,No,0,Travel_Rarely,19,Far (16-25 mi),4,4 - Very High,2,2 - Medium,3,3 - High,3,3 - Better,3,3,3 - Excellent,3,2,1-2 Years,2,1,2,2,0,No,0
19,28,Under 30,Male,Single,Research & Development,Laboratory Technician,1,3,3 - Bachelor,Life Sciences,2028,"Low (<$3,500)",103,50,12947,14,0,Yes,1,Travel_Rarely,24,Far (16-25 mi),3,3 - High,3,3 - High,2,2 - Medium,3,3 - Better,2,3,3 - Excellent,6,4,3-5 Years,2,0,3,4,5,Yes,1
20,29,Under 30,Female,Divorced,Research & Development,Manufacturing Director,3,4,4 - Master,Life Sciences,9980,"High ($7,001 - $12,000)",1389,51,10195,11,1,No,0,Travel_Rarely,21,Far (16-25 mi),1,1 - Low,2,2 - Medium,3,3 - High,3,3 - Better,4,3,3 - Excellent,10,10,6-10 Years,9,8,8,1,1,No,0
21,32,30-39,Male,Divorced,Research & Development,Research Scientist,1,2,2 - College,Life Sciences,3298,"Low (<$3,500)",334,80,15053,12,2,Yes,1,Travel_Rarely,5,Near (1-5 mi),2,2 - Medium,1,1 - Low,4,4 - Very High,2,2 - Good,4,3,3 - Excellent,7,6,6-10 Years,2,0,5,5,0,No,0
22,22,Under 30,Male,Divorced,Research & Development,Laboratory Technician,1,2,2 - College,Medical,2935,"Low (<$3,500)",1123,96,7324,13,2,Yes,1,Non-Travel,16,Far (16-25 mi),4,4 - Very High,4,4 - Very High,2,2 - Medium,2,2 - Good,4,3,3 - Excellent,1,1,1-2 Years,0,0,0,2,1,No,0
23,53,50+,Female,Married,Sales,Manager,4,4,4 - Master,Life Sciences,15427,"Executive (>$12,000)",1219,78,22021,16,0,No,0,Travel_Rarely,2,Near (1-5 mi),4,4 - Very High,1,1 - Low,3,3 - High,3,3 - Better,2,3,3 - Excellent,31,25,10+ Years,8,3,7,3,2,No,0
24,38,30-39,Male,Single,Research & Development,Research Scientist,1,3,3 - Bachelor,Life Sciences,3944,"Mid ($3,500 - $7,000)",371,45,4306,11,0,Yes,1,Travel_Rarely,2,Near (1-5 mi),4,4 - Very High,4,4 - Very High,3,3 - High,3,3 - Better,3,3,3 - Excellent,6,3,3-5 Years,2,1,2,3,5,No,0
26,24,Under 30,Female,Divorced,Research & Development,Manufacturing Director,2,2,2 - College,Other,4011,"Mid ($3,500 - $7,000)",673,96,8232,18,1,No,0,Non-Travel,11,Moderate (6-15 mi),3,3 - High,1,1 - Low,4,4 - Very High,2,2 - Good,4,3,3 - Excellent,5,4,3-5 Years,2,1,3,5,0,No,0
27,36,30-39,Male,Single,Sales,Sales Representative,1,4,4 - Master,Life Sciences,3407,"Low (<$3,500)",1218,82,6986,23,0,No,0,Travel_Rarely,9,Moderate (6-15 mi),1,1 - Low,3,3 - High,2,2 - Medium,3,3 - Better,2,4,4 - Outstanding,10,5,3-5 Years,3,0,3,4,7,Yes,1
28,34,30-39,Female,Single,Research & Development,Research Director,3,4,4 - Master,Life Sciences,11994,"High ($7,001 - $12,000)",419,53,21293,11,0,No,0,Travel_Rarely,7,Moderate (6-15 mi),2,2 - Medium,1,1 - Low,3,3 - High,3,3 - Better,3,3,3 - Excellent,13,12,10+ Years,6,2,11,4,0,No,0
30,21,Under 30,Male,Single,Research & Development,Research Scientist,1,2,2 - College,Life Sciences,1232,"Low (<$3,500)",391,96,19281,14,0,No,0,Travel_Rarely,15,Moderate (6-15 mi),4,4 - Very High,3,3 - High,4,4 - Very High,3,3 - Better,3,3,3 - Excellent,0,0,< 1 Year,0,0,0,6,1,No,0
31,34,30-39,Male,Single,Research & Development,Research Scientist,1,1,1 - Below College,Medical,2960,"Low (<$3,500)",699,83,17102,11,0,No,0,Travel_Rarely,6,Moderate (6-15 mi),1,1 - Low,2,2 - Medium,3,3 - High,3,3 - Better,3,3,3 - Excellent,8,4,3-5 Years,2,1,3,2,2,Yes,1
32,53,50+,Female,Divorced,Research & Development,Manager,5,3,3 - Bachelor,Other,19094,"Executive (>$12,000)",1282,58,10735,11,1,No,0,Travel_Rarely,5,Near (1-5 mi),3,3 - High,3,3 - High,4,4 - Very High,2,2 - Good,3,3,3 - Excellent,26,14,10+ Years,13,4,8,3,4,No,0
33,32,30-39,Female,Single,Research & Development,Research Scientist,1,1,1 - Below College,Life Sciences,3919,"Mid ($3,500 - $7,000)",1125,72,4681,22,0,Yes,1,Travel_Frequently,16,Far (16-25 mi),1,1 - Low,2,2 - Medium,2,2 - Medium,3,3 - Better,1,4,4 - Outstanding,10,10,6-10 Years,2,6,7,5,1,Yes,1
35,42,40-49,Male,Married,Sales,Sales Executive,2,4,4 - Master,Marketing,6825,"Mid ($3,500 - $7,000)",691,48,21173,11,1,No,0,Travel_Rarely,8,Moderate (6-15 mi),2,2 - Medium,3,3 - High,4,4 - Very High,3,3 - Better,3,3,3 - Excellent,10,9,6-10 Years,7,4,2,2,0,No,0
36,44,40-49,Female,Married,Research & Development,Healthcare Representative,3,4,4 - Master,Medical,10248,"High ($7,001 - $12,000)",477,42,2094,14,1,No,0,Travel_Rarely,7,Moderate (6-15 mi),4,4 - Very High,1,1 - Low,4,4 - Very High,3,3 - Better,2,3,3 - Excellent,24,22,10+ Years,6,5,17,4,3,No,0
38,46,40-49,Female,Single,Sales,Manager,5,4,4 - Master,Marketing,18947,"Executive (>$12,000)",705,83,22822,12,0,No,0,Travel_Rarely,2,Near (1-5 mi),1,1 - Low,2,2 - Medium,4,4 - Very High,2,2 - Good,3,3,3 - Excellent,22,2,1-2 Years,2,2,1,2,3,No,0
39,33,30-39,Male,Single,Research & Development,Laboratory Technician,1,3,3 - Bachelor,Medical,2496,"Low (<$3,500)",924,78,6670,11,0,No,0,Travel_Rarely,2,Near (1-5 mi),4,4 - Very High,3,3 - High,4,4 - Very High,3,3 - Better,3,3,3 - Excellent,7,1,1-2 Years,1,0,0,3,4,No,0
40,44,40-49,Male,Married,Research & Development,Healthcare Representative,2,4,4 - Master,Other,6465,"Mid ($3,500 - $7,000)",1459,41,19121,13,0,Yes,1,Travel_Rarely,10,Moderate (6-15 mi),4,4 - Very High,4,4 - Very High,4,4 - Very High,4,4 - Best,3,3,3 - Excellent,9,4,3-5 Years,2,1,3,5,2,No,0
41,30,30-39,Male,Single,Research & Development,Laboratory Technician,1,2,2 - College,Medical,2206,"Low (<$3,500)",125,83,16117,13,0,No,0,Travel_Rarely,9,Moderate (6-15 mi),3,3 - High,4,4 - Very High,1,1 - Low,3,3 - Better,2,3,3 - Excellent,10,10,6-10 Years,0,1,8,5,1,No,0
42,39,30-39,Male,Married,Sales,Sales Representative,2,3,3 - Bachelor,Technical Degree,2086,"Low (<$3,500)",895,56,3335,14,1,No,0,Travel_Rarely,5,Near (1-5 mi),4,4 - Very High,4,4 - Very High,3,3 - High,4,4 - Best,3,3,3 - Excellent,19,1,1-2 Years,0,0,0,6,3,Yes,1
45,24,Under 30,Male,Married,Research & Development,Research Scientist,1,3,3 - Bachelor,Medical,2293,"Low (<$3,500)",813,61,3020,16,1,Yes,1,Travel_Rarely,1,Near (1-5 mi),4,4 - Very High,2,2 - Medium,1,1 - Low,2,2 - Good,3,3,3 - Excellent,6,2,1-2 Years,0,2,0,2,2,Yes,1
46,43,40-49,Female,Divorced,Research & Development,Research Scientist,1,2,2 - College,Medical,2645,"Low (<$3,500)",1273,72,21923,12,2,No,0,Travel_Rarely,2,Near (1-5 mi),3,3 - High,4,4 - Very High,4,4 - Very High,2,2 - Good,4,3,3 - Excellent,6,5,3-5 Years,3,1,4,3,1,No,0
47,50,50+,Male,Married,Sales,Sales Representative,1,2,2 - College,Marketing,2683,"Low (<$3,500)",869,86,3810,14,0,Yes,1,Travel_Rarely,3,Near (1-5 mi),3,3 - High,1,1 - Low,3,3 - High,3,3 - Better,2,3,3 - Excellent,3,3,3-5 Years,2,0,2,2,1,Yes,1
49,35,30-39,Female,Married,Sales,Sales Representative,1,3,3 - Bachelor,Marketing,2014,"Low (<$3,500)",890,97,9687,13,0,No,0,Travel_Rarely,2,Near (1-5 mi),4,4 - Very High,4,4 - Very High,1,1 - Low,3,3 - Better,3,3,3 - Excellent,2,2,1-2 Years,2,2,2,3,1,No,0
51,36,30-39,Female,Married,Research & Development,Research Scientist,1,4,4 - Master,Life Sciences,3419,"Low (<$3,500)",852,82,13072,14,1,Yes,1,Travel_Rarely,5,Near (1-5 mi),1,1 - Low,2,2 - Medium,4,4 - Very High,4,4 - Best,2,3,3 - Excellent,6,1,1-2 Years,1,0,0,3,9,No,0
52,33,30-39,Female,Married,Sales,Sales Executive,2,3,3 - Bachelor,Life Sciences,5376,"Mid ($3,500 - $7,000)",1141,42,3193,19,2,No,0,Travel_Frequently,1,Near (1-5 mi),1,1 - Low,3,3 - High,1,1 - Low,3,3 - Better,4,3,3 - Excellent,10,5,3-5 Years,3,1,3,3,2,No,0
53,35,30-39,Male,Divorced,Research & Development,Laboratory Technician,1,2,2 - College,Other,1951,"Low (<$3,500)",464,75,10910,12,1,No,0,Travel_Rarely,4,Near (1-5 mi),4,4 - Very High,3,3 - High,3,3 - High,3,3 - Better,3,3,3 - Excellent,1,1,1-2 Years,0,0,0,3,1,No,0
54,27,Under 30,Female,Divorced,Research & Development,Laboratory Technician,1,4,4 - Master,Life Sciences,2341,"Low (<$3,500)",1240,33,19715,13,1,No,0,Travel_Rarely,2,Near (1-5 mi),1,1 - Low,4,4 - Very High,4,4 - Very High,3,3 - Better,3,3,3 - Excellent,1,1,1-2 Years,0,0,0,6,1,No,0
55,26,Under 30,Male,Single,Research & Development,Laboratory Technician,1,3,3 - Bachelor,Life Sciences,2293,"Low (<$3,500)",1357,48,10558,12,0,No,0,Travel_Rarely,25,Far (16-25 mi),3,3 - High,1,1 - Low,3,3 - High,2,2 - Good,1,3,3 - Excellent,1,1,1-2 Years,0,0,1,2,1,Yes,1
56,27,Under 30,Male,Single,Sales,Sales Executive,3,3,3 - Bachelor,Life Sciences,8726,"High ($7,001 - $12,000)",994,37,2975,15,0,No,0,Travel_Frequently,8,Moderate (6-15 mi),3,3 - High,4,4 - Very High,4,4 - Very High,3,3 - Better,3,3,3 - Excellent,9,9,6-10 Years,8,1,7,0,1,No,0
57,30,30-39,Female,Single,Research & Development,Laboratory Technician,2,2,2 - College,Medical,4011,"Mid ($3,500 - $7,000)",721,58,10781,23,0,No,0,Travel_Frequently,1,Near (1-5 mi),4,4 - Very High,3,3 - High,4,4 - Very High,3,3 - Better,3,4,4 - Outstanding,12,12,10+ Years,8,3,7,2,1,No,0
58,41,40-49,Female,Married,Research & Development,Research Director,5,3,3 - Bachelor,Technical Degree,19545,"Executive (>$12,000)",1360,49,16280,12,0,No,0,Travel_Rarely,12,Moderate (6-15 mi),3,3 - High,2,2 - Medium,4,4 - Very High,3,3 - Better,3,3,3 - Excellent,23,22,10+ Years,15,15,8,0,1,Yes,1
60,34,30-39,Male,Single,Sales,Sales Executive,2,4,4 - Master,Marketing,4568,"Mid ($3,500 - $7,000)",1065,72,10034,20,0,No,0,Non-Travel,23,Far (16-25 mi),3,3 - High,2,2 - Medium,3,3 - High,3,3 - Better,3,4,4 - Outstanding,10,9,6-10 Years,5,8,7,2,0,No,0
61,37,30-39,Male,Married,Research & Development,Research Scientist,1,2,2 - College,Life Sciences,3022,"Low (<$3,500)",408,73,10227,21,0,No,0,Travel_Rarely,19,Far (16-25 mi),2,2 - Medium,2,2 - Medium,1,1 - Low,3,3 - Better,3,4,4 - Outstanding,8,1,1-2 Years,0,0,0,1,4,No,0
62,46,40-49,Male,Single,Sales,Sales Executive,2,4,4 - Master,Marketing,5772,"Mid ($3,500 - $7,000)",1211,98,20445,21,0,Yes,1,Travel_Frequently,5,Near (1-5 mi),4,4 - Very High,1,1 - Low,3,3 - High,3,3 - Better,3,4,4 - Outstanding,14,9,6-10 Years,6,0,8,4,4,No,0
63,35,30-39,Male,Married,Research & Development,Laboratory Technician,1,1,1 - Below College,Life Sciences,2269,"Low (<$3,500)",1229,36,4892,19,0,No,0,Travel_Rarely,8,Moderate (6-15 mi),4,4 - Very High,4,4 - Very High,4,4 - Very High,3,3 - Better,4,3,3 - Excellent,1,1,1-2 Years,0,0,1,2,1,No,0
64,48,40-49,Male,Single,Research & Development,Laboratory Technician,3,2,2 - College,Life Sciences,5381,"Mid ($3,500 - $7,000)",626,98,19294,13,0,Yes,1,Travel_Rarely,1,Near (1-5 mi),3,3 - High,1,1 - Low,4,4 - Very High,3,3 - Better,2,3,3 - Excellent,23,1,1-2 Years,0,0,0,2,9,Yes,1
65,28,Under 30,Male,Single,Research & Development,Laboratory Technician,1,4,4 - Master,Technical Degree,3441,"Low (<$3,500)",1434,50,11179,13,0,Yes,1,Travel_Rarely,5,Near (1-5 mi),3,3 - High,3,3 - High,3,3 - High,2,2 - Good,3,3,3 - Excellent,2,2,1-2 Years,2,2,2,3,1,Yes,1
68,44,40-49,Female,Divorced,Sales,Sales Executive,2,5,5 - Doctor,Marketing,5454,"Mid ($3,500 - $7,000)",1488,75,4009,21,1,Yes,1,Travel_Rarely,1,Near (1-5 mi),1,1 - Low,2,2 - Medium,3,3 - High,2,2 - Good,3,4,4 - Outstanding,9,4,3-5 Years,3,1,3,2,5,No,0
70,35,30-39,Male,Married,Research & Development,Healthcare Representative,3,2,2 - College,Medical,9884,"High ($7,001 - $12,000)",1097,79,8302,13,1,Yes,1,Non-Travel,11,Moderate (6-15 mi),1,1 - Low,3,3 - High,3,3 - High,3,3 - Better,2,3,3 - Excellent,10,4,3-5 Years,0,2,3,3,2,No,0
72,26,Under 30,Female,Married,Sales,Sales Executive,2,3,3 - Bachelor,Marketing,4157,"Mid ($3,500 - $7,000)",1443,47,21436,19,1,Yes,1,Travel_Rarely,23,Far (16-25 mi),4,4 - Very High,3,3 - High,3,3 - High,2,2 - Good,2,3,3 - Excellent,5,2,1-2 Years,2,0,0,2,7,No,0
73,33,30-39,Female,Single,Research & Development,Research Director,3,2,2 - College,Life Sciences,13458,"Executive (>$12,000)",515,98,15146,12,0,Yes,1,Travel_Frequently,1,Near (1-5 mi),4,4 - Very High,1,1 - Low,3,3 - High,3,3 - Better,3,3,3 - Excellent,15,15,10+ Years,14,8,12,1,1,No,0
74,35,30-39,Male,Married,Sales,Sales Executive,3,5,5 - Doctor,Life Sciences,9069,"High ($7,001 - $12,000)",853,71,11031,22,1,No,0,Travel_Frequently,18,Far (16-25 mi),1,1 - Low,2,2 - Medium,4,4 - Very High,2,2 - Good,3,4,4 - Outstanding,9,9,6-10 Years,8,1,8,3,1,No,0
75,35,30-39,Female,Married,Research & Development,Laboratory Technician,1,4,4 - Master,Medical,4014,"Mid ($3,500 - $7,000)",1142,30,16002,15,1,Yes,1,Travel_Rarely,23,Far (16-25 mi),1,1 - Low,3,3 - High,3,3 - High,3,3 - Better,3,3,3 - Excellent,4,2,1-2 Years,2,2,2,3,3,No,0
76,31,30-39,Male,Divorced,Research & Development,Laboratory Technician,2,4,4 - Master,Life Sciences,5915,"Mid ($3,500 - $7,000)",655,48,9528,22,1,No,0,Travel_Rarely,7,Moderate (6-15 mi),4,4 - Very High,4,4 - Very High,4,4 - Very High,2,2 - Good,3,4,4 - Outstanding,10,7,6-10 Years,7,1,7,3,3,No,0
77,37,30-39,Male,Divorced,Research & Development,Manufacturing Director,2,4,4 - Master,Life Sciences,5993,"Mid ($3,500 - $7,000)",1115,51,2689,18,1,No,0,Travel_Rarely,1,Near (1-5 mi),3,3 - High,1,1 - Low,3,3 - High,4,4 - Best,2,3,3 - Excellent,7,7,6-10 Years,5,0,7,2,1,No,0
78,32,30-39,Male,Married,Research & Development,Manufacturing Director,2,3,3 - Bachelor,Medical,6162,"Mid ($3,500 - $7,000)",427,33,10877,22,1,Yes,1,Travel_Rarely,1,Near (1-5 mi),4,4 - Very High,1,1 - Low,2,2 - Medium,3,3 - Better,3,4,4 - Outstanding,9,9,6-10 Years,8,7,8,3,1,No,0
79,38,30-39,Female,Single,Research & Development,Laboratory Technician,2,5,5 - Doctor,Life Sciences,2406,"Low (<$3,500)",653,50,5456,11,0,No,0,Travel_Frequently,29,Very Far (26+ mi),4,4 - Very High,4,4 - Very High,4,4 - Very High,3,3 - Better,3,3,3 - Excellent,10,10,6-10 Years,3,9,9,2,1,No,0
80,50,50+,Female,Divorced,Research & Development,Research Director,5,2,2 - College,Medical,18740,"Executive (>$12,000)",989,43,16701,12,1,Yes,1,Travel_Rarely,7,Moderate (6-15 mi),3,3 - High,2,2 - Medium,4,4 - Very High,2,2 - Good,2,3,3 - Excellent,29,27,10+ Years,3,13,8,2,5,No,0
81,59,50+,Female,Single,Sales,Sales Executive,3,3,3 - Bachelor,Life Sciences,7637,"High ($7,001 - $12,000)",1435,99,2354,11,0,No,0,Travel_Rarely,25,Far (16-25 mi),1,1 - Low,1,1 - Low,4,4 - Very High,2,2 - Good,3,3,3 - Excellent,28,21,10+ Years,16,7,9,3,7,No,0
83,36,30-39,Female,Divorced,Research & Development,Healthcare Representative,3,3,3 - Bachelor,Technical Degree,10096,"High ($7,001 - $12,000)",1223,59,8202,13,3,No,0,Travel_Rarely,8,Moderate (6-15 mi),3,3 - High,3,3 - High,2,2 - Medium,3,3 - Better,3,3,3 - Excellent,17,17,10+ Years,14,12,8,2,1,No,0
84,55,50+,Female,Divorced,Research & Development,Manager,4,3,3 - Bachelor,Medical,14756,"Executive (>$12,000)",836,33,19730,14,3,Yes,1,Travel_Rarely,8,Moderate (6-15 mi),3,3 - High,4,4 - Very High,3,3 - High,3,3 - Better,3,3,3 - Excellent,21,5,3-5 Years,0,0,2,2,2,No,0
85,36,30-39,Male,Single,Research & Development,Manufacturing Director,2,3,3 - Bachelor,Life Sciences,6499,"Mid ($3,500 - $7,000)",1195,95,22656,13,0,No,0,Travel_Frequently,11,Moderate (6-15 mi),2,2 - Medium,2,2 - Medium,3,3 - High,3,3 - Better,2,3,3 - Excellent,6,6,6-10 Years,5,0,3,3,1,No,0
86,45,40-49,Male,Divorced,Research & Development,Research Scientist,3,3,3 - Bachelor,Life Sciences,9724,"High ($7,001 - $12,000)",1339,59,18787,17,1,No,0,Travel_Rarely,7,Moderate (6-15 mi),1,1 - Low,2,2 - Medium,3,3 - High,3,3 - Better,3,3,3 - Excellent,25,1,1-2 Years,0,0,0,2,2,No,0
88,35,30-39,Male,Married,Research & Development,Research Scientist,1,3,3 - Bachelor,Medical,2194,"Low (<$3,500)",664,79,5868,13,1,No,0,Travel_Frequently,1,Near (1-5 mi),1,1 - Low,2,2 - Medium,4,4 - Very High,2,2 - Good,3,3,3 - Excellent,5,3,3-5 Years,2,1,2,2,4,No,0
90,36,30-39,Male,Married,Research & Development,Research Scientist,1,3,3 - Bachelor,Medical,3388,"Low (<$3,500)",318,79,21777,17,1,Yes,1,Travel_Rarely,9,Moderate (6-15 mi),3,3 - High,4,4 - Very High,1,1 - Low,2,2 - Good,2,3,3 - Excellent,2,1,1-2 Years,0,0,0,0,0,Yes,1
91,59,50+,Female,Single,Sales,Sales Executive,2,1,1 - Below College,Life Sciences,5473,"Mid ($3,500 - $7,000)",1225,57,24668,11,0,No,0,Travel_Frequently,1,Near (1-5 mi),3,3 - High,1,1 - Low,4,4 - Very High,2,2 - Good,2,3,3 - Excellent,20,4,3-5 Years,3,1,3,2,7,No,0
94,29,Under 30,Male,Married,Research & Development,Research Scientist,1,3,3 - Bachelor,Life Sciences,2703,"Low (<$3,500)",1328,76,4956,23,1,No,0,Travel_Rarely,2,Near (1-5 mi),2,2 - Medium,3,3 - High,4,4 - Very High,3,3 - Better,3,4,4 - Outstanding,6,5,3-5 Years,4,0,4,3,0,No,0
95,31,30-39,Male,Single,Research & Development,Research Scientist,1,4,4 - Master,Medical,2501,"Low (<$3,500)",1082,87,18775,17,0,No,0,Travel_Rarely,1,Near (1-5 mi),2,2 - Medium,3,3 - High,2,2 - Medium,3,3 - Better,3,3,3 - Excellent,1,1,1-2 Years,1,1,0,4,1,No,0
96,32,30-39,Male,Married,Research & Development,Research Scientist,2,3,3 - Bachelor,Life Sciences,6220,"Mid ($3,500 - $7,000)",548,66,7346,17,2,No,0,Travel_Rarely,1,Near (1-5 mi),2,2 - Medium,2,2 - Medium,2,2 - Medium,3,3 - Better,3,3,3 - Excellent,10,10,6-10 Years,4,0,9,3,1,No,0
97,36,30-39,Female,Married,Research & Development,Laboratory Technician,1,3,3 - Bachelor,Life Sciences,3038,"Low (<$3,500)",132,55,22002,12,0,No,0,Travel_Rarely,6,Moderate (6-15 mi),4,4 - Very High,2,2 - Medium,2,2 - Medium,3,3 - Better,4,3,3 - Excellent,5,1,1-2 Years,0,0,0,3,3,No,0
98,31,30-39,Female,Single,Research & Development,Manufacturing Director,2,4,4 - Master,Life Sciences,4424,"Mid ($3,500 - $7,000)",746,61,20682,23,0,No,0,Travel_Rarely,8,Moderate (6-15 mi),4,4 - Very High,3,3 - High,4,4 - Very High,3,3 - Better,3,4,4 - Outstanding,11,11,10+ Years,7,1,8,2,1,No,0
100,35,30-39,Male,Single,Sales,Sales Executive,2,4,4 - Master,Marketing,4312,"Mid ($3,500 - $7,000)",776,32,23016,14,0,No,0,Travel_Rarely,1,Near (1-5 mi),1,1 - Low,3,3 - High,2,2 - Medium,3,3 - Better,2,3,3 - Excellent,16,15,10+ Years,13,2,8,2,0,No,0
101,45,40-49,Male,Married,Research & Development,Research Director,3,4,4 - Master,Other,13245,"Executive (>$12,000)",193,52,15067,14,0,Yes,1,Travel_Rarely,6,Moderate (6-15 mi),1,1 - Low,4,4 - Very High,2,2 - Medium,4,4 - Best,3,3,3 - Excellent,17,0,< 1 Year,0,0,0,3,4,No,0
102,37,30-39,Male,Single,Research & Development,Research Director,3,4,4 - Master,Medical,13664,"Executive (>$12,000)",397,30,25258,13,0,No,0,Travel_Rarely,7,Moderate (6-15 mi),3,3 - High,1,1 - Low,1,1 - Low,4,4 - Best,3,3,3 - Excellent,16,5,3-5 Years,2,0,2,3,4,No,0
103,46,40-49,Male,Divorced,Human Resources,Human Resources,2,2,2 - College,Medical,5021,"Mid ($3,500 - $7,000)",945,80,10425,22,1,Yes,1,Travel_Rarely,5,Near (1-5 mi),2,2 - Medium,2,2 - Medium,4,4 - Very High,3,3 - Better,3,4,4 - Outstanding,16,4,3-5 Years,2,0,2,2,8,No,0
104,30,30-39,Male,Married,Research & Development,Laboratory Technician,2,1,1 - Below College,Life Sciences,5126,"Mid ($3,500 - $7,000)",852,55,15998,12,2,Yes,1,Travel_Rarely,1,Near (1-5 mi),4,4 - Very High,4,4 - Very High,3,3 - High,2,2 - Good,2,3,3 - Excellent,10,10,6-10 Years,8,3,0,1,1,No,0
105,35,30-39,Male,Single,Research & Development,Research Scientist,1,3,3 - Bachelor,Medical,2859,"Low (<$3,500)",1214,30,26278,18,0,No,0,Travel_Rarely,1,Near (1-5 mi),3,3 - High,2,2 - Medium,1,1 - Low,3,3 - Better,2,3,3 - Excellent,6,6,6-10 Years,4,0,4,3,1,No,0
106,55,50+,Male,Married,Sales,Sales Executive,3,2,2 - College,Life Sciences,10239,"High ($7,001 - $12,000)",111,70,18092,14,1,No,0,Travel_Rarely,1,Near (1-5 mi),4,4 - Very High,1,1 - Low,4,4 - Very High,3,3 - Better,3,3,3 - Excellent,24,1,1-2 Years,0,1,0,4,3,No,0
107,38,30-39,Female,Divorced,Research & Development,Research Scientist,2,3,3 - Bachelor,Medical,5329,"Mid ($3,500 - $7,000)",573,79,15717,12,3,Yes,1,Non-Travel,6,Moderate (6-15 mi),4,4 - Very High,2,2 - Medium,4,4 - Very High,3,3 - Better,1,3,3 - Excellent,17,13,10+ Years,11,1,9,3,7,No,0
110,34,30-39,Male,Married,Research & Development,Manufacturing Director,2,2,2 - College,Medical,4325,"Mid ($3,500 - $7,000)",1153,94,17736,15,0,No,0,Travel_Rarely,1,Near (1-5 mi),2,2 - Medium,1,1 - Low,3,3 - High,3,3 - Better,3,3,3 - Excellent,5,5,3-5 Years,2,1,3,2,1,No,0
112,56,50+,Male,Single,Research & Development,Manufacturing Director,3,3,3 - Bachelor,Life Sciences,7260,"High ($7,001 - $12,000)",1400,49,21698,11,0,No,0,Travel_Rarely,7,Moderate (6-15 mi),4,4 - Very High,4,4 - Very High,1,1 - Low,2,2 - Good,1,3,3 - Excellent,37,6,6-10 Years,4,0,2,3,4,No,0
113,23,Under 30,Male,Divorced,Sales,Sales Representative,1,1,1 - Below College,Technical Degree,2322,"Low (<$3,500)",541,62,9518,13,1,No,0,Travel_Rarely,2,Near (1-5 mi),1,1 - Low,3,3 - High,3,3 - High,3,3 - Better,3,3,3 - Excellent,3,0,< 1 Year,0,0,0,3,3,No,0
116,51,50+,Male,Married,Research & Development,Laboratory Technician,1,4,4 - Master,Life Sciences,2075,"Low (<$3,500)",432,96,18725,23,2,No,0,Travel_Rarely,9,Moderate (6-15 mi),4,4 - Very High,4,4 - Very High,2,2 - Medium,3,3 - Better,3,4,4 - Outstanding,10,4,3-5 Years,2,0,3,4,3,No,0
117,30,30-39,Male,Married,Research & Development,Healthcare Representative,2,3,3 - Bachelor,Life Sciences,4152,"Mid ($3,500 - $7,000)",288,99,15830,19,3,No,0,Travel_Rarely,2,Near (1-5 mi),4,4 - Very High,3,3 - High,1,1 - Low,3,3 - Better,2,3,3 - Excellent,11,11,10+ Years,10,10,8,3,1,No,0
118,46,40-49,Male,Single,Sales,Sales Executive,3,2,2 - College,Medical,9619,"High ($7,001 - $12,000)",669,64,13596,16,0,No,0,Travel_Rarely,9,Moderate (6-15 mi),4,4 - Very High,3,3 - High,4,4 - Very High,3,3 - Better,2,3,3 - Excellent,9,9,6-10 Years,8,4,7,3,1,Yes,1
119,40,40-49,Male,Married,Research & Development,Healthcare Representative,4,4,4 - Master,Life Sciences,13503,"Executive (>$12,000)",530,78,14115,22,1,No,0,Travel_Frequently,1,Near (1-5 mi),2,2 - Medium,3,3 - High,4,4 - Very High,2,2 - Good,2,4,4 - Outstanding,22,22,10+ Years,3,11,11,3,1,No,0
120,51,50+,Male,Single,Sales,Sales Executive,2,4,4 - Master,Marketing,5441,"Mid ($3,500 - $7,000)",632,71,8423,22,0,Yes,1,Travel_Rarely,21,Far (16-25 mi),4,4 - Very High,3,3 - High,4,4 - Very High,1,1 - Bad,3,4,4 - Outstanding,11,10,6-10 Years,7,1,0,2,0,No,0
121,30,30-39,Female,Divorced,Sales,Sales Executive,2,2,2 - College,Medical,5209,"Mid ($3,500 - $7,000)",1334,63,19760,12,3,Yes,1,Travel_Rarely,4,Near (1-5 mi),2,2 - Medium,3,3 - High,2,2 - Medium,2,2 - Good,2,3,3 - Excellent,11,11,10+ Years,8,2,7,4,1,No,0
124,46,40-49,Male,Married,Research & Development,Healthcare Representative,3,3,3 - Bachelor,Medical,10673,"High ($7,001 - $12,000)",638,40,3142,13,1,Yes,1,Travel_Frequently,1,Near (1-5 mi),1,1 - Low,3,3 - High,3,3 - High,2,2 - Good,2,3,3 - Excellent,21,10,6-10 Years,9,9,5,5,2,No,0
125,32,30-39,Male,Single,Sales,Sales Executive,2,4,4 - Master,Medical,5010,"Mid ($3,500 - $7,000)",1093,87,24301,16,0,No,0,Travel_Rarely,6,Moderate (6-15 mi),3,3 - High,2,2 - Medium,1,1 - Low,3,3 - Better,3,3,3 - Excellent,12,11,10+ Years,8,5,7,0,1,No,0
126,54,50+,Female,Married,Research & Development,Research Director,3,4,4 - Master,Technical Degree,13549,"Executive (>$12,000)",1217,60,24001,12,1,No,0,Travel_Rarely,2,Near (1-5 mi),3,3 - High,1,1 - Low,1,1 - Low,1,1 - Bad,3,3,3 - Excellent,16,4,3-5 Years,3,0,3,5,9,No,0
128,24,Under 30,Female,Married,Sales,Sales Executive,2,2,2 - College,Other,4999,"Mid ($3,500 - $7,000)",1353,33,17519,21,1,No,0,Travel_Rarely,3,Near (1-5 mi),3,3 - High,1,1 - Low,1,1 - Low,2,2 - Good,3,4,4 - Outstanding,4,3,3-5 Years,2,0,2,2,0,No,0
129,28,Under 30,Male,Married,Sales,Sales Executive,2,3,3 - Bachelor,Medical,4221,"Mid ($3,500 - $7,000)",120,43,8863,15,0,No,0,Non-Travel,4,Near (1-5 mi),3,3 - High,2,2 - Medium,2,2 - Medium,4,4 - Best,3,3,3 - Excellent,5,5,3-5 Years,4,0,4,3,1,No,0
131,58,50+,Male,Single,Sales,Sales Executive,4,4,4 - Master,Medical,13872,"Executive (>$12,000)",682,37,24409,13,0,No,0,Travel_Rarely,10,Moderate (6-15 mi),3,3 - High,4,4 - Very High,3,3 - High,2,2 - Good,3,3,3 - Excellent,38,37,10+ Years,10,1,8,1,0,No,0
132,44,40-49,Male,Married,Research & Development,Laboratory Technician,2,3,3 - Bachelor,Medical,2042,"Low (<$3,500)",489,67,25043,12,1,No,0,Non-Travel,23,Far (16-25 mi),2,2 - Medium,2,2 - Medium,3,3 - High,4,4 - Best,3,3,3 - Excellent,17,3,3-5 Years,2,1,2,3,4,No,0
133,37,30-39,Male,Divorced,Human Resources,Human Resources,1,4,4 - Master,Human Resources,2073,"Low (<$3,500)",807,63,23648,22,0,Yes,1,Travel_Rarely,6,Moderate (6-15 mi),1,1 - Low,3,3 - High,4,4 - Very High,3,3 - Better,3,4,4 - Outstanding,7,3,3-5 Years,2,0,2,3,4,Yes,1
134,32,30-39,Male,Single,Research & Development,Research Scientist,1,1,1 - Below College,Life Sciences,2956,"Low (<$3,500)",827,71,15178,13,0,No,0,Travel_Rarely,1,Near (1-5 mi),1,1 - Low,4,4 - Very High,4,4 - Very High,3,3 - Better,3,3,3 - Excellent,1,1,1-2 Years,0,0,0,2,1,No,0
137,20,Under 30,Female,Single,Research & Development,Laboratory Technician,1,3,3 - Bachelor,Life Sciences,2926,"Low (<$3,500)",871,66,19783,18,0,Yes,1,Travel_Frequently,6,Moderate (6-15 mi),4,4 - Very High,4,4 - Very High,2,2 - Medium,3,3 - Better,2,3,3 - Excellent,1,1,1-2 Years,0,1,0,5,1,Yes,1
138,34,30-39,Female,Single,Research & Development,Research Scientist,2,4,4 - Master,Other,4809,"Mid ($3,500 - $7,000)",665,41,12482,14,0,No,0,Travel_Rarely,6,Moderate (6-15 mi),3,3 - High,1,1 - Low,3,3 - High,3,3 - Better,3,3,3 - Excellent,16,16,10+ Years,13,2,10,3,1,No,0
139,37,30-39,Male,Divorced,Research & Development,Healthcare Representative,2,2,2 - College,Life Sciences,5163,"Mid ($3,500 - $7,000)",1040,100,15850,14,1,No,0,Non-Travel,2,Near (1-5 mi),4,4 - Very High,3,3 - High,4,4 - Very High,4,4 - Best,2,3,3 - Excellent,17,1,1-2 Years,0,0,0,2,5,No,0
140,59,50+,Female,Married,Human Resources,Manager,5,4,4 - Master,Human Resources,18844,"Executive (>$12,000)",1420,32,21922,21,1,No,0,Non-Travel,2,Near (1-5 mi),4,4 - Very High,3,3 - High,4,4 - Very High,3,3 - Better,2,4,4 - Outstanding,30,3,3-5 Years,2,2,2,3,9,No,0
141,50,50+,Female,Married,Research & Development,Research Director,5,3,3 - Bachelor,Life Sciences,18172,"Executive (>$12,000)",1115,73,9755,19,0,Yes,1,Travel_Frequently,1,Near (1-5 mi),2,2 - Medium,1,1 - Low,1,1 - Low,2,2 - Good,3,3,3 - Excellent,28,8,6-10 Years,3,0,7,1,3,No,0
142,25,Under 30,Male,Single,Sales,Sales Executive,2,3,3 - Bachelor,Marketing,5744,"Mid ($3,500 - $7,000)",240,46,26959,11,0,Yes,1,Travel_Rarely,5,Near (1-5 mi),3,3 - High,3,3 - High,4,4 - Very High,3,3 - Better,2,3,3 - Excellent,6,6,6-10 Years,4,0,3,1,1,Yes,1
143,25,Under 30,Male,Married,Research & Development,Research Scientist,1,1,1 - Below College,Medical,2889,"Low (<$3,500)",1280,64,26897,11,2,No,0,Travel_Rarely,7,Moderate (6-15 mi),4,4 - Very High,4,4 - Very High,3,3 - High,3,3 - Better,2,3,3 - Excellent,2,2,1-2 Years,2,2,1,2,1,No,0
144,22,Under 30,Female,Single,Research & Development,Laboratory Technician,1,3,3 - Bachelor,Medical,2871,"Low (<$3,500)",534,59,23785,15,0,No,0,Travel_Rarely,15,Moderate (6-15 mi),4,4 - Very High,2,2 - Medium,3,3 - High,3,3 - Better,3,3,3 - Excellent,1,0,< 1 Year,0,0,0,5,1,No,0
145,51,50+,Female,Single,Research & Development,Healthcare Representative,3,4,4 - Master,Medical,7484,"High ($7,001 - $12,000)",1456,30,25796,20,0,No,0,Travel_Frequently,1,Near (1-5 mi),1,1 - Low,1,1 - Low,3,3 - High,2,2 - Good,2,4,4 - Outstanding,23,13,10+ Years,12,12,8,1,3,No,0
147,34,30-39,Male,Single,Research & Development,Laboratory Technician,2,3,3 - Bachelor,Life Sciences,6074,"Mid ($3,500 - $7,000)",658,66,22887,24,0,Yes,1,Travel_Frequently,7,Moderate (6-15 mi),3,3 - High,1,1 - Low,4,4 - Very High,3,3 - Better,1,4,4 - Outstanding,9,9,6-10 Years,7,0,6,3,1,Yes,1
148,54,50+,Female,Single,Human Resources,Manager,4,3,3 - Bachelor,Human Resources,17328,"Executive (>$12,000)",142,30,13871,12,0,Yes,1,Non-Travel,26,Very Far (26+ mi),4,4 - Very High,4,4 - Very High,3,3 - High,3,3 - Better,4,3,3 - Excellent,23,5,3-5 Years,3,4,4,3,2,No,0
150,24,Under 30,Male,Married,Research & Development,Laboratory Technician,1,1,1 - Below College,Life Sciences,2774,"Low (<$3,500)",1127,52,13257,12,1,No,0,Travel_Rarely,18,Far (16-25 mi),3,3 - High,2,2 - Medium,3,3 - High,3,3 - Better,3,3,3 - Excellent,6,5,3-5 Years,3,1,2,2,0,No,0
151,34,30-39,Female,Divorced,Research & Development,Research Scientist,2,4,4 - Master,Life Sciences,4505,"Mid ($3,500 - $7,000)",1031,45,15000,15,1,No,0,Travel_Rarely,6,Moderate (6-15 mi),2,2 - Medium,3,3 - High,3,3 - High,3,3 - Better,2,3,3 - Excellent,12,1,1-2 Years,0,0,0,3,6,No,0
152,37,30-39,Male,Single,Sales,Sales Executive,3,3,3 - Bachelor,Life Sciences,7428,"High ($7,001 - $12,000)",1189,87,14506,12,0,No,0,Travel_Rarely,3,Near (1-5 mi),4,4 - Very High,3,3 - High,1,1 - Low,3,3 - Better,3,3,3 - Excellent,12,5,3-5 Years,3,1,3,3,2,No,0
153,34,30-39,Female,Single,Research & Development,Manager,3,3,3 - Bachelor,Medical,11631,"High ($7,001 - $12,000)",1354,45,5615,12,0,No,0,Travel_Rarely,5,Near (1-5 mi),1,1 - Low,3,3 - High,4,4 - Very High,3,3 - Better,2,3,3 - Excellent,14,11,10+ Years,10,5,8,6,2,No,0
154,36,30-39,Female,Married,Sales,Sales Executive,3,2,2 - College,Technical Degree,9738,"High ($7,001 - $12,000)",1467,92,22952,14,1,No,0,Travel_Frequently,11,Moderate (6-15 mi),4,4 - Very High,2,2 - Medium,3,3 - High,3,3 - Better,3,3,3 - Excellent,10,9,6-10 Years,7,2,8,6,0,No,0
155,36,30-39,Female,Divorced,Research & Development,Laboratory Technician,1,2,2 - College,Life Sciences,2835,"Low (<$3,500)",922,39,2561,22,1,No,0,Travel_Rarely,3,Near (1-5 mi),4,4 - Very High,1,1 - Low,1,1 - Low,3,3 - Better,3,4,4 - Outstanding,7,1,1-2 Years,0,0,0,2,5,No,0
158,43,40-49,Male,Married,Sales,Manager,4,2,2 - College,Life Sciences,16959,"Executive (>$12,000)",394,92,19494,12,2,Yes,1,Travel_Frequently,26,Very Far (26+ mi),4,4 - Very High,3,3 - High,4,4 - Very High,4,4 - Best,3,3,3 - Excellent,25,25,10+ Years,12,4,12,3,1,No,0
159,30,30-39,Male,Divorced,Research & Development,Research Scientist,1,3,3 - Bachelor,Life Sciences,2613,"Low (<$3,500)",1312,96,22310,25,3,No,0,Travel_Frequently,23,Far (16-25 mi),3,3 - High,1,1 - Low,3,3 - High,2,2 - Good,1,4,4 - Outstanding,10,10,6-10 Years,7,0,9,2,1,No,0
160,33,30-39,Male,Married,Sales,Sales Executive,2,2,2 - College,Marketing,6146,"Mid ($3,500 - $7,000)",750,95,15480,13,1,No,0,Non-Travel,22,Far (16-25 mi),2,2 - Medium,3,3 - High,1,1 - Low,4,4 - Best,3,3,3 - Excellent,8,7,6-10 Years,7,0,7,2,0,No,0
161,56,50+,Female,Married,Research & Development,Research Scientist,1,4,4 - Master,Life Sciences,4963,"Mid ($3,500 - $7,000)",441,72,4510,18,3,Yes,1,Travel_Rarely,14,Moderate (6-15 mi),2,2 - Medium,2,2 - Medium,1,1 - Low,3,3 - Better,3,3,3 - Excellent,7,5,3-5 Years,4,4,3,2,9,Yes,1
162,51,50+,Male,Single,Research & Development,Research Director,5,3,3 - Bachelor,Life Sciences,19537,"Executive (>$12,000)",684,51,6462,13,0,No,0,Travel_Rarely,6,Moderate (6-15 mi),3,3 - High,1,1 - Low,3,3 - High,3,3 - Better,3,3,3 - Excellent,23,20,10+ Years,18,15,15,5,7,No,0
163,31,30-39,Male,Married,Sales,Sales Executive,2,4,4 - Master,Life Sciences,6172,"Mid ($3,500 - $7,000)",249,76,20739,18,0,Yes,1,Travel_Rarely,6,Moderate (6-15 mi),3,3 - High,2,2 - Medium,2,2 - Medium,2,2 - Good,1,3,3 - Excellent,12,7,6-10 Years,7,7,7,3,4,Yes,1
164,26,Under 30,Female,Married,Research & Development,Research Scientist,1,3,3 - Bachelor,Other,2368,"Low (<$3,500)",841,46,23300,19,0,No,0,Travel_Rarely,6,Moderate (6-15 mi),2,2 - Medium,3,3 - High,3,3 - High,2,2 - Good,2,3,3 - Excellent,5,5,3-5 Years,4,4,3,3,1,No,0
165,58,50+,Female,Married,Research & Development,Healthcare Representative,3,4,4 - Master,Medical,10312,"High ($7,001 - $12,000)",147,94,3465,12,1,No,0,Travel_Rarely,23,Far (16-25 mi),4,4 - Very High,4,4 - Very High,4,4 - Very High,2,2 - Good,3,3,3 - Excellent,40,40,10+ Years,10,15,6,3,1,Yes,1
167,19,Under 30,Male,Single,Sales,Sales Representative,1,1,1 - Below College,Marketing,1675,"Low (<$3,500)",528,50,26820,19,0,Yes,1,Travel_Rarely,22,Far (16-25 mi),3,3 - High,4,4 - Very High,4,4 - Very High,2,2 - Good,3,3,3 - Excellent,0,0,< 1 Year,0,0,0,2,1,Yes,1
169,22,Under 30,Male,Married,Research & Development,Laboratory Technician,1,1,1 - Below College,Technical Degree,2523,"Low (<$3,500)",594,100,19299,14,1,No,0,Travel_Rarely,2,Near (1-5 mi),4,4 - Very High,3,3 - High,3,3 - High,3,3 - Better,3,3,3 - Excellent,3,2,1-2 Years,1,2,1,2,0,No,0
170,49,40-49,Female,Married,Research & Development,Manufacturing Director,2,4,4 - Master,Medical,6567,"Mid ($3,500 - $7,000)",470,96,5549,14,0,No,0,Travel_Rarely,20,Far (16-25 mi),1,1 - Low,3,3 - High,3,3 - High,2,2 - Good,3,3,3 - Excellent,16,15,10+ Years,11,5,11,2,1,No,0
171,43,40-49,Female,Single,Research & Development,Research Scientist,1,3,3 - Bachelor,Medical,4739,"Mid ($3,500 - $7,000)",957,72,16090,12,0,No,0,Travel_Frequently,28,Very Far (26+ mi),3,3 - High,2,2 - Medium,4,4 - Very High,3,3 - Better,4,3,3 - Excellent,18,3,3-5 Years,2,1,2,2,4,No,0
174,50,50+,Female,Single,Sales,Sales Executive,3,3,3 - Bachelor,Marketing,9208,"High ($7,001 - $12,000)",809,77,6645,11,0,No,0,Travel_Frequently,12,Moderate (6-15 mi),4,4 - Very High,3,3 - High,4,4 - Very High,3,3 - Better,3,3,3 - Excellent,16,2,1-2 Years,2,2,1,3,4,No,0
175,31,30-39,Female,Married,Sales,Sales Executive,2,3,3 - Bachelor,Life Sciences,4559,"Mid ($3,500 - $7,000)",542,71,24788,11,1,Yes,1,Travel_Rarely,20,Far (16-25 mi),3,3 - High,2,2 - Medium,3,3 - High,3,3 - Better,1,3,3 - Excellent,4,2,1-2 Years,2,2,2,2,3,Yes,1
176,41,40-49,Male,Divorced,Sales,Sales Executive,3,1,1 - Below College,Life Sciences,8189,"High ($7,001 - $12,000)",802,96,21196,13,1,Yes,1,Travel_Rarely,9,Moderate (6-15 mi),3,3 - High,3,3 - High,3,3 - High,3,3 - Better,3,3,3 - Excellent,12,9,6-10 Years,7,0,7,2,3,No,0
177,26,Under 30,Female,Married,Human Resources,Human Resources,1,1,1 - Below College,Life Sciences,2942,"Low (<$3,500)",1355,61,8916,23,1,No,0,Travel_Rarely,25,Far (16-25 mi),3,3 - High,3,3 - High,4,4 - Very High,3,3 - Better,3,4,4 - Outstanding,8,8,6-10 Years,7,5,7,3,1,No,0
178,36,30-39,Male,Divorced,Research & Development,Manufacturing Director,2,2,2 - College,Medical,4941,"Mid ($3,500 - $7,000)",216,84,2819,20,2,No,0,Travel_Rarely,6,Moderate (6-15 mi),2,2 - Medium,2,2 - Medium,4,4 - Very High,3,3 - Better,3,4,4 - Outstanding,7,3,3-5 Years,2,0,1,0,6,No,0
179,51,50+,Male,Single,Research & Development,Manufacturing Director,3,4,4 - Master,Life Sciences,10650,"High ($7,001 - $12,000)",1150,53,25150,15,0,No,0,Travel_Frequently,8,Moderate (6-15 mi),4,4 - Very High,1,1 - Low,4,4 - Very High,3,3 - Better,1,3,3 - Excellent,18,4,3-5 Years,2,0,3,2,2,Yes,1
182,39,30-39,Female,Married,Sales,Sales Executive,2,4,4 - Master,Life Sciences,5902,"Mid ($3,500 - $7,000)",1329,47,14590,14,1,No,0,Travel_Rarely,4,Near (1-5 mi),3,3 - High,4,4 - Very High,3,3 - High,4,4 - Best,2,3,3 - Excellent,17,15,10+ Years,11,5,9,1,4,No,0
183,25,Under 30,Male,Married,Sales,Sales Executive,2,3,3 - Bachelor,Life Sciences,8639,"High ($7,001 - $12,000)",959,41,24835,18,0,No,0,Travel_Rarely,28,Very Far (26+ mi),3,3 - High,1,1 - Low,4,4 - Very High,3,3 - Better,2,3,3 - Excellent,6,2,1-2 Years,2,2,2,3,2,No,0
184,30,30-39,Male,Married,Human Resources,Human Resources,2,3,3 - Bachelor,Human Resources,6347,"Mid ($3,500 - $7,000)",1240,48,13982,19,0,Yes,1,Travel_Rarely,9,Moderate (6-15 mi),4,4 - Very High,3,3 - High,4,4 - Very High,1,1 - Bad,3,3,3 - Excellent,12,11,10+ Years,9,4,7,2,0,No,0
190,32,30-39,Female,Single,Research & Development,Laboratory Technician,1,3,3 - Bachelor,Medical,4200,"Mid ($3,500 - $7,000)",1033,41,10224,22,0,No,0,Travel_Rarely,9,Moderate (6-15 mi),1,1 - Low,1,1 - Low,1,1 - Low,4,4 - Best,3,4,4 - Outstanding,10,5,3-5 Years,4,0,4,2,7,Yes,1
192,45,40-49,Male,Single,Research & Development,Research Scientist,1,3,3 - Bachelor,Medical,3452,"Low (<$3,500)",1316,83,9752,13,0,No,0,Travel_Rarely,29,Very Far (26+ mi),4,4 - Very High,3,3 - High,2,2 - Medium,2,2 - Good,3,3,3 - Excellent,9,6,6-10 Years,5,0,3,2,5,No,0
193,38,30-39,Female,Single,Research & Development,Research Scientist,2,5,5 - Doctor,Technical Degree,4317,"Mid ($3,500 - $7,000)",364,32,2302,20,0,Yes,1,Travel_Rarely,3,Near (1-5 mi),3,3 - High,4,4 - Very High,2,2 - Medium,3,3 - Better,3,4,4 - Outstanding,19,3,3-5 Years,2,2,2,2,3,No,0
194,30,30-39,Female,Single,Research & Development,Research Scientist,1,3,3 - Bachelor,Life Sciences,2632,"Low (<$3,500)",438,75,23910,14,0,No,0,Travel_Rarely,18,Far (16-25 mi),3,3 - High,1,1 - Low,3,3 - High,2,2 - Good,3,3,3 - Excellent,5,5,3-5 Years,4,0,4,4,1,No,0
195,32,30-39,Male,Divorced,Sales,Sales Executive,2,2,2 - College,Medical,4668,"Mid ($3,500 - $7,000)",689,35,22812,17,3,No,0,Travel_Frequently,9,Moderate (6-15 mi),4,4 - Very High,4,4 - Very High,4,4 - Very High,4,4 - Best,1,3,3 - Excellent,9,8,6-10 Years,7,0,7,2,0,No,0
197,30,30-39,Female,Divorced,Research & Development,Research Scientist,1,3,3 - Bachelor,Technical Degree,3204,"Low (<$3,500)",201,84,10415,14,1,No,0,Travel_Rarely,5,Near (1-5 mi),1,1 - Low,4,4 - Very High,4,4 - Very High,3,3 - Better,3,3,3 - Excellent,8,3,3-5 Years,2,2,2,3,5,No,0
198,30,30-39,Male,Single,Research & Development,Laboratory Technician,1,1,1 - Below College,Medical,2720,"Low (<$3,500)",1427,35,11162,13,0,No,0,Travel_Rarely,2,Near (1-5 mi),4,4 - Very High,2,2 - Medium,4,4 - Very High,3,3 - Better,2,3,3 - Excellent,6,5,3-5 Years,3,1,2,3,0,No,0
199,41,40-49,Male,Divorced,Research & Development,Manager,4,3,3 - Bachelor,Life Sciences,17181,"Executive (>$12,000)",857,91,12888,13,1,No,0,Travel_Frequently,10,Moderate (6-15 mi),1,1 - Low,4,4 - Very High,2,2 - Medium,2,2 - Good,2,3,3 - Excellent,21,7,6-10 Years,6,7,7,2,4,No,0
200,41,40-49,Male,Married,Research & Development,Laboratory Technician,1,4,4 - Master,Life Sciences,2238,"Low (<$3,500)",933,94,6961,21,1,No,0,Travel_Rarely,9,Moderate (6-15 mi),1,1 - Low,3,3 - High,4,4 - Very High,3,3 - Better,3,4,4 - Outstanding,7,5,3-5 Years,0,1,4,2,2,No,0
201,19,Under 30,Female,Single,Research & Development,Laboratory Technician,1,1,1 - Below College,Medical,1483,"Low (<$3,500)",1181,79,16102,14,0,No,0,Travel_Rarely,3,Near (1-5 mi),2,2 - Medium,2,2 - Medium,4,4 - Very High,3,3 - Better,3,3,3 - Excellent,1,1,1-2 Years,0,0,0,3,1,No,0
202,40,40-49,Female,Divorced,Research & Development,Research Scientist,2,3,3 - Bachelor,Medical,5605,"Mid ($3,500 - $7,000)",1395,54,8504,11,1,No,0,Travel_Frequently,26,Very Far (26+ mi),2,2 - Medium,2,2 - Medium,1,1 - Low,3,3 - Better,3,3,3 - Excellent,20,20,10+ Years,7,2,13,2,1,No,0
204,35,30-39,Male,Married,Sales,Sales Executive,3,5,5 - Doctor,Marketing,7295,"High ($7,001 - $12,000)",662,94,11439,13,2,No,0,Travel_Rarely,1,Near (1-5 mi),2,2 - Medium,3,3 - High,1,1 - Low,3,3 - Better,3,3,3 - Excellent,10,10,6-10 Years,8,0,6,3,1,No,0
205,53,50+,Male,Married,Sales,Sales Representative,2,2,2 - College,Marketing,2306,"Low (<$3,500)",1436,34,16047,20,1,Yes,1,Travel_Rarely,6,Moderate (6-15 mi),3,3 - High,2,2 - Medium,4,4 - Very High,1,1 - Bad,3,4,4 - Outstanding,13,7,6-10 Years,7,4,5,3,2,No,0
206,45,40-49,Male,Divorced,Research & Development,Laboratory Technician,2,3,3 - Bachelor,Life Sciences,2348,"Low (<$3,500)",194,60,10901,18,1,No,0,Travel_Rarely,9,Moderate (6-15 mi),2,2 - Medium,2,2 - Medium,3,3 - High,1,1 - Bad,3,3,3 - Excellent,20,17,10+ Years,9,0,15,2,8,No,0
207,32,30-39,Female,Single,Sales,Sales Executive,3,3,3 - Bachelor,Marketing,8998,"High ($7,001 - $12,000)",967,43,15589,14,0,No,0,Travel_Frequently,8,Moderate (6-15 mi),4,4 - Very High,2,2 - Medium,4,4 - Very High,3,3 - Better,3,3,3 - Excellent,9,9,6-10 Years,8,3,7,2,1,No,0
208,29,Under 30,Male,Married,Research & Development,Manufacturing Director,2,1,1 - Below College,Technical Degree,4319,"Mid ($3,500 - $7,000)",1496,41,26283,13,1,No,0,Non-Travel,1,Near (1-5 mi),3,3 - High,4,4 - Very High,1,1 - Low,3,3 - Better,3,3,3 - Excellent,10,10,6-10 Years,7,0,9,1,1,No,0
211,51,50+,Male,Married,Research & Development,Manufacturing Director,2,4,4 - Master,Medical,6132,"Mid ($3,500 - $7,000)",1169,34,13983,17,0,No,0,Travel_Rarely,7,Moderate (6-15 mi),3,3 - High,2,2 - Medium,3,3 - High,3,3 - Better,2,3,3 - Excellent,10,1,1-2 Years,0,0,0,2,2,No,0
214,58,50+,Female,Married,Research & Development,Research Scientist,1,3,3 - Bachelor,Medical,3346,"Low (<$3,500)",1145,75,11873,20,1,Yes,1,Travel_Rarely,9,Moderate (6-15 mi),2,2 - Medium,2,2 - Medium,2,2 - Medium,2,2 - Good,2,4,4 - Outstanding,9,1,1-2 Years,0,0,0,3,4,No,0
215,40,40-49,Male,Married,Sales,Sales Executive,3,4,4 - Master,Marketing,10855,"High ($7,001 - $12,000)",630,67,8552,11,1,No,0,Travel_Rarely,4,Near (1-5 mi),4,4 - Very High,3,3 - High,1,1 - Low,2,2 - Good,2,3,3 - Excellent,15,12,10+ Years,11,2,11,2,7,No,0
216,34,30-39,Female,Married,Sales,Sales Representative,1,4,4 - Master,Marketing,2231,"Low (<$3,500)",303,75,11314,18,1,No,0,Travel_Frequently,2,Near (1-5 mi),3,3 - High,3,3 - High,4,4 - Very High,3,3 - Better,3,3,3 - Excellent,6,4,3-5 Years,3,1,2,3,6,No,0
217,22,Under 30,Male,Married,Research & Development,Research Scientist,1,1,1 - Below College,Medical,2323,"Low (<$3,500)",1256,80,11992,24,2,No,0,Travel_Rarely,19,Far (16-25 mi),4,4 - Very High,3,3 - High,1,1 - Low,3,3 - Better,3,4,4 - Outstanding,2,2,1-2 Years,2,2,2,6,1,No,0
218,27,Under 30,Male,Divorced,Research & Development,Research Scientist,1,3,3 - Bachelor,Medical,2024,"Low (<$3,500)",691,57,5970,18,1,No,0,Non-Travel,9,Moderate (6-15 mi),2,2 - Medium,4,4 - Very High,4,4 - Very High,1,1 - Bad,3,3,3 - Excellent,6,2,1-2 Years,2,2,2,1,6,No,0
221,28,Under 30,Male,Married,Research & Development,Research Scientist,1,3,3 - Bachelor,Medical,2713,"Low (<$3,500)",440,42,6672,11,1,No,0,Travel_Rarely,21,Far (16-25 mi),4,4 - Very High,3,3 - High,3,3 - High,1,1 - Bad,3,3,3 - Excellent,5,5,3-5 Years,2,0,2,2,1,No,0
223,57,50+,Male,Divorced,Research & Development,Healthcare Representative,3,2,2 - College,Life Sciences,9439,"High ($7,001 - $12,000)",334,83,23402,16,1,Yes,1,Travel_Rarely,24,Far (16-25 mi),4,4 - Very High,3,3 - High,2,2 - Medium,1,1 - Bad,4,3,3 - Excellent,12,5,3-5 Years,3,1,4,2,3,No,0
224,27,Under 30,Male,Divorced,Research & Development,Research Scientist,1,3,3 - Bachelor,Medical,2566,"Low (<$3,500)",1450,79,25326,15,1,Yes,1,Non-Travel,3,Near (1-5 mi),3,3 - High,3,3 - High,4,4 - Very High,2,2 - Good,2,3,3 - Excellent,1,1,1-2 Years,1,0,1,2,1,No,0
226,50,50+,Female,Single,Research & Development,Manager,5,3,3 - Bachelor,Life Sciences,19926,"Executive (>$12,000)",1452,53,17053,15,0,No,0,Travel_Rarely,11,Moderate (6-15 mi),2,2 - Medium,3,3 - High,2,2 - Medium,3,3 - Better,3,3,3 - Excellent,21,5,3-5 Years,4,4,4,5,3,No,0
227,41,40-49,Male,Divorced,Research & Development,Research Scientist,1,3,3 - Bachelor,Life Sciences,2451,"Low (<$3,500)",465,56,4609,12,1,No,0,Travel_Rarely,14,Moderate (6-15 mi),3,3 - High,1,1 - Low,1,1 - Low,3,3 - Better,3,3,3 - Excellent,13,9,6-10 Years,8,1,8,2,4,No,0
228,30,30-39,Female,Married,Sales,Sales Executive,3,3,3 - Bachelor,Life Sciences,9419,"High ($7,001 - $12,000)",1339,41,8053,12,1,No,0,Travel_Rarely,5,Near (1-5 mi),4,4 - Very High,2,2 - Medium,3,3 - High,3,3 - Better,3,3,3 - Excellent,12,10,6-10 Years,9,7,4,2,2,No,0
230,38,30-39,Female,Single,Sales,Sales Executive,2,4,4 - Master,Life Sciences,8686,"High ($7,001 - $12,000)",702,59,12930,22,0,No,0,Travel_Rarely,1,Near (1-5 mi),4,4 - Very High,1,1 - Low,3,3 - High,4,4 - Best,2,4,4 - Outstanding,12,8,6-10 Years,3,0,7,2,4,No,0
231,32,30-39,Male,Single,Research & Development,Research Scientist,1,5,5 - Doctor,Life Sciences,3038,"Low (<$3,500)",120,43,12430,20,0,No,0,Travel_Rarely,6,Moderate (6-15 mi),3,3 - High,3,3 - High,1,1 - Low,3,3 - Better,3,4,4 - Outstanding,8,5,3-5 Years,4,1,4,2,3,No,0
233,27,Under 30,Male,Married,Research & Development,Research Scientist,1,3,3 - Bachelor,Technical Degree,3058,"Low (<$3,500)",1157,51,13364,16,1,Yes,1,Travel_Rarely,17,Far (16-25 mi),2,2 - Medium,3,3 - High,4,4 - Very High,2,2 - Good,3,3,3 - Excellent,6,5,3-5 Years,2,1,1,3,0,No,0
235,19,Under 30,Female,Single,Sales,Sales Representative,1,1,1 - Below College,Technical Degree,2325,"Low (<$3,500)",602,100,20989,21,0,No,0,Travel_Frequently,1,Near (1-5 mi),1,1 - Low,3,3 - High,1,1 - Low,4,4 - Best,1,4,4 - Outstanding,1,0,< 1 Year,0,0,0,5,0,Yes,1
238,36,30-39,Male,Single,Research & Development,Laboratory Technician,1,2,2 - College,Medical,2088,"Low (<$3,500)",1480,30,15062,12,0,No,0,Travel_Frequently,3,Near (1-5 mi),2,2 - Medium,4,4 - Very High,3,3 - High,2,2 - Good,3,3,3 - Excellent,13,8,6-10 Years,7,7,2,3,4,No,0
239,30,30-39,Male,Divorced,Research & Development,Laboratory Technician,2,3,3 - Bachelor,Medical,3072,"Low (<$3,500)",111,66,11012,11,2,No,0,Non-Travel,9,Moderate (6-15 mi),1,1 - Low,3,3 - High,3,3 - High,3,3 - Better,3,3,3 - Excellent,12,12,10+ Years,9,6,10,4,1,No,0
240,45,40-49,Female,Divorced,Sales,Sales Executive,2,2,2 - College,Life Sciences,5006,"Mid ($3,500 - $7,000)",1268,30,6319,11,1,Yes,1,Travel_Rarely,4,Near (1-5 mi),1,1 - Low,3,3 - High,1,1 - Low,4,4 - Best,3,3,3 - Excellent,9,5,3-5 Years,4,0,3,3,4,No,0
241,56,50+,Female,Divorced,Research & Development,Research Scientist,1,3,3 - Bachelor,Life Sciences,4257,"Mid ($3,500 - $7,000)",713,67,13939,18,1,Yes,1,Travel_Rarely,8,Moderate (6-15 mi),1,1 - Low,3,3 - High,3,3 - High,3,3 - Better,3,3,3 - Excellent,19,2,1-2 Years,2,2,2,3,4,No,0
242,33,30-39,Male,Single,Research & Development,Research Scientist,1,3,3 - Bachelor,Life Sciences,2500,"Low (<$3,500)",134,90,10515,14,0,No,0,Travel_Rarely,2,Near (1-5 mi),4,4 - Very High,3,3 - High,1,1 - Low,4,4 - Best,3,3,3 - Excellent,4,3,3-5 Years,1,0,2,2,0,No,0
243,19,Under 30,Male,Single,Research & Development,Laboratory Technician,1,3,3 - Bachelor,Life Sciences,1102,"Low (<$3,500)",303,47,9241,22,0,No,0,Travel_Rarely,2,Near (1-5 mi),4,4 - Very High,2,2 - Medium,3,3 - High,2,2 - Good,2,4,4 - Outstanding,1,1,1-2 Years,0,1,0,3,1,Yes,1
244,46,40-49,Female,Divorced,Sales,Sales Executive,3,2,2 - College,Marketing,10453,"High ($7,001 - $12,000)",526,92,2137,25,3,No,0,Travel_Rarely,1,Near (1-5 mi),1,1 - Low,2,2 - Medium,3,3 - High,3,3 - Better,3,4,4 - Outstanding,24,24,10+ Years,13,15,7,2,1,No,0
245,38,30-39,Female,Single,Research & Development,Laboratory Technician,1,2,2 - College,Life Sciences,2288,"Low (<$3,500)",1380,75,6319,12,0,No,0,Travel_Rarely,9,Moderate (6-15 mi),4,4 - Very High,3,3 - High,3,3 - High,3,3 - Better,3,3,3 - Excellent,2,2,1-2 Years,2,2,1,3,1,No,0
246,31,30-39,Female,Married,Research & Development,Research Scientist,1,1,1 - Below College,Medical,3929,"Mid ($3,500 - $7,000)",140,95,6984,23,1,Yes,1,Travel_Rarely,12,Moderate (6-15 mi),4,4 - Very High,3,3 - High,3,3 - High,3,3 - Better,3,4,4 - Outstanding,7,4,3-5 Years,2,0,2,0,8,No,0
247,34,30-39,Female,Single,Research & Development,Research Scientist,1,2,2 - College,Medical,2311,"Low (<$3,500)",629,95,5711,15,0,No,0,Travel_Rarely,27,Very Far (26+ mi),2,2 - Medium,4,4 - Very High,4,4 - Very High,3,3 - Better,3,3,3 - Excellent,9,3,3-5 Years,2,1,2,3,2,No,0
248,41,40-49,Female,Single,Sales,Sales Representative,1,2,2 - College,Marketing,3140,"Low (<$3,500)",1356,70,21728,22,0,Yes,1,Travel_Rarely,20,Far (16-25 mi),2,2 - Medium,2,2 - Medium,4,4 - Very High,2,2 - Good,3,4,4 - Outstanding,4,4,3-5 Years,3,0,2,5,1,Yes,1
249,50,50+,Male,Married,Research & Development,Laboratory Technician,1,3,3 - Bachelor,Medical,3690,"Mid ($3,500 - $7,000)",328,86,3425,15,1,No,0,Travel_Rarely,1,Near (1-5 mi),3,3 - High,3,3 - High,4,4 - Very High,2,2 - Good,2,3,3 - Excellent,5,3,3-5 Years,2,0,2,2,2,No,0
250,53,50+,Female,Divorced,Research & Development,Manufacturing Director,2,2,2 - College,Medical,4450,"Mid ($3,500 - $7,000)",1084,57,26250,11,2,No,0,Travel_Rarely,13,Moderate (6-15 mi),1,1 - Low,4,4 - Very High,3,3 - High,3,3 - Better,4,3,3 - Excellent,5,4,3-5 Years,2,1,3,3,1,No,0
252,33,30-39,Female,Married,Research & Development,Research Scientist,1,3,3 - Bachelor,Medical,2756,"Low (<$3,500)",931,72,4673,13,1,No,0,Travel_Rarely,14,Moderate (6-15 mi),2,2 - Medium,4,4 - Very High,4,4 - Very High,3,3 - Better,3,3,3 - Excellent,8,8,6-10 Years,7,1,6,5,1,No,0
253,40,40-49,Female,Married,Research & Development,Manager,5,1,1 - Below College,Medical,19033,"Executive (>$12,000)",989,46,6499,14,1,No,0,Travel_Rarely,4,Near (1-5 mi),3,3 - High,4,4 - Very High,2,2 - Medium,3,3 - Better,3,3,3 - Excellent,21,20,10+ Years,8,9,9,2,1,No,0
254,55,50+,Male,Single,Research & Development,Research Director,5,4,4 - Master,Medical,18722,"Executive (>$12,000)",692,61,13339,11,0,No,0,Travel_Rarely,14,Moderate (6-15 mi),2,2 - Medium,3,3 - High,4,4 - Very High,3,3 - Better,4,3,3 - Excellent,36,24,10+ Years,15,2,15,3,8,No,0
256,34,30-39,Male,Married,Research & Development,Manufacturing Director,2,1,1 - Below College,Life Sciences,9547,"High ($7,001 - $12,000)",1069,45,14074,17,0,No,0,Travel_Frequently,2,Near (1-5 mi),3,3 - High,4,4 - Very High,3,3 - High,2,2 - Good,2,3,3 - Excellent,10,10,6-10 Years,9,1,9,2,1,No,0
258,51,50+,Female,Single,Research & Development,Healthcare Representative,4,3,3 - Bachelor,Medical,13734,"Executive (>$12,000)",313,98,7192,18,0,No,0,Travel_Rarely,3,Near (1-5 mi),2,2 - Medium,4,4 - Very High,3,3 - High,3,3 - Better,3,3,3 - Excellent,21,7,6-10 Years,7,1,0,6,3,No,0
259,52,50+,Male,Married,Research & Development,Manager,5,4,4 - Master,Life Sciences,19999,"Executive (>$12,000)",699,65,5678,14,1,No,0,Travel_Rarely,1,Near (1-5 mi),3,3 - High,3,3 - High,1,1 - Low,3,3 - Better,2,3,3 - Excellent,34,33,10+ Years,18,11,9,5,0,No,0
260,27,Under 30,Female,Single,Research & Development,Research Scientist,1,3,3 - Bachelor,Medical,2279,"Low (<$3,500)",894,99,11781,16,0,No,0,Travel_Rarely,9,Moderate (6-15 mi),2,2 - Medium,4,4 - Very High,4,4 - Very High,2,2 - Good,3,3,3 - Excellent,7,7,6-10 Years,7,0,3,2,1,No,0
261,35,30-39,Male,Married,Research & Development,Manufacturing Director,2,2,2 - College,Life Sciences,5916,"Mid ($3,500 - $7,000)",556,50,15497,13,0,Yes,1,Travel_Rarely,23,Far (16-25 mi),3,3 - High,2,2 - Medium,1,1 - Low,3,3 - Better,2,3,3 - Excellent,8,1,1-2 Years,0,0,1,1,3,Yes,1
262,43,40-49,Male,Divorced,Research & Development,Research Scientist,1,3,3 - Bachelor,Medical,2089,"Low (<$3,500)",1344,37,5228,14,3,No,0,Non-Travel,7,Moderate (6-15 mi),4,4 - Very High,4,4 - Very High,4,4 - Very High,4,4 - Best,4,3,3 - Excellent,7,5,3-5 Years,4,2,2,3,4,No,0
264,45,40-49,Male,Married,Research & Development,Manager,4,2,2 - College,Medical,16792,"Executive (>$12,000)",1195,65,20462,23,1,No,0,Non-Travel,2,Near (1-5 mi),4,4 - Very High,1,1 - Low,4,4 - Very High,3,3 - Better,2,4,4 - Outstanding,22,20,10+ Years,8,11,8,1,9,No,0
267,37,30-39,Male,Married,Research & Development,Research Scientist,1,3,3 - Bachelor,Life Sciences,3564,"Mid ($3,500 - $7,000)",290,65,22977,12,1,Yes,1,Travel_Rarely,21,Far (16-25 mi),1,1 - Low,2,2 - Medium,1,1 - Low,2,2 - Good,4,3,3 - Excellent,8,8,6-10 Years,7,1,7,3,1,No,0
269,35,30-39,Female,Single,Research & Development,Laboratory Technician,2,3,3 - Bachelor,Medical,4425,"Mid ($3,500 - $7,000)",138,37,15986,11,0,No,0,Travel_Frequently,2,Near (1-5 mi),2,2 - Medium,2,2 - Medium,4,4 - Very High,3,3 - Better,3,3,3 - Excellent,10,6,6-10 Years,2,1,2,5,5,No,0
270,42,40-49,Female,Divorced,Research & Development,Manufacturing Director,2,2,2 - College,Medical,5265,"Mid ($3,500 - $7,000)",926,36,16439,16,1,No,0,Non-Travel,21,Far (16-25 mi),3,3 - High,3,3 - High,2,2 - Medium,3,3 - Better,3,3,3 - Excellent,11,5,3-5 Years,3,0,2,5,2,No,0
271,38,30-39,Male,Married,Research & Development,Manufacturing Director,2,4,4 - Master,Life Sciences,6553,"Mid ($3,500 - $7,000)",1261,88,7259,14,0,No,0,Travel_Rarely,2,Near (1-5 mi),3,3 - High,4,4 - Very High,2,2 - Medium,3,3 - Better,3,3,3 - Excellent,14,1,1-2 Years,0,0,0,3,9,No,0
273,38,30-39,Male,Married,Research & Development,Manufacturing Director,2,3,3 - Bachelor,Technical Degree,6261,"Mid ($3,500 - $7,000)",1084,54,4185,18,1,No,0,Travel_Rarely,29,Very Far (26+ mi),4,4 - Very High,4,4 - Very High,1,1 - Low,1,1 - Bad,3,3,3 - Excellent,9,7,6-10 Years,7,1,7,3,3,No,0
274,27,Under 30,Male,Married,Research & Development,Manufacturing Director,2,1,1 - Below College,Technical Degree,4298,"Mid ($3,500 - $7,000)",472,60,9679,19,1,No,0,Travel_Frequently,1,Near (1-5 mi),1,1 - Low,3,3 - High,3,3 - High,3,3 - Better,2,3,3 - Excellent,6,2,1-2 Years,2,2,0,1,5,No,0
275,49,40-49,Male,Divorced,Research & Development,Manufacturing Director,2,4,4 - Master,Life Sciences,6804,"Mid ($3,500 - $7,000)",1002,92,23793,15,2,Yes,1,Non-Travel,18,Far (16-25 mi),4,4 - Very High,4,4 - Very High,1,1 - Low,3,3 - Better,3,3,3 - Excellent,7,7,6-10 Years,7,1,7,0,1,No,0
277,34,30-39,Male,Divorced,Research & Development,Research Scientist,1,4,4 - Master,Medical,3815,"Mid ($3,500 - $7,000)",878,43,5972,17,1,Yes,1,Travel_Frequently,10,Moderate (6-15 mi),3,3 - High,4,4 - Very High,4,4 - Very High,4,4 - Best,3,3,3 - Excellent,5,5,3-5 Years,3,2,0,4,1,No,0
281,40,40-49,Male,Married,Research & Development,Laboratory Technician,2,2,2 - College,Medical,2741,"Low (<$3,500)",905,99,16523,15,1,Yes,1,Travel_Rarely,19,Far (16-25 mi),4,4 - Very High,3,3 - High,3,3 - High,4,4 - Best,3,3,3 - Excellent,15,7,6-10 Years,2,3,7,2,8,No,0
282,38,30-39,Male,Married,Research & Development,Healthcare Representative,2,1,1 - Below College,Medical,6673,"Mid ($3,500 - $7,000)",1180,70,11354,19,0,Yes,1,Travel_Rarely,29,Very Far (26+ mi),1,1 - Low,2,2 - Medium,2,2 - Medium,3,3 - Better,3,3,3 - Excellent,17,1,1-2 Years,0,0,0,2,7,Yes,1
283,29,Under 30,Female,Married,Sales,Sales Executive,3,3,3 - Bachelor,Marketing,7639,"High ($7,001 - $12,000)",121,35,24525,22,3,No,0,Travel_Rarely,27,Very Far (26+ mi),4,4 - Very High,2,2 - Medium,4,4 - Very High,2,2 - Good,3,4,4 - Outstanding,10,10,6-10 Years,4,1,9,3,1,Yes,1
284,22,Under 30,Male,Divorced,Research & Development,Research Scientist,1,3,3 - Bachelor,Life Sciences,2328,"Low (<$3,500)",1136,60,12392,16,1,Yes,1,Travel_Rarely,5,Near (1-5 mi),2,2 - Medium,4,4 - Very High,1,1 - Low,2,2 - Good,4,3,3 - Excellent,4,4,3-5 Years,2,2,2,2,1,No,0
286,36,30-39,Female,Single,Research & Development,Laboratory Technician,1,1,1 - Below College,Medical,2153,"Low (<$3,500)",635,73,7703,13,0,No,0,Travel_Frequently,18,Far (16-25 mi),4,4 - Very High,2,2 - Medium,1,1 - Low,3,3 - Better,3,3,3 - Excellent,8,8,6-10 Years,1,1,7,2,1,No,0
287,40,40-49,Male,Married,Research & Development,Healthcare Representative,2,5,5 - Doctor,Life Sciences,4876,"Mid ($3,500 - $7,000)",1151,63,14242,14,1,No,0,Non-Travel,9,Moderate (6-15 mi),4,4 - Very High,4,4 - Very High,4,4 - Very High,1,1 - Bad,2,3,3 - Excellent,5,3,3-5 Years,2,0,2,5,9,No,0
288,46,40-49,Male,Divorced,Research & Development,Healthcare Representative,3,4,4 - Master,Medical,9396,"High ($7,001 - $12,000)",644,97,12368,16,1,No,0,Travel_Rarely,1,Near (1-5 mi),1,1 - Low,4,4 - Very High,3,3 - High,3,3 - Better,3,3,3 - Excellent,17,4,3-5 Years,2,0,3,3,7,No,0
291,32,30-39,Male,Married,Sales,Sales Executive,3,4,4 - Master,Medical,10400,"High ($7,001 - $12,000)",1045,32,25812,11,0,No,0,Travel_Rarely,4,Near (1-5 mi),4,4 - Very High,4,4 - Very High,3,3 - High,2,2 - Good,1,3,3 - Excellent,14,14,10+ Years,8,9,8,2,1,Yes,1
292,30,30-39,Male,Single,Research & Development,Manufacturing Director,3,1,1 - Below College,Life Sciences,8474,"High ($7,001 - $12,000)",829,88,20925,22,0,No,0,Non-Travel,1,Near (1-5 mi),3,3 - High,3,3 - High,3,3 - High,3,3 - Better,2,4,4 - Outstanding,12,11,10+ Years,8,5,8,2,1,No,0
293,27,Under 30,Female,Single,Sales,Sales Executive,2,3,3 - Bachelor,Life Sciences,9981,"High ($7,001 - $12,000)",1242,90,12916,14,0,No,0,Travel_Frequently,20,Far (16-25 mi),3,3 - High,4,4 - Very High,4,4 - Very High,3,3 - Better,3,3,3 - Excellent,7,7,6-10 Years,7,0,7,2,1,No,0
296,51,50+,Male,Married,Research & Development,Research Director,3,4,4 - Master,Life Sciences,12490,"Executive (>$12,000)",1469,81,15736,16,2,No,0,Travel_Rarely,8,Moderate (6-15 mi),2,2 - Medium,2,2 - Medium,4,4 - Very High,1,1 - Bad,2,3,3 - Excellent,16,10,6-10 Years,9,4,7,5,5,No,0
297,30,30-39,Female,Single,Research & Development,Research Scientist,1,3,3 - Bachelor,Technical Degree,2657,"Low (<$3,500)",1005,88,8556,11,0,Yes,1,Travel_Rarely,3,Near (1-5 mi),1,1 - Low,4,4 - Very High,3,3 - High,3,3 - Better,3,3,3 - Excellent,8,5,3-5 Years,2,0,4,5,5,Yes,1
298,41,40-49,Female,Single,Sales,Manager,3,3,3 - Bachelor,Life Sciences,13591,"Executive (>$12,000)",896,75,14674,18,0,Yes,1,Travel_Rarely,6,Moderate (6-15 mi),4,4 - Very High,4,4 - Very High,3,3 - High,3,3 - Better,3,3,3 - Excellent,16,1,1-2 Years,0,0,0,3,3,No,0
299,30,30-39,Female,Single,Sales,Sales Executive,2,4,4 - Master,Marketing,6696,"Mid ($3,500 - $7,000)",334,52,22967,15,0,No,0,Travel_Frequently,26,Very Far (26+ mi),1,1 - Low,3,3 - High,3,3 - High,2,2 - Good,2,3,3 - Excellent,9,6,6-10 Years,3,0,1,5,5,Yes,1
300,29,Under 30,Male,Single,Research & Development,Research Scientist,1,3,3 - Bachelor,Technical Degree,2058,"Low (<$3,500)",992,85,19757,14,0,No,0,Travel_Rarely,1,Near (1-5 mi),3,3 - High,3,3 - High,4,4 - Very High,2,2 - Good,3,3,3 - Excellent,7,6,6-10 Years,2,1,5,1,0,Yes,1
302,45,40-49,Female,Single,Sales,Sales Executive,3,3,3 - Bachelor,Medical,8865,"High ($7,001 - $12,000)",1052,57,16840,12,0,No,0,Non-Travel,6,Moderate (6-15 mi),4,4 - Very High,4,4 - Very High,4,4 - Very High,3,3 - Better,2,3,3 - Excellent,23,19,10+ Years,7,12,8,2,6,No,0
303,54,50+,Female,Married,Sales,Sales Executive,2,3,3 - Bachelor,Marketing,5940,"Mid ($3,500 - $7,000)",1147,52,17011,14,1,No,0,Travel_Rarely,3,Near (1-5 mi),1,1 - Low,4,4 - Very High,4,4 - Very High,3,3 - Better,3,3,3 - Excellent,16,6,6-10 Years,2,0,5,4,2,No,0
304,36,30-39,Male,Single,Research & Development,Laboratory Technician,2,2,2 - College,Life Sciences,5914,"Mid ($3,500 - $7,000)",1396,62,9945,16,0,No,0,Travel_Rarely,5,Near (1-5 mi),2,2 - Medium,4,4 - Very High,4,4 - Very High,4,4 - Best,3,3,3 - Excellent,16,13,10+ Years,11,3,7,3,8,No,0
305,33,30-39,Female,Married,Research & Development,Research Scientist,1,4,4 - Master,Medical,2622,"Low (<$3,500)",147,47,13248,21,0,No,0,Travel_Rarely,4,Near (1-5 mi),2,2 - Medium,3,3 - High,4,4 - Very High,3,3 - Better,2,4,4 - Outstanding,7,3,3-5 Years,2,1,1,3,6,No,0
306,37,30-39,Male,Divorced,Research & Development,Research Director,3,3,3 - Bachelor,Other,12185,"Executive (>$12,000)",663,47,10056,14,3,Yes,1,Travel_Frequently,11,Moderate (6-15 mi),4,4 - Very High,2,2 - Medium,3,3 - High,3,3 - Better,3,3,3 - Excellent,10,10,6-10 Years,8,0,7,1,1,No,0
307,38,30-39,Male,Divorced,Sales,Sales Executive,3,3,3 - Bachelor,Life Sciences,10609,"High ($7,001 - $12,000)",119,76,9647,12,2,No,0,Travel_Rarely,3,Near (1-5 mi),3,3 - High,1,1 - Low,3,3 - High,2,2 - Good,3,3,3 - Excellent,17,16,10+ Years,10,5,13,6,0,No,0
308,31,30-39,Male,Married,Research & Development,Manufacturing Director,2,4,4 - Master,Medical,4345,"Mid ($3,500 - $7,000)",979,90,4381,12,1,No,0,Non-Travel,1,Near (1-5 mi),3,3 - High,3,3 - High,4,4 - Very High,3,3 - Better,1,3,3 - Excellent,6,5,3-5 Years,4,1,4,2,0,No,0
309,59,50+,Male,Married,Research & Development,Research Scientist,1,3,3 - Bachelor,Life Sciences,2177,"Low (<$3,500)",142,70,8456,17,1,No,0,Travel_Rarely,3,Near (1-5 mi),4,4 - Very High,3,3 - High,1,1 - Low,3,3 - Better,2,3,3 - Excellent,7,1,1-2 Years,0,0,0,6,3,No,0
311,37,30-39,Male,Divorced,Sales,Sales Representative,1,4,4 - Master,Marketing,2793,"Low (<$3,500)",319,41,2539,17,1,No,0,Travel_Frequently,4,Near (1-5 mi),4,4 - Very High,1,1 - Low,3,3 - High,3,3 - Better,3,3,3 - Excellent,13,9,6-10 Years,8,5,8,2,4,No,0
312,29,Under 30,Female,Married,Sales,Sales Executive,3,1,1 - Below College,Medical,7918,"High ($7,001 - $12,000)",1413,42,6599,14,1,No,0,Travel_Frequently,1,Near (1-5 mi),4,4 - Very High,2,2 - Medium,4,4 - Very High,3,3 - Better,3,3,3 - Excellent,11,11,10+ Years,10,4,1,5,1,No,0
314,35,30-39,Female,Single,Sales,Sales Executive,3,3,3 - Bachelor,Marketing,8789,"High ($7,001 - $12,000)",944,92,9096,14,0,No,0,Travel_Frequently,1,Near (1-5 mi),3,3 - High,3,3 - High,1,1 - Low,4,4 - Best,3,3,3 - Excellent,10,10,6-10 Years,7,0,8,3,1,No,0
315,29,Under 30,Male,Single,Research & Development,Research Scientist,1,1,1 - Below College,Medical,2389,"Low (<$3,500)",896,86,14961,13,0,Yes,1,Travel_Rarely,18,Far (16-25 mi),4,4 - Very High,3,3 - High,3,3 - High,2,2 - Good,2,3,3 - Excellent,4,4,3-5 Years,3,0,1,3,1,Yes,1
316,52,50+,Female,Single,Research & Development,Laboratory Technician,1,3,3 - Bachelor,Life Sciences,3212,"Low (<$3,500)",1323,89,3300,15,0,No,0,Travel_Rarely,2,Near (1-5 mi),4,4 - Very High,3,3 - High,2,2 - Medium,2,2 - Good,2,3,3 - Excellent,6,2,1-2 Years,2,2,2,3,7,No,0
319,42,40-49,Male,Married,Research & Development,Manager,5,2,2 - College,Technical Degree,19232,"Executive (>$12,000)",532,58,4933,11,0,No,0,Travel_Rarely,4,Near (1-5 mi),4,4 - Very High,3,3 - High,4,4 - Very High,3,3 - Better,3,3,3 - Excellent,22,22,10+ Years,17,11,15,3,1,No,0
321,59,50+,Male,Married,Human Resources,Human Resources,1,2,2 - College,Medical,2267,"Low (<$3,500)",818,52,25657,17,0,No,0,Travel_Rarely,6,Moderate (6-15 mi),3,3 - High,2,2 - Medium,4,4 - Very High,2,2 - Good,3,3,3 - Excellent,7,2,1-2 Years,2,2,2,2,8,No,0
323,50,50+,Female,Divorced,Sales,Manager,5,4,4 - Master,Medical,19517,"Executive (>$12,000)",854,68,24118,11,1,No,0,Travel_Rarely,1,Near (1-5 mi),4,4 - Very High,4,4 - Very High,3,3 - High,2,2 - Good,3,3,3 - Excellent,32,7,6-10 Years,0,0,6,3,3,No,0
325,33,30-39,Male,Married,Research & Development,Laboratory Technician,1,3,3 - Bachelor,Medical,2436,"Low (<$3,500)",813,58,22149,13,1,Yes,1,Travel_Rarely,14,Moderate (6-15 mi),4,4 - Very High,3,3 - High,3,3 - High,1,1 - Bad,3,3,3 - Excellent,8,5,3-5 Years,4,0,4,2,5,Yes,1
327,43,40-49,Female,Married,Sales,Manager,4,3,3 - Bachelor,Marketing,16064,"Executive (>$12,000)",1034,80,7744,22,1,Yes,1,Travel_Rarely,16,Far (16-25 mi),4,4 - Very High,4,4 - Very High,3,3 - High,3,3 - Better,3,4,4 - Outstanding,22,17,10+ Years,13,1,9,3,5,No,0
328,33,30-39,Female,Married,Research & Development,Laboratory Technician,1,2,2 - College,Life Sciences,2707,"Low (<$3,500)",465,39,21509,20,0,No,0,Travel_Rarely,2,Near (1-5 mi),1,1 - Low,1,1 - Low,1,1 - Low,4,4 - Best,3,4,4 - Outstanding,13,9,6-10 Years,7,1,7,3,7,Yes,1
329,52,50+,Male,Single,Sales,Manager,5,4,4 - Master,Life Sciences,19068,"Executive (>$12,000)",771,79,21030,18,0,Yes,1,Non-Travel,2,Near (1-5 mi),3,3 - High,1,1 - Low,4,4 - Very High,4,4 - Best,2,3,3 - Excellent,33,33,10+ Years,7,15,12,2,1,No,0
330,32,30-39,Female,Married,Sales,Sales Representative,1,2,2 - College,Life Sciences,3931,"Mid ($3,500 - $7,000)",1401,56,20990,11,1,No,0,Travel_Rarely,4,Near (1-5 mi),2,2 - Medium,3,3 - High,1,1 - Low,3,3 - Better,3,3,3 - Excellent,6,4,3-5 Years,3,1,2,5,2,No,0
331,32,30-39,Male,Single,Research & Development,Laboratory Technician,1,3,3 - Bachelor,Life Sciences,3730,"Mid ($3,500 - $7,000)",515,62,9571,14,0,Yes,1,Travel_Rarely,1,Near (1-5 mi),3,3 - High,4,4 - Very High,4,4 - Very High,1,1 - Bad,2,3,3 - Excellent,4,3,3-5 Years,2,1,2,2,0,Yes,1
332,39,30-39,Female,Divorced,Research & Development,Laboratory Technician,1,4,4 - Master,Medical,2232,"Low (<$3,500)",1431,96,15417,14,3,No,0,Travel_Rarely,1,Near (1-5 mi),3,3 - High,3,3 - High,3,3 - High,3,3 - Better,3,3,3 - Excellent,7,3,3-5 Years,2,1,2,1,7,No,0
333,32,30-39,Male,Married,Sales,Sales Executive,2,4,4 - Master,Marketing,4465,"Mid ($3,500 - $7,000)",976,100,12069,18,0,No,0,Non-Travel,26,Very Far (26+ mi),4,4 - Very High,3,3 - High,1,1 - Low,3,3 - Better,3,3,3 - Excellent,4,3,3-5 Years,2,2,2,2,0,No,0
334,41,40-49,Male,Divorced,Research & Development,Research Scientist,2,2,2 - College,Life Sciences,3072,"Low (<$3,500)",1411,36,19877,16,2,No,0,Travel_Rarely,19,Far (16-25 mi),1,1 - Low,3,3 - High,1,1 - Low,2,2 - Good,3,3,3 - Excellent,17,1,1-2 Years,0,0,0,2,2,No,0
335,40,40-49,Male,Divorced,Research & Development,Research Scientist,2,2,2 - College,Technical Degree,3319,"Low (<$3,500)",1300,62,24447,17,2,No,0,Travel_Rarely,24,Far (16-25 mi),4,4 - Very High,1,1 - Low,1,1 - Low,3,3 - Better,3,3,3 - Excellent,9,9,6-10 Years,8,4,7,3,1,No,0
336,45,40-49,Male,Married,Research & Development,Manager,5,3,3 - Bachelor,Other,19202,"Executive (>$12,000)",252,70,15970,11,1,No,0,Travel_Rarely,1,Near (1-5 mi),4,4 - Very High,3,3 - High,3,3 - High,3,3 - Better,4,3,3 - Excellent,25,24,10+ Years,0,1,7,2,0,No,0
337,31,30-39,Male,Divorced,Research & Development,Research Director,3,4,4 - Master,Medical,13675,"Executive (>$12,000)",1327,73,13523,12,1,No,0,Travel_Frequently,3,Near (1-5 mi),3,3 - High,2,2 - Medium,1,1 - Low,3,3 - Better,3,3,3 - Excellent,9,2,1-2 Years,2,2,2,3,9,No,0
338,33,30-39,Female,Married,Research & Development,Research Scientist,1,4,4 - Master,Life Sciences,2911,"Low (<$3,500)",832,63,14776,13,1,No,0,Travel_Rarely,5,Near (1-5 mi),4,4 - Very High,3,3 - High,3,3 - High,2,2 - Good,2,3,3 - Excellent,2,2,1-2 Years,2,0,2,2,1,No,0
339,34,30-39,Male,Married,Research & Development,Manufacturing Director,2,4,4 - Master,Life Sciences,5957,"Mid ($3,500 - $7,000)",470,84,23687,13,1,No,0,Travel_Rarely,2,Near (1-5 mi),1,1 - Low,4,4 - Very High,2,2 - Medium,3,3 - Better,2,3,3 - Excellent,13,11,10+ Years,9,5,9,3,6,No,0
340,37,30-39,Female,Married,Research & Development,Research Scientist,1,2,2 - College,Medical,3920,"Mid ($3,500 - $7,000)",1017,83,18697,14,1,No,0,Travel_Rarely,1,Near (1-5 mi),1,1 - Low,3,3 - High,1,1 - Low,2,2 - Good,2,3,3 - Excellent,17,3,3-5 Years,1,0,2,2,2,No,0
341,45,40-49,Male,Married,Research & Development,Manufacturing Director,2,4,4 - Master,Life Sciences,6434,"Mid ($3,500 - $7,000)",1199,77,5118,17,1,No,0,Travel_Frequently,7,Moderate (6-15 mi),3,3 - High,1,1 - Low,4,4 - Very High,3,3 - Better,4,3,3 - Excellent,9,3,3-5 Years,2,0,2,1,4,No,0
342,37,30-39,Male,Divorced,Research & Development,Manufacturing Director,3,3,3 - Bachelor,Medical,10048,"High ($7,001 - $12,000)",504,61,22573,11,2,No,0,Travel_Frequently,10,Moderate (6-15 mi),3,3 - High,1,1 - Low,2,2 - Medium,3,3 - Better,3,3,3 - Excellent,17,1,1-2 Years,0,0,0,5,6,Yes,1
343,39,30-39,Female,Single,Research & Development,Healthcare Representative,3,4,4 - Master,Technical Degree,10938,"High ($7,001 - $12,000)",505,64,6420,25,0,No,0,Travel_Frequently,2,Near (1-5 mi),3,3 - High,3,3 - High,4,4 - Very High,3,3 - Better,3,4,4 - Outstanding,20,19,10+ Years,6,11,8,1,0,No,0
346,29,Under 30,Male,Single,Research & Development,Research Scientist,1,3,3 - Bachelor,Life Sciences,2340,"Low (<$3,500)",665,60,22673,19,0,No,0,Travel_Rarely,15,Moderate (6-15 mi),4,4 - Very High,3,3 - High,1,1 - Low,3,3 - Better,3,3,3 - Excellent,6,6,6-10 Years,5,1,5,1,1,No,0
347,42,40-49,Female,Single,Research & Development,Research Scientist,2,2,2 - College,Life Sciences,6545,"Mid ($3,500 - $7,000)",916,82,23016,13,0,Yes,1,Travel_Rarely,17,Far (16-25 mi),1,1 - Low,4,4 - Very High,3,3 - High,3,3 - Better,4,3,3 - Excellent,10,3,3-5 Years,2,0,2,1,3,No,0
349,29,Under 30,Male,Divorced,Sales,Sales Executive,2,2,2 - College,Marketing,6931,"Mid ($3,500 - $7,000)",1247,45,10732,14,1,No,0,Travel_Rarely,20,Far (16-25 mi),4,4 - Very High,4,4 - Very High,4,4 - Very High,3,3 - Better,3,3,3 - Excellent,10,3,3-5 Years,2,0,2,2,2,No,0
350,25,Under 30,Female,Married,Research & Development,Manufacturing Director,2,3,3 - Bachelor,Life Sciences,4898,"Mid ($3,500 - $7,000)",685,62,7505,12,2,No,0,Travel_Rarely,1,Near (1-5 mi),3,3 - High,1,1 - Low,4,4 - Very High,3,3 - Better,3,3,3 - Excellent,5,4,3-5 Years,2,1,2,3,0,No,0
351,42,40-49,Female,Divorced,Research & Development,Laboratory Technician,1,3,3 - Bachelor,Medical,2593,"Low (<$3,500)",269,56,8007,11,1,Yes,1,Travel_Rarely,2,Near (1-5 mi),1,1 - Low,4,4 - Very High,3,3 - High,3,3 - Better,2,3,3 - Excellent,10,9,6-10 Years,6,7,8,4,0,No,0
352,40,40-49,Male,Divorced,Research & Development,Research Director,5,2,2 - College,Medical,19436,"Executive (>$12,000)",1416,49,5949,19,1,No,0,Travel_Rarely,2,Near (1-5 mi),3,3 - High,1,1 - Low,4,4 - Very High,3,3 - Better,3,3,3 - Excellent,22,21,10+ Years,7,3,9,5,0,No,0
353,51,50+,Male,Married,Research & Development,Research Scientist,1,3,3 - Bachelor,Life Sciences,2723,"Low (<$3,500)",833,96,23231,11,0,No,0,Travel_Rarely,1,Near (1-5 mi),4,4 - Very High,3,3 - High,2,2 - Medium,2,2 - Good,3,3,3 - Excellent,1,1,1-2 Years,0,0,0,0,1,No,0
355,31,30-39,Male,Single,Research & Development,Laboratory Technician,1,2,2 - College,Medical,3479,"Low (<$3,500)",307,71,11652,11,0,No,0,Travel_Frequently,29,Very Far (26+ mi),2,2 - Medium,3,3 - High,2,2 - Medium,4,4 - Best,2,3,3 - Excellent,6,5,3-5 Years,4,1,4,2,0,Yes,1
359,32,30-39,Male,Married,Research & Development,Laboratory Technician,1,3,3 - Bachelor,Life Sciences,2794,"Low (<$3,500)",1311,100,26062,20,0,No,0,Travel_Frequently,7,Moderate (6-15 mi),2,2 - Medium,2,2 - Medium,3,3 - High,1,1 - Bad,4,4,4 - Outstanding,5,5,3-5 Years,1,0,3,3,1,No,0
361,38,30-39,Male,Married,Sales,Sales Executive,2,2,2 - College,Life Sciences,5249,"Mid ($3,500 - $7,000)",1327,39,19682,18,1,No,0,Non-Travel,2,Near (1-5 mi),4,4 - Very High,4,4 - Very High,4,4 - Very High,3,3 - Better,2,3,3 - Excellent,13,8,6-10 Years,7,7,5,0,3,No,0
362,32,30-39,Male,Single,Research & Development,Laboratory Technician,2,1,1 - Below College,Technical Degree,2176,"Low (<$3,500)",128,84,19737,13,0,No,0,Travel_Rarely,2,Near (1-5 mi),1,1 - Low,4,4 - Very High,4,4 - Very High,3,3 - Better,2,3,3 - Excellent,9,6,6-10 Years,2,0,4,5,4,No,0
363,46,40-49,Female,Married,Sales,Manager,4,3,3 - Bachelor,Technical Degree,16872,"Executive (>$12,000)",488,75,14977,12,1,Yes,1,Travel_Rarely,2,Near (1-5 mi),2,2 - Medium,3,3 - High,2,2 - Medium,2,2 - Good,1,3,3 - Excellent,28,7,6-10 Years,7,7,7,2,3,No,0
364,28,Under 30,Male,Single,Research & Development,Laboratory Technician,1,4,4 - Master,Life Sciences,3485,"Low (<$3,500)",529,79,14935,11,0,No,0,Travel_Rarely,2,Near (1-5 mi),3,3 - High,1,1 - Low,3,3 - High,1,1 - Bad,3,3,3 - Excellent,5,0,< 1 Year,0,0,0,5,2,Yes,1
366,29,Under 30,Male,Married,Sales,Sales Executive,2,3,3 - Bachelor,Medical,6644,"Mid ($3,500 - $7,000)",1210,78,3687,19,2,No,0,Travel_Rarely,2,Near (1-5 mi),2,2 - Medium,1,1 - Low,2,2 - Medium,3,3 - Better,2,3,3 - Excellent,10,0,< 1 Year,0,0,0,2,2,No,0
367,31,30-39,Male,Married,Research & Development,Healthcare Representative,2,3,3 - Bachelor,Medical,5582,"Mid ($3,500 - $7,000)",1463,64,14408,21,1,No,0,Travel_Rarely,23,Far (16-25 mi),4,4 - Very High,2,2 - Medium,2,2 - Medium,3,3 - Better,2,4,4 - Outstanding,10,9,6-10 Years,0,7,8,2,0,No,0
369,25,Under 30,Male,Divorced,Research & Development,Healthcare Representative,2,2,2 - College,Life Sciences,4000,"Mid ($3,500 - $7,000)",675,85,18384,12,2,No,0,Non-Travel,5,Near (1-5 mi),1,1 - Low,2,2 - Medium,4,4 - Very High,3,3 - Better,4,3,3 - Excellent,6,6,6-10 Years,3,1,5,2,1,No,0
372,45,40-49,Male,Married,Research & Development,Healthcare Representative,4,2,2 - College,Medical,13496,"Executive (>$12,000)",1385,79,7501,14,0,Yes,1,Travel_Rarely,20,Far (16-25 mi),4,4 - Very High,3,3 - High,2,2 - Medium,3,3 - Better,3,3,3 - Excellent,21,20,10+ Years,7,4,10,2,0,No,0
373,36,30-39,Male,Married,Research & Development,Laboratory Technician,1,3,3 - Bachelor,Life Sciences,3210,"Low (<$3,500)",1403,47,20251,11,1,No,0,Travel_Rarely,6,Moderate (6-15 mi),4,4 - Very High,4,4 - Very High,3,3 - High,3,3 - Better,3,3,3 - Excellent,16,15,10+ Years,13,10,11,4,0,No,0
374,55,50+,Male,Single,Research & Development,Manager,5,3,3 - Bachelor,Medical,19045,"Executive (>$12,000)",452,81,18938,14,0,Yes,1,Travel_Rarely,1,Near (1-5 mi),1,1 - Low,4,4 - Very High,3,3 - High,3,3 - Better,3,3,3 - Excellent,37,36,10+ Years,10,4,13,2,0,No,0
376,47,40-49,Male,Married,Research & Development,Manager,3,4,4 - Master,Life Sciences,11849,"High ($7,001 - $12,000)",666,88,10268,12,1,Yes,1,Non-Travel,29,Very Far (26+ mi),2,2 - Medium,1,1 - Low,4,4 - Very High,2,2 - Good,3,3,3 - Excellent,10,10,6-10 Years,7,9,9,2,1,Yes,1
377,28,Under 30,Male,Married,Research & Development,Research Scientist,1,3,3 - Bachelor,Medical,2070,"Low (<$3,500)",1158,94,2613,23,1,No,0,Travel_Rarely,9,Moderate (6-15 mi),4,4 - Very High,4,4 - Very High,4,4 - Very High,2,2 - Good,3,4,4 - Outstanding,5,5,3-5 Years,2,0,4,3,1,No,0
378,37,30-39,Male,Married,Sales,Sales Executive,2,4,4 - Master,Medical,6502,"Mid ($3,500 - $7,000)",228,98,22825,14,1,No,0,Travel_Rarely,6,Moderate (6-15 mi),4,4 - Very High,3,3 - High,2,2 - Medium,4,4 - Best,3,3,3 - Excellent,7,5,3-5 Years,4,0,1,5,4,No,0
379,21,Under 30,Male,Single,Research & Development,Research Scientist,1,2,2 - College,Medical,3230,"Low (<$3,500)",996,100,10531,17,0,No,0,Travel_Rarely,3,Near (1-5 mi),3,3 - High,4,4 - Very High,1,1 - Low,4,4 - Best,2,3,3 - Excellent,3,3,3-5 Years,2,1,0,4,1,No,0
380,37,30-39,Female,Divorced,Research & Development,Research Director,3,4,4 - Master,Medical,13603,"Executive (>$12,000)",728,80,11677,18,2,Yes,1,Non-Travel,1,Near (1-5 mi),4,4 - Very High,1,1 - Low,1,1 - Low,3,3 - Better,3,3,3 - Excellent,15,5,3-5 Years,2,0,2,2,2,No,0
381,35,30-39,Female,Divorced,Research & Development,Manager,3,3,3 - Bachelor,Life Sciences,11996,"High ($7,001 - $12,000)",1315,71,19100,18,1,No,0,Travel_Rarely,22,Far (16-25 mi),2,2 - Medium,2,2 - Medium,2,2 - Medium,2,2 - Good,4,3,3 - Excellent,10,7,6-10 Years,7,6,2,6,7,No,0
382,38,30-39,Female,Divorced,Sales,Sales Executive,2,2,2 - College,Medical,5605,"Mid ($3,500 - $7,000)",322,44,19191,24,1,Yes,1,Travel_Rarely,7,Moderate (6-15 mi),1,1 - Low,1,1 - Low,3,3 - High,3,3 - Better,4,4,4 - Outstanding,8,8,6-10 Years,0,7,7,3,1,No,0
384,26,Under 30,Female,Divorced,Research & Development,Manufacturing Director,2,3,3 - Bachelor,Life Sciences,6397,"Mid ($3,500 - $7,000)",1479,84,26767,20,1,No,0,Travel_Frequently,1,Near (1-5 mi),2,2 - Medium,3,3 - High,1,1 - Low,1,1 - Bad,3,4,4 - Outstanding,6,6,6-10 Years,5,1,4,6,1,No,0
385,50,50+,Male,Divorced,Research & Development,Research Director,5,1,1 - Below College,Life Sciences,19144,"Executive (>$12,000)",797,96,15815,14,2,No,0,Travel_Rarely,4,Near (1-5 mi),2,2 - Medium,1,1 - Low,1,1 - Low,2,2 - Good,3,3,3 - Excellent,28,10,6-10 Years,4,1,6,4,3,No,0
386,53,50+,Male,Married,Research & Development,Research Director,4,4,4 - Master,Medical,17584,"Executive (>$12,000)",1070,45,21016,16,3,Yes,1,Travel_Rarely,3,Near (1-5 mi),3,3 - High,3,3 - High,4,4 - Very High,2,2 - Good,3,3,3 - Excellent,21,5,3-5 Years,3,1,3,5,3,No,0
387,42,40-49,Male,Married,Sales,Sales Executive,2,1,1 - Below College,Life Sciences,4907,"Mid ($3,500 - $7,000)",635,99,24532,25,0,No,0,Travel_Rarely,1,Near (1-5 mi),3,3 - High,2,2 - Medium,3,3 - High,3,3 - Better,3,4,4 - Outstanding,20,20,10+ Years,16,11,6,3,1,No,0
388,29,Under 30,Male,Single,Sales,Sales Executive,2,2,2 - College,Life Sciences,4554,"Mid ($3,500 - $7,000)",442,44,20260,18,0,No,0,Travel_Frequently,2,Near (1-5 mi),4,4 - Very High,2,2 - Medium,1,1 - Low,2,2 - Good,3,3,3 - Excellent,10,10,6-10 Years,7,0,9,3,1,No,0
389,55,50+,Male,Married,Research & Development,Laboratory Technician,2,2,2 - College,Technical Degree,5415,"Mid ($3,500 - $7,000)",147,37,15972,19,1,Yes,1,Travel_Rarely,20,Far (16-25 mi),4,4 - Very High,2,2 - Medium,4,4 - Very High,3,3 - Better,3,3,3 - Excellent,12,10,6-10 Years,7,0,8,4,3,No,0
390,26,Under 30,Male,Married,Research & Development,Healthcare Representative,2,2,2 - College,Medical,4741,"Mid ($3,500 - $7,000)",496,60,22722,13,1,Yes,1,Travel_Frequently,11,Moderate (6-15 mi),1,1 - Low,1,1 - Low,3,3 - High,3,3 - Better,3,3,3 - Excellent,5,5,3-5 Years,3,3,3,3,1,No,0
391,37,30-39,Female,Single,Research & Development,Research Scientist,1,3,3 - Bachelor,Life Sciences,2115,"Low (<$3,500)",1372,42,15881,12,0,No,0,Travel_Rarely,1,Near (1-5 mi),4,4 - Very High,4,4 - Very High,2,2 - Medium,3,3 - Better,3,3,3 - Excellent,17,17,10+ Years,12,5,7,3,1,No,0
392,44,40-49,Male,Divorced,Research & Development,Laboratory Technician,1,3,3 - Bachelor,Life Sciences,3161,"Low (<$3,500)",920,43,19920,22,1,Yes,1,Travel_Frequently,24,Far (16-25 mi),3,3 - High,4,4 - Very High,4,4 - Very High,1,1 - Bad,3,4,4 - Outstanding,19,1,1-2 Years,0,0,0,0,3,Yes,1
393,38,30-39,Male,Divorced,Research & Development,Healthcare Representative,2,4,4 - Master,Life Sciences,5745,"Mid ($3,500 - $7,000)",688,82,18899,14,1,No,0,Travel_Rarely,23,Far (16-25 mi),4,4 - Very High,4,4 - Very High,2,2 - Medium,3,3 - Better,3,3,3 - Excellent,10,2,1-2 Years,2,1,2,2,9,No,0
394,26,Under 30,Male,Divorced,Research & Development,Laboratory Technician,1,4,4 - Master,Medical,2373,"Low (<$3,500)",1449,45,14180,13,1,Yes,1,Travel_Rarely,16,Far (16-25 mi),2,2 - Medium,1,1 - Low,4,4 - Very High,3,3 - Better,3,3,3 - Excellent,5,3,3-5 Years,2,0,2,2,2,Yes,1
395,28,Under 30,Female,Single,Research & Development,Research Scientist,1,2,2 - College,Life Sciences,3310,"Low (<$3,500)",1117,66,4488,21,0,No,0,Travel_Rarely,8,Moderate (6-15 mi),4,4 - Very High,4,4 - Very High,4,4 - Very High,3,3 - Better,3,4,4 - Outstanding,5,5,3-5 Years,3,0,2,3,1,No,0
396,49,40-49,Female,Single,Research & Development,Research Director,5,4,4 - Master,Life Sciences,18665,"Executive (>$12,000)",636,35,25594,11,0,Yes,1,Travel_Frequently,10,Moderate (6-15 mi),1,1 - Low,3,3 - High,4,4 - Very High,3,3 - Better,3,3,3 - Excellent,22,3,3-5 Years,2,1,2,4,9,No,0
397,36,30-39,Male,Single,Research & Development,Research Scientist,2,3,3 - Bachelor,Technical Degree,4485,"Mid ($3,500 - $7,000)",506,30,26285,12,0,No,0,Travel_Rarely,3,Near (1-5 mi),2,2 - Medium,3,3 - High,4,4 - Very High,3,3 - Better,3,3,3 - Excellent,10,8,6-10 Years,0,7,7,2,4,No,0
399,31,30-39,Female,Divorced,Sales,Sales Representative,1,3,3 - Bachelor,Marketing,2789,"Low (<$3,500)",444,84,3909,11,1,No,0,Travel_Frequently,5,Near (1-5 mi),2,2 - Medium,4,4 - Very High,3,3 - High,2,2 - Good,3,3,3 - Excellent,2,2,1-2 Years,2,2,2,5,1,No,0
401,26,Under 30,Male,Single,Sales,Sales Executive,2,4,4 - Master,Marketing,5828,"Mid ($3,500 - $7,000)",950,48,8450,12,0,Yes,1,Travel_Rarely,4,Near (1-5 mi),4,4 - Very High,4,4 - Very High,2,2 - Medium,3,3 - Better,2,3,3 - Excellent,8,8,6-10 Years,7,7,4,0,1,Yes,1
403,37,30-39,Male,Married,Research & Development,Research Scientist,1,3,3 - Bachelor,Medical,2326,"Low (<$3,500)",889,53,11411,12,3,Yes,1,Travel_Frequently,9,Moderate (6-15 mi),4,4 - Very High,2,2 - Medium,3,3 - High,2,2 - Good,3,3,3 - Excellent,4,4,3-5 Years,2,1,2,3,1,No,0
404,42,40-49,Female,Married,Sales,Sales Executive,4,3,3 - Bachelor,Marketing,13525,"Executive (>$12,000)",555,77,14864,14,1,No,0,Travel_Frequently,26,Very Far (26+ mi),2,2 - Medium,3,3 - High,4,4 - Very High,4,4 - Best,3,3,3 - Excellent,23,20,10+ Years,4,4,8,2,5,No,0
405,18,Under 30,Male,Single,Research & Development,Laboratory Technician,1,3,3 - Bachelor,Life Sciences,1420,"Low (<$3,500)",230,54,25233,13,0,No,0,Travel_Rarely,3,Near (1-5 mi),3,3 - High,3,3 - High,3,3 - High,3,3 - Better,3,3,3 - Excellent,0,0,< 1 Year,0,0,0,2,1,Yes,1
406,35,30-39,Male,Married,Sales,Sales Executive,3,3,3 - Bachelor,Marketing,8020,"High ($7,001 - $12,000)",1232,96,5100,15,2,No,0,Travel_Rarely,16,Far (16-25 mi),2,2 - Medium,3,3 - High,3,3 - High,2,2 - Good,3,3,3 - Excellent,12,11,10+ Years,9,6,9,3,0,No,0
407,36,30-39,Male,Married,Research & Development,Laboratory Technician,1,4,4 - Master,Life Sciences,3688,"Mid ($3,500 - $7,000)",566,81,7122,18,2,No,0,Travel_Frequently,18,Far (16-25 mi),4,4 - Very High,3,3 - High,4,4 - Very High,3,3 - Better,4,3,3 - Excellent,4,1,1-2 Years,0,0,0,2,4,No,0
408,51,50+,Male,Divorced,Research & Development,Manufacturing Director,2,3,3 - Bachelor,Medical,5482,"Mid ($3,500 - $7,000)",1302,84,16321,18,1,No,0,Travel_Rarely,2,Near (1-5 mi),2,2 - Medium,4,4 - Very High,4,4 - Very High,3,3 - Better,1,3,3 - Excellent,13,4,3-5 Years,1,1,2,3,5,No,0
410,41,40-49,Male,Single,Sales,Manager,4,4,4 - Master,Life Sciences,16015,"Executive (>$12,000)",334,88,15896,19,0,No,0,Travel_Rarely,2,Near (1-5 mi),2,2 - Medium,4,4 - Very High,2,2 - Medium,3,3 - Better,3,3,3 - Excellent,22,22,10+ Years,10,0,4,2,1,No,0
411,18,Under 30,Female,Single,Sales,Sales Representative,1,3,3 - Bachelor,Medical,1200,"Low (<$3,500)",812,69,9724,12,0,No,0,Travel_Rarely,10,Moderate (6-15 mi),3,3 - High,4,4 - Very High,1,1 - Low,3,3 - Better,2,3,3 - Excellent,0,0,< 1 Year,0,0,0,2,1,No,0
412,28,Under 30,Male,Single,Research & Development,Healthcare Representative,2,2,2 - College,Medical,5661,"Mid ($3,500 - $7,000)",1476,68,4824,19,0,No,0,Travel_Rarely,16,Far (16-25 mi),1,1 - Low,2,2 - Medium,3,3 - High,3,3 - Better,4,3,3 - Excellent,9,8,6-10 Years,3,0,7,2,0,No,0
416,31,30-39,Male,Married,Sales,Sales Executive,2,3,3 - Bachelor,Technical Degree,6929,"Mid ($3,500 - $7,000)",218,100,12241,11,1,No,0,Travel_Rarely,7,Moderate (6-15 mi),4,4 - Very High,2,2 - Medium,2,2 - Medium,2,2 - Good,4,3,3 - Excellent,10,8,6-10 Years,7,7,7,3,4,No,0
417,39,30-39,Male,Divorced,Research & Development,Healthcare Representative,3,3,3 - Bachelor,Medical,9613,"High ($7,001 - $12,000)",1132,48,10942,17,3,No,0,Travel_Rarely,1,Near (1-5 mi),4,4 - Very High,3,3 - High,1,1 - Low,2,2 - Good,4,3,3 - Excellent,19,18,10+ Years,10,3,7,5,0,No,0
419,36,30-39,Female,Married,Research & Development,Laboratory Technician,2,4,4 - Master,Life Sciences,5674,"Mid ($3,500 - $7,000)",1105,47,6927,15,1,No,0,Non-Travel,24,Far (16-25 mi),2,2 - Medium,2,2 - Medium,3,3 - High,3,3 - Better,3,3,3 - Excellent,11,9,6-10 Years,8,0,8,3,7,No,0
420,32,30-39,Male,Married,Sales,Sales Executive,2,3,3 - Bachelor,Life Sciences,5484,"Mid ($3,500 - $7,000)",906,91,16985,14,1,No,0,Travel_Rarely,7,Moderate (6-15 mi),3,3 - High,4,4 - Very High,3,3 - High,2,2 - Good,2,3,3 - Excellent,13,13,10+ Years,8,4,8,3,1,No,0
421,38,30-39,Female,Married,Research & Development,Research Director,3,2,2 - College,Life Sciences,12061,"Executive (>$12,000)",849,81,26707,17,1,No,0,Travel_Rarely,25,Far (16-25 mi),2,2 - Medium,1,1 - Low,3,3 - High,3,3 - Better,2,3,3 - Excellent,19,10,6-10 Years,8,0,1,2,3,No,0
422,58,50+,Male,Divorced,Research & Development,Healthcare Representative,2,4,4 - Master,Life Sciences,5660,"Mid ($3,500 - $7,000)",390,32,17056,13,1,Yes,1,Non-Travel,1,Near (1-5 mi),3,3 - High,4,4 - Very High,4,4 - Very High,3,3 - Better,1,3,3 - Excellent,12,5,3-5 Years,3,1,2,2,2,No,0
423,31,30-39,Male,Married,Research & Development,Research Scientist,1,4,4 - Master,Technical Degree,4821,"Mid ($3,500 - $7,000)",691,86,10077,12,1,Yes,1,Travel_Rarely,5,Near (1-5 mi),4,4 - Very High,3,3 - High,3,3 - High,3,3 - Better,3,3,3 - Excellent,6,5,3-5 Years,2,0,3,4,0,No,0
424,31,30-39,Male,Married,Human Resources,Human Resources,2,3,3 - Bachelor,Human Resources,6410,"Mid ($3,500 - $7,000)",106,62,17822,12,0,No,0,Travel_Rarely,2,Near (1-5 mi),1,1 - Low,1,1 - Low,4,4 - Very High,3,3 - Better,2,3,3 - Excellent,9,2,1-2 Years,2,1,0,1,3,No,0
425,45,40-49,Male,Divorced,Research & Development,Laboratory Technician,3,3,3 - Bachelor,Life Sciences,5210,"Mid ($3,500 - $7,000)",1249,97,20308,18,1,No,0,Travel_Frequently,7,Moderate (6-15 mi),1,1 - Low,1,1 - Low,1,1 - Low,3,3 - Better,3,3,3 - Excellent,24,24,10+ Years,9,9,11,2,1,No,0
426,31,30-39,Male,Divorced,Research & Development,Research Scientist,1,4,4 - Master,Life Sciences,2695,"Low (<$3,500)",192,32,7747,18,1,Yes,1,Travel_Rarely,2,Near (1-5 mi),4,4 - Very High,3,3 - High,2,2 - Medium,1,1 - Bad,3,3,3 - Excellent,3,2,1-2 Years,2,2,2,2,0,No,0
428,33,30-39,Female,Married,Research & Development,Manager,3,4,4 - Master,Life Sciences,11878,"High ($7,001 - $12,000)",553,74,23364,11,2,No,0,Travel_Frequently,5,Near (1-5 mi),2,2 - Medium,4,4 - Very High,2,2 - Medium,3,3 - Better,3,3,3 - Excellent,12,10,6-10 Years,6,8,8,2,6,No,0
429,39,30-39,Male,Married,Research & Development,Manager,4,1,1 - Below College,Medical,17068,"Executive (>$12,000)",117,99,5355,14,0,Yes,1,Travel_Rarely,10,Moderate (6-15 mi),1,1 - Low,3,3 - High,4,4 - Very High,3,3 - Better,3,3,3 - Excellent,21,21,10+ Years,9,11,10,3,1,No,0
430,43,40-49,Female,Single,Research & Development,Laboratory Technician,1,4,4 - Master,Life Sciences,2455,"Low (<$3,500)",185,33,10675,19,0,No,0,Travel_Frequently,10,Moderate (6-15 mi),4,4 - Very High,3,3 - High,1,1 - Low,3,3 - Better,3,3,3 - Excellent,9,8,6-10 Years,7,1,7,5,0,No,0
431,49,40-49,Female,Single,Research & Development,Healthcare Representative,4,2,2 - College,Technical Degree,13964,"Executive (>$12,000)",1091,90,17810,12,0,Yes,1,Travel_Rarely,1,Near (1-5 mi),3,3 - High,3,3 - High,4,4 - Very High,3,3 - Better,2,3,3 - Excellent,25,7,6-10 Years,1,0,7,2,7,No,0
433,52,50+,Male,Married,Research & Development,Research Scientist,2,4,4 - Master,Medical,4941,"Mid ($3,500 - $7,000)",723,85,17747,15,0,No,0,Travel_Rarely,8,Moderate (6-15 mi),2,2 - Medium,3,3 - High,1,1 - Low,2,2 - Good,2,3,3 - Excellent,11,8,6-10 Years,2,7,7,3,2,Yes,1
434,27,Under 30,Female,Single,Research & Development,Research Scientist,1,3,3 - Bachelor,Life Sciences,2478,"Low (<$3,500)",1220,85,20938,12,0,Yes,1,Travel_Rarely,5,Near (1-5 mi),2,2 - Medium,3,3 - High,2,2 - Medium,2,2 - Good,3,3,3 - Excellent,4,4,3-5 Years,3,1,2,2,1,No,0
436,32,30-39,Female,Married,Sales,Sales Executive,2,2,2 - College,Technical Degree,5228,"Mid ($3,500 - $7,000)",588,65,24624,11,0,Yes,1,Travel_Rarely,8,Moderate (6-15 mi),2,2 - Medium,3,3 - High,4,4 - Very High,3,3 - Better,2,3,3 - Excellent,13,13,10+ Years,12,11,9,2,1,No,0
437,27,Under 30,Male,Single,Sales,Sales Executive,2,3,3 - Bachelor,Life Sciences,4478,"Mid ($3,500 - $7,000)",1377,74,5242,11,0,Yes,1,Travel_Rarely,2,Near (1-5 mi),3,3 - High,4,4 - Very High,1,1 - Low,3,3 - Better,3,3,3 - Excellent,5,5,3-5 Years,4,0,4,3,1,No,0
438,31,30-39,Male,Divorced,Sales,Sales Executive,2,3,3 - Bachelor,Marketing,7547,"High ($7,001 - $12,000)",691,73,7143,12,3,No,0,Travel_Rarely,7,Moderate (6-15 mi),4,4 - Very High,4,4 - Very High,4,4 - Very High,3,3 - Better,3,3,3 - Excellent,13,7,6-10 Years,7,1,7,3,4,No,0
439,32,30-39,Female,Single,Research & Development,Research Scientist,2,4,4 - Master,Medical,5055,"Mid ($3,500 - $7,000)",1018,74,10557,16,0,No,0,Travel_Rarely,2,Near (1-5 mi),4,4 - Very High,1,1 - Low,3,3 - High,2,2 - Good,4,3,3 - Excellent,10,7,6-10 Years,7,0,7,0,7,No,0
440,28,Under 30,Male,Married,Research & Development,Research Scientist,1,4,4 - Master,Medical,3464,"Low (<$3,500)",1157,84,24737,13,0,Yes,1,Travel_Rarely,2,Near (1-5 mi),4,4 - Very High,1,1 - Low,4,4 - Very High,2,2 - Good,1,3,3 - Excellent,5,3,3-5 Years,2,2,2,4,5,Yes,1
441,30,30-39,Female,Married,Research & Development,Research Scientist,2,2,2 - College,Medical,5775,"Mid ($3,500 - $7,000)",1275,64,11934,13,2,No,0,Travel_Rarely,28,Very Far (26+ mi),4,4 - Very High,4,4 - Very High,4,4 - Very High,3,3 - Better,3,3,3 - Excellent,11,10,6-10 Years,8,1,9,2,1,No,0
442,31,30-39,Female,Married,Research & Development,Manufacturing Director,3,2,2 - College,Life Sciences,8943,"High ($7,001 - $12,000)",798,48,14034,24,1,No,0,Travel_Frequently,7,Moderate (6-15 mi),3,3 - High,3,3 - High,1,1 - Low,3,3 - Better,2,4,4 - Outstanding,10,10,6-10 Years,9,8,9,2,1,No,0
444,39,30-39,Male,Married,Research & Development,Manager,5,2,2 - College,Medical,19272,"Executive (>$12,000)",672,54,21141,15,1,No,0,Travel_Frequently,7,Moderate (6-15 mi),4,4 - Very High,3,3 - High,1,1 - Low,3,3 - Better,2,3,3 - Excellent,21,21,10+ Years,9,13,3,2,1,No,0
445,39,30-39,Female,Married,Sales,Sales Executive,2,2,2 - College,Medical,5238,"Mid ($3,500 - $7,000)",1162,41,17778,18,0,Yes,1,Travel_Rarely,3,Near (1-5 mi),3,3 - High,4,4 - Very High,1,1 - Low,2,2 - Good,3,3,3 - Excellent,12,1,1-2 Years,0,0,0,3,4,Yes,1
446,33,30-39,Male,Single,Sales,Sales Executive,2,3,3 - Bachelor,Marketing,4682,"Mid ($3,500 - $7,000)",508,46,4317,14,0,No,0,Travel_Frequently,10,Moderate (6-15 mi),4,4 - Very High,2,2 - Medium,3,3 - High,2,2 - Good,2,3,3 - Excellent,9,7,6-10 Years,7,0,1,6,3,No,0
447,47,40-49,Male,Married,Research & Development,Research Director,5,5,5 - Doctor,Life Sciences,18300,"Executive (>$12,000)",1482,42,16375,11,1,No,0,Travel_Rarely,5,Near (1-5 mi),3,3 - High,4,4 - Very High,2,2 - Medium,3,3 - Better,3,3,3 - Excellent,21,3,3-5 Years,2,1,1,2,4,No,0
448,43,40-49,Female,Divorced,Research & Development,Laboratory Technician,2,4,4 - Master,Life Sciences,5257,"Mid ($3,500 - $7,000)",559,82,6227,11,1,No,0,Travel_Frequently,10,Moderate (6-15 mi),3,3 - High,3,3 - High,2,2 - Medium,4,4 - Best,2,3,3 - Excellent,9,9,6-10 Years,7,0,0,3,1,No,0
449,27,Under 30,Male,Married,Sales,Sales Executive,2,1,1 - Below College,Marketing,6349,"Mid ($3,500 - $7,000)",210,73,22107,13,1,Yes,1,Non-Travel,1,Near (1-5 mi),2,2 - Medium,3,3 - High,4,4 - Very High,3,3 - Better,3,3,3 - Excellent,6,5,3-5 Years,4,1,4,0,0,No,0
450,54,50+,Female,Single,Research & Development,Research Scientist,2,4,4 - Master,Life Sciences,4869,"Mid ($3,500 - $7,000)",928,31,16885,12,0,No,0,Travel_Frequently,20,Far (16-25 mi),3,3 - High,4,4 - Very High,4,4 - Very High,2,2 - Good,3,3,3 - Excellent,20,4,3-5 Years,3,0,3,4,3,No,0
451,43,40-49,Female,Married,Research & Development,Healthcare Representative,3,3,3 - Bachelor,Life Sciences,9985,"High ($7,001 - $12,000)",1001,43,9262,16,1,No,0,Travel_Rarely,7,Moderate (6-15 mi),1,1 - Low,3,3 - High,1,1 - Low,2,2 - Good,3,3,3 - Excellent,10,1,1-2 Years,0,0,0,1,8,No,0
452,45,40-49,Male,Married,Research & Development,Research Scientist,2,4,4 - Master,Other,3697,"Mid ($3,500 - $7,000)",549,75,9278,14,2,No,0,Travel_Rarely,8,Moderate (6-15 mi),4,4 - Very High,4,4 - Very High,1,1 - Low,3,3 - Better,3,3,3 - Excellent,12,10,6-10 Years,9,9,8,3,9,No,0
453,40,40-49,Male,Married,Sales,Sales Executive,2,2,2 - College,Medical,7457,"High ($7,001 - $12,000)",1124,57,13273,22,3,Yes,1,Travel_Rarely,1,Near (1-5 mi),4,4 - Very High,2,2 - Medium,3,3 - High,2,2 - Good,1,4,4 - Outstanding,6,4,3-5 Years,3,0,2,2,2,No,0
454,29,Under 30,Male,Married,Research & Development,Laboratory Technician,1,4,4 - Master,Other,2119,"Low (<$3,500)",318,77,4759,11,0,Yes,1,Travel_Rarely,8,Moderate (6-15 mi),1,1 - Low,2,2 - Medium,4,4 - Very High,2,2 - Good,1,3,3 - Excellent,7,7,6-10 Years,7,0,7,4,1,Yes,1
455,29,Under 30,Male,Single,Research & Development,Laboratory Technician,1,5,5 - Doctor,Other,3983,"Mid ($3,500 - $7,000)",738,30,7621,17,0,No,0,Travel_Rarely,9,Moderate (6-15 mi),4,4 - Very High,2,2 - Medium,3,3 - High,3,3 - Better,2,3,3 - Excellent,4,3,3-5 Years,2,2,2,2,0,No,0
456,30,30-39,Female,Divorced,Sales,Sales Executive,2,3,3 - Bachelor,Marketing,6118,"Mid ($3,500 - $7,000)",570,30,5431,13,3,No,0,Travel_Rarely,5,Near (1-5 mi),3,3 - High,4,4 - Very High,3,3 - High,3,3 - Better,2,3,3 - Excellent,10,10,6-10 Years,9,1,2,2,1,No,0
458,27,Under 30,Female,Married,Sales,Sales Executive,2,4,4 - Master,Marketing,6214,"Mid ($3,500 - $7,000)",1130,56,3415,18,1,No,0,Travel_Rarely,8,Moderate (6-15 mi),2,2 - Medium,2,2 - Medium,1,1 - Low,3,3 - Better,3,3,3 - Excellent,8,8,6-10 Years,7,0,7,3,1,No,0
460,37,30-39,Male,Divorced,Research & Development,Manufacturing Director,2,2,2 - College,Medical,6347,"Mid ($3,500 - $7,000)",1192,61,23177,16,2,No,0,Travel_Rarely,5,Near (1-5 mi),4,4 - Very High,4,4 - Very High,3,3 - High,2,2 - Good,3,3,3 - Excellent,8,6,6-10 Years,2,0,4,2,7,No,0
461,38,30-39,Male,Divorced,Research & Development,Research Director,3,2,2 - College,Life Sciences,11510,"High ($7,001 - $12,000)",343,92,15682,14,1,Yes,1,Travel_Rarely,15,Moderate (6-15 mi),4,4 - Very High,3,3 - High,2,2 - Medium,3,3 - Better,2,3,3 - Excellent,12,11,10+ Years,10,2,9,3,0,No,0
462,31,30-39,Female,Single,Research & Development,Manufacturing Director,3,4,4 - Master,Medical,7143,"High ($7,001 - $12,000)",1232,39,25713,14,0,Yes,1,Travel_Rarely,7,Moderate (6-15 mi),4,4 - Very High,3,3 - High,3,3 - High,2,2 - Good,3,3,3 - Excellent,11,11,10+ Years,9,4,10,2,1,No,0
463,29,Under 30,Female,Divorced,Sales,Sales Executive,2,1,1 - Below College,Marketing,8268,"High ($7,001 - $12,000)",144,39,11866,14,2,Yes,1,Travel_Rarely,10,Moderate (6-15 mi),2,2 - Medium,4,4 - Very High,1,1 - Low,3,3 - Better,2,3,3 - Excellent,7,7,6-10 Years,7,1,7,2,1,No,0
464,35,30-39,Male,Single,Research & Development,Manufacturing Director,3,4,4 - Master,Technical Degree,8095,"High ($7,001 - $12,000)",1296,62,18264,13,0,No,0,Travel_Rarely,5,Near (1-5 mi),2,2 - Medium,3,3 - High,4,4 - Very High,3,3 - Better,3,3,3 - Excellent,17,16,10+ Years,6,0,13,5,0,No,0
465,23,Under 30,Male,Divorced,Research & Development,Research Scientist,1,1,1 - Below College,Life Sciences,2904,"Low (<$3,500)",1309,83,16092,12,2,No,0,Travel_Rarely,26,Very Far (26+ mi),4,4 - Very High,3,3 - High,3,3 - High,2,2 - Good,3,3,3 - Excellent,4,4,3-5 Years,2,0,2,2,1,No,0
466,41,40-49,Male,Single,Research & Development,Manufacturing Director,2,3,3 - Bachelor,Medical,6032,"Mid ($3,500 - $7,000)",483,95,10110,15,0,Yes,1,Travel_Rarely,6,Moderate (6-15 mi),2,2 - Medium,4,4 - Very High,4,4 - Very High,3,3 - Better,2,3,3 - Excellent,8,5,3-5 Years,4,1,2,3,6,No,0
467,47,40-49,Male,Single,Sales,Sales Representative,2,1,1 - Below College,Medical,2976,"Low (<$3,500)",1309,99,25751,19,0,No,0,Travel_Frequently,4,Near (1-5 mi),3,3 - High,2,2 - Medium,1,1 - Low,3,3 - Better,3,3,3 - Excellent,5,0,< 1 Year,0,0,0,3,3,No,0
468,42,40-49,Female,Single,Research & Development,Research Director,4,5,5 - Doctor,Life Sciences,15992,"Executive (>$12,000)",810,44,15901,14,0,No,0,Travel_Rarely,23,Far (16-25 mi),4,4 - Very High,1,1 - Low,2,2 - Medium,3,3 - Better,3,3,3 - Excellent,16,1,1-2 Years,0,0,0,2,2,No,0
469,29,Under 30,Male,Married,Sales,Sales Executive,2,3,3 - Bachelor,Life Sciences,4649,"Mid ($3,500 - $7,000)",746,61,16928,14,1,No,0,Non-Travel,2,Near (1-5 mi),3,3 - High,4,4 - Very High,1,1 - Low,2,2 - Good,3,3,3 - Excellent,4,4,3-5 Years,3,0,2,3,1,No,0
470,42,40-49,Male,Divorced,Human Resources,Human Resources,1,1,1 - Below College,Technical Degree,2696,"Low (<$3,500)",544,52,24017,11,1,Yes,1,Travel_Rarely,2,Near (1-5 mi),3,3 - High,3,3 - High,3,3 - High,3,3 - Better,3,3,3 - Excellent,4,3,3-5 Years,2,1,0,5,0,No,0
471,32,30-39,Female,Married,Research & Development,Laboratory Technician,1,3,3 - Bachelor,Medical,2370,"Low (<$3,500)",1062,75,3956,13,1,No,0,Travel_Rarely,2,Near (1-5 mi),2,2 - Medium,3,3 - High,3,3 - High,3,3 - Better,3,3,3 - Excellent,8,8,6-10 Years,0,0,7,4,1,No,0
473,48,40-49,Female,Married,Sales,Manager,3,1,1 - Below College,Medical,12504,"Executive (>$12,000)",530,91,23978,21,1,No,0,Travel_Rarely,29,Very Far (26+ mi),3,3 - High,1,1 - Low,2,2 - Medium,1,1 - Bad,3,4,4 - Outstanding,15,0,< 1 Year,0,0,0,3,3,No,0
474,37,30-39,Male,Divorced,Research & Development,Research Scientist,2,3,3 - Bachelor,Medical,5974,"Mid ($3,500 - $7,000)",1319,51,17001,13,2,Yes,1,Travel_Rarely,6,Moderate (6-15 mi),1,1 - Low,3,3 - High,1,1 - Low,3,3 - Better,4,3,3 - Excellent,13,7,6-10 Years,7,6,7,2,4,No,0
475,30,30-39,Female,Married,Sales,Sales Executive,2,2,2 - College,Technical Degree,4736,"Mid ($3,500 - $7,000)",641,85,6069,12,1,Yes,1,Non-Travel,25,Far (16-25 mi),3,3 - High,4,4 - Very High,2,2 - Medium,4,4 - Best,3,3,3 - Excellent,4,2,1-2 Years,2,2,2,2,7,No,0
476,26,Under 30,Male,Married,Sales,Sales Executive,2,3,3 - Bachelor,Life Sciences,5296,"Mid ($3,500 - $7,000)",933,57,20156,17,1,No,0,Travel_Rarely,1,Near (1-5 mi),3,3 - High,3,3 - High,2,2 - Medium,3,3 - Better,3,3,3 - Excellent,8,8,6-10 Years,7,7,7,3,1,No,0
477,42,40-49,Male,Single,Research & Development,Healthcare Representative,2,4,4 - Master,Other,6781,"Mid ($3,500 - $7,000)",1332,98,17078,23,0,No,0,Travel_Rarely,2,Near (1-5 mi),4,4 - Very High,1,1 - Low,2,2 - Medium,3,3 - Better,2,4,4 - Outstanding,14,1,1-2 Years,0,0,0,6,3,No,0
478,21,Under 30,Female,Single,Sales,Sales Representative,1,1,1 - Below College,Technical Degree,2174,"Low (<$3,500)",756,99,9150,11,0,Yes,1,Travel_Frequently,1,Near (1-5 mi),2,2 - Medium,1,1 - Low,3,3 - High,3,3 - Better,2,3,3 - Excellent,3,3,3-5 Years,2,1,2,3,1,Yes,1
479,36,30-39,Female,Single,Sales,Sales Executive,2,5,5 - Doctor,Medical,6653,"Mid ($3,500 - $7,000)",845,45,15276,15,0,No,0,Non-Travel,1,Near (1-5 mi),4,4 - Very High,4,4 - Very High,2,2 - Medium,3,3 - Better,3,3,3 - Excellent,7,1,1-2 Years,0,0,0,6,4,No,0
481,36,30-39,Male,Married,Sales,Sales Executive,3,4,4 - Master,Medical,9699,"High ($7,001 - $12,000)",541,48,7246,11,1,No,0,Travel_Frequently,3,Near (1-5 mi),4,4 - Very High,1,1 - Low,1,1 - Low,3,3 - Better,2,3,3 - Excellent,16,13,10+ Years,9,1,12,2,4,No,0
482,57,50+,Male,Married,Research & Development,Healthcare Representative,2,4,4 - Master,Medical,6755,"Mid ($3,500 - $7,000)",593,88,2967,11,0,No,0,Travel_Rarely,1,Near (1-5 mi),3,3 - High,4,4 - Very High,3,3 - High,3,3 - Better,3,3,3 - Excellent,15,3,3-5 Years,2,1,2,2,2,No,0
483,40,40-49,Female,Married,Research & Development,Laboratory Technician,1,4,4 - Master,Life Sciences,2213,"Low (<$3,500)",1171,46,22495,13,1,Yes,1,Travel_Rarely,10,Moderate (6-15 mi),3,3 - High,4,4 - Very High,3,3 - High,3,3 - Better,4,3,3 - Excellent,10,7,6-10 Years,7,1,7,3,3,No,0
484,21,Under 30,Male,Single,Sales,Sales Representative,1,2,2 - College,Medical,2610,"Low (<$3,500)",895,39,2851,24,0,No,0,Non-Travel,9,Moderate (6-15 mi),4,4 - Very High,1,1 - Low,3,3 - High,2,2 - Good,3,4,4 - Outstanding,3,3,3-5 Years,2,2,2,3,1,No,0
485,33,30-39,Female,Single,Sales,Sales Representative,1,3,3 - Bachelor,Marketing,2851,"Low (<$3,500)",350,34,9150,13,0,Yes,1,Travel_Rarely,5,Near (1-5 mi),3,3 - High,4,4 - Very High,2,2 - Medium,3,3 - Better,3,3,3 - Excellent,1,1,1-2 Years,0,0,0,2,1,Yes,1
486,37,30-39,Female,Married,Research & Development,Laboratory Technician,1,3,3 - Bachelor,Medical,3452,"Low (<$3,500)",921,98,17663,20,1,No,0,Travel_Rarely,10,Moderate (6-15 mi),1,1 - Low,3,3 - High,2,2 - Medium,3,3 - Better,3,4,4 - Outstanding,17,5,3-5 Years,4,0,3,3,6,No,0
487,46,40-49,Female,Married,Research & Development,Manufacturing Director,2,4,4 - Master,Medical,5258,"Mid ($3,500 - $7,000)",1144,30,16044,14,0,No,0,Non-Travel,7,Moderate (6-15 mi),3,3 - High,3,3 - High,3,3 - High,4,4 - Best,3,3,3 - Excellent,7,1,1-2 Years,0,0,0,2,2,No,0
488,41,40-49,Male,Single,Sales,Sales Executive,2,3,3 - Bachelor,Marketing,9355,"High ($7,001 - $12,000)",143,56,9558,18,0,No,0,Travel_Frequently,4,Near (1-5 mi),2,2 - Medium,1,1 - Low,3,3 - High,3,3 - Better,3,3,3 - Excellent,8,8,6-10 Years,7,7,7,5,1,Yes,1
491,50,50+,Male,Single,Research & Development,Healthcare Representative,3,3,3 - Bachelor,Technical Degree,10496,"High ($7,001 - $12,000)",1046,100,2755,15,0,No,0,Travel_Rarely,10,Moderate (6-15 mi),4,4 - Very High,4,4 - Very High,4,4 - Very High,3,3 - Better,2,3,3 - Excellent,20,4,3-5 Years,3,1,3,2,6,No,0
492,40,40-49,Male,Married,Sales,Sales Executive,2,2,2 - College,Marketing,6380,"Mid ($3,500 - $7,000)",575,68,6110,12,2,Yes,1,Travel_Rarely,22,Far (16-25 mi),3,3 - High,3,3 - High,1,1 - Low,3,3 - Better,2,3,3 - Excellent,8,6,6-10 Years,4,1,0,6,2,Yes,1
493,31,30-39,Male,Single,Research & Development,Research Scientist,1,4,4 - Master,Life Sciences,2657,"Low (<$3,500)",408,42,7551,16,0,Yes,1,Travel_Rarely,9,Moderate (6-15 mi),2,2 - Medium,3,3 - High,4,4 - Very High,3,3 - Better,2,3,3 - Excellent,3,2,1-2 Years,2,2,2,5,0,No,0
494,21,Under 30,Female,Single,Sales,Sales Representative,1,3,3 - Bachelor,Life Sciences,2716,"Low (<$3,500)",156,90,25422,15,0,No,0,Travel_Rarely,12,Moderate (6-15 mi),2,2 - Medium,3,3 - High,4,4 - Very High,3,3 - Better,4,3,3 - Excellent,1,1,1-2 Years,0,0,0,0,1,Yes,1
495,29,Under 30,Male,Single,Research & Development,Research Scientist,1,3,3 - Bachelor,Life Sciences,2201,"Low (<$3,500)",1283,54,18168,16,0,No,0,Travel_Rarely,23,Far (16-25 mi),4,4 - Very High,4,4 - Very High,4,4 - Very High,3,3 - Better,3,3,3 - Excellent,6,3,3-5 Years,2,1,2,4,9,No,0
496,35,30-39,Male,Single,Research & Development,Healthcare Representative,2,4,4 - Master,Life Sciences,6540,"Mid ($3,500 - $7,000)",755,97,19394,19,0,No,0,Travel_Rarely,9,Moderate (6-15 mi),2,2 - Medium,3,3 - High,3,3 - High,3,3 - Better,2,3,3 - Excellent,10,1,1-2 Years,1,0,0,5,9,No,0
497,27,Under 30,Male,Divorced,Research & Development,Laboratory Technician,1,2,2 - College,Medical,3816,"Mid ($3,500 - $7,000)",1469,82,17881,11,1,No,0,Travel_Rarely,1,Near (1-5 mi),2,2 - Medium,4,4 - Very High,2,2 - Medium,3,3 - Better,3,3,3 - Excellent,5,5,3-5 Years,2,0,4,2,1,No,0
498,28,Under 30,Male,Single,Sales,Sales Executive,2,4,4 - Master,Life Sciences,5253,"Mid ($3,500 - $7,000)",304,92,20750,16,0,No,0,Travel_Rarely,9,Moderate (6-15 mi),4,4 - Very High,2,2 - Medium,4,4 - Very High,3,3 - Better,3,3,3 - Excellent,7,7,6-10 Years,5,0,7,1,1,No,0
499,49,40-49,Male,Single,Research & Development,Healthcare Representative,3,3,3 - Bachelor,Other,10965,"High ($7,001 - $12,000)",1261,31,12066,24,0,No,0,Travel_Rarely,7,Moderate (6-15 mi),3,3 - High,2,2 - Medium,3,3 - High,3,3 - Better,2,4,4 - Outstanding,26,5,3-5 Years,2,0,0,2,8,No,0
500,51,50+,Female,Married,Sales,Sales Executive,2,2,2 - College,Life Sciences,4936,"Mid ($3,500 - $7,000)",1178,87,14862,11,1,No,0,Travel_Rarely,14,Moderate (6-15 mi),4,4 - Very High,3,3 - High,3,3 - High,2,2 - Good,3,3,3 - Excellent,18,7,6-10 Years,7,0,7,2,4,No,0
501,36,30-39,Female,Married,Research & Development,Research Scientist,1,3,3 - Bachelor,Life Sciences,2543,"Low (<$3,500)",329,96,11868,13,1,No,0,Travel_Rarely,2,Near (1-5 mi),3,3 - High,4,4 - Very High,2,2 - Medium,3,3 - Better,3,3,3 - Excellent,6,2,1-2 Years,2,2,2,3,4,No,0
502,34,30-39,Male,Single,Sales,Sales Executive,2,3,3 - Bachelor,Marketing,5304,"Mid ($3,500 - $7,000)",1362,67,4652,13,0,Yes,1,Non-Travel,19,Far (16-25 mi),4,4 - Very High,1,1 - Low,2,2 - Medium,2,2 - Good,4,3,3 - Excellent,9,5,3-5 Years,2,0,4,3,8,Yes,1
505,55,50+,Female,Single,Research & Development,Manager,4,3,3 - Bachelor,Life Sciences,16659,"Executive (>$12,000)",1311,97,23258,13,0,Yes,1,Travel_Rarely,2,Near (1-5 mi),4,4 - Very High,3,3 - High,3,3 - High,3,3 - Better,3,3,3 - Excellent,30,5,3-5 Years,4,1,2,2,2,No,0
507,24,Under 30,Female,Divorced,Sales,Sales Executive,2,4,4 - Master,Marketing,4260,"Mid ($3,500 - $7,000)",1371,77,5915,12,1,Yes,1,Travel_Rarely,10,Moderate (6-15 mi),3,3 - High,4,4 - Very High,4,4 - Very High,4,4 - Best,3,3,3 - Excellent,5,5,3-5 Years,2,0,3,2,1,No,0
508,30,30-39,Male,Married,Sales,Sales Representative,1,1,1 - Below College,Technical Degree,2476,"Low (<$3,500)",202,72,17434,18,1,No,0,Travel_Rarely,2,Near (1-5 mi),2,2 - Medium,3,3 - High,1,1 - Low,3,3 - Better,3,3,3 - Excellent,1,1,1-2 Years,0,0,0,3,1,No,0
510,26,Under 30,Male,Single,Research & Development,Research Scientist,1,1,1 - Below College,Technical Degree,3102,"Low (<$3,500)",575,73,6582,22,0,No,0,Travel_Frequently,3,Near (1-5 mi),1,1 - Low,3,3 - High,3,3 - High,3,3 - Better,3,4,4 - Outstanding,7,6,6-10 Years,4,0,4,2,0,Yes,1
511,22,Under 30,Female,Married,Research & Development,Research Scientist,1,3,3 - Bachelor,Medical,2244,"Low (<$3,500)",253,43,24440,13,1,No,0,Travel_Rarely,11,Moderate (6-15 mi),2,2 - Medium,1,1 - Low,4,4 - Very High,3,3 - Better,3,3,3 - Excellent,2,2,1-2 Years,1,1,2,1,1,No,0
513,36,30-39,Male,Married,Sales,Sales Executive,3,2,2 - College,Medical,7596,"High ($7,001 - $12,000)",164,61,3809,13,2,No,0,Travel_Rarely,2,Near (1-5 mi),3,3 - High,2,2 - Medium,2,2 - Medium,3,3 - Better,2,3,3 - Excellent,10,10,6-10 Years,9,9,0,2,1,No,0
514,30,30-39,Male,Single,Research & Development,Research Scientist,1,3,3 - Bachelor,Technical Degree,2285,"Low (<$3,500)",464,40,3427,23,0,Yes,1,Travel_Frequently,4,Near (1-5 mi),4,4 - Very High,3,3 - High,3,3 - High,3,3 - Better,3,4,4 - Outstanding,3,1,1-2 Years,0,0,0,4,9,Yes,1
515,37,30-39,Female,Divorced,Research & Development,Laboratory Technician,1,3,3 - Bachelor,Life Sciences,3034,"Low (<$3,500)",1107,95,26914,12,1,No,0,Travel_Rarely,14,Moderate (6-15 mi),1,1 - Low,4,4 - Very High,3,3 - High,2,2 - Good,3,3,3 - Excellent,18,18,10+ Years,7,12,17,2,1,No,0
516,40,40-49,Female,Divorced,Sales,Sales Executive,2,2,2 - College,Marketing,5715,"Mid ($3,500 - $7,000)",759,46,22553,12,2,No,0,Travel_Rarely,2,Near (1-5 mi),2,2 - Medium,4,4 - Very High,3,3 - High,3,3 - Better,3,3,3 - Excellent,8,5,3-5 Years,4,1,3,5,7,No,0
517,42,40-49,Female,Divorced,Research & Development,Laboratory Technician,1,4,4 - Master,Life Sciences,2576,"Low (<$3,500)",201,95,20490,16,1,No,0,Travel_Rarely,1,Near (1-5 mi),1,1 - Low,2,2 - Medium,2,2 - Medium,3,3 - Better,3,3,3 - Excellent,8,5,3-5 Years,2,1,2,5,3,No,0
518,37,30-39,Male,Single,Research & Development,Manufacturing Director,2,4,4 - Master,Life Sciences,4197,"Mid ($3,500 - $7,000)",1305,49,21123,12,0,Yes,1,Travel_Rarely,10,Moderate (6-15 mi),2,2 - Medium,3,3 - High,4,4 - Very High,2,2 - Good,3,3,3 - Excellent,18,1,1-2 Years,0,0,1,2,2,No,0
520,43,40-49,Male,Divorced,Research & Development,Research Director,4,3,3 - Bachelor,Life Sciences,14336,"Executive (>$12,000)",982,59,4345,11,1,No,0,Travel_Rarely,12,Moderate (6-15 mi),2,2 - Medium,1,1 - Low,3,3 - High,3,3 - Better,2,3,3 - Excellent,25,25,10+ Years,10,3,9,3,1,No,0
521,40,40-49,Female,Married,Research & Development,Laboratory Technician,2,3,3 - Bachelor,Medical,3448,"Low (<$3,500)",555,78,13436,22,1,No,0,Travel_Rarely,2,Near (1-5 mi),3,3 - High,2,2 - Medium,2,2 - Medium,3,3 - Better,2,4,4 - Outstanding,20,1,1-2 Years,0,0,0,3,6,No,0
522,54,50+,Male,Married,Research & Development,Research Director,5,2,2 - College,Medical,19406,"Executive (>$12,000)",821,86,8509,11,1,No,0,Travel_Rarely,5,Near (1-5 mi),1,1 - Low,1,1 - Low,3,3 - High,2,2 - Good,3,3,3 - Excellent,24,4,3-5 Years,2,1,2,4,4,No,0
523,34,30-39,Female,Married,Sales,Sales Executive,2,4,4 - Master,Marketing,6538,"Mid ($3,500 - $7,000)",1381,72,12740,15,1,No,0,Non-Travel,4,Near (1-5 mi),3,3 - High,3,3 - High,1,1 - Low,3,3 - Better,3,3,3 - Excellent,6,3,3-5 Years,2,1,2,3,9,No,0
524,31,30-39,Female,Married,Research & Development,Manufacturing Director,2,2,2 - College,Medical,4306,"Mid ($3,500 - $7,000)",480,31,4156,12,1,No,0,Travel_Rarely,7,Moderate (6-15 mi),1,1 - Low,2,2 - Medium,2,2 - Medium,1,1 - Bad,3,3,3 - Excellent,13,13,10+ Years,10,3,12,5,1,No,0
525,43,40-49,Male,Married,Research & Development,Laboratory Technician,1,3,3 - Bachelor,Medical,2258,"Low (<$3,500)",313,61,15238,20,1,No,0,Travel_Frequently,21,Far (16-25 mi),4,4 - Very High,4,4 - Very High,1,1 - Low,3,3 - Better,3,4,4 - Outstanding,8,3,3-5 Years,2,1,2,1,7,No,0
526,43,40-49,Female,Divorced,Research & Development,Healthcare Representative,2,4,4 - Master,Other,4522,"Mid ($3,500 - $7,000)",1473,74,2227,14,0,Yes,1,Travel_Rarely,8,Moderate (6-15 mi),3,3 - High,3,3 - High,4,4 - Very High,3,3 - Better,3,3,3 - Excellent,8,5,3-5 Years,2,0,2,3,4,No,0
527,25,Under 30,Female,Single,Sales,Sales Executive,2,2,2 - College,Life Sciences,4487,"Mid ($3,500 - $7,000)",891,99,12090,11,0,Yes,1,Travel_Rarely,4,Near (1-5 mi),4,4 - Very High,2,2 - Medium,2,2 - Medium,3,3 - Better,2,3,3 - Excellent,5,5,3-5 Years,4,1,3,3,1,No,0
529,37,30-39,Female,Married,Research & Development,Research Scientist,2,5,5 - Doctor,Medical,4449,"Mid ($3,500 - $7,000)",1063,72,23866,15,2,Yes,1,Non-Travel,25,Far (16-25 mi),3,3 - High,2,2 - Medium,1,1 - Low,3,3 - Better,3,3,3 - Excellent,15,13,10+ Years,11,10,7,2,3,No,0
530,31,30-39,Male,Married,Research & Development,Laboratory Technician,1,2,2 - College,Life Sciences,2218,"Low (<$3,500)",329,98,16193,12,1,No,0,Travel_Rarely,1,Near (1-5 mi),1,1 - Low,4,4 - Very High,3,3 - High,3,3 - Better,2,3,3 - Excellent,4,4,3-5 Years,2,3,2,3,1,No,0
531,39,30-39,Male,Divorced,Research & Development,Manager,5,1,1 - Below College,Life Sciences,19197,"Executive (>$12,000)",1218,52,8213,14,1,Yes,1,Travel_Frequently,1,Near (1-5 mi),3,3 - High,2,2 - Medium,3,3 - High,3,3 - Better,3,3,3 - Excellent,21,21,10+ Years,8,1,6,3,1,No,0
532,56,50+,Female,Married,Sales,Sales Executive,4,3,3 - Bachelor,Life Sciences,13212,"Executive (>$12,000)",906,86,18256,11,3,No,0,Travel_Frequently,6,Moderate (6-15 mi),1,1 - Low,3,3 - High,4,4 - Very High,2,2 - Good,4,3,3 - Excellent,36,7,6-10 Years,7,7,7,0,9,No,0
533,30,30-39,Female,Single,Sales,Sales Executive,2,3,3 - Bachelor,Technical Degree,6577,"Mid ($3,500 - $7,000)",1082,83,19558,11,0,No,0,Travel_Rarely,12,Moderate (6-15 mi),3,3 - High,2,2 - Medium,2,2 - Medium,3,3 - Better,3,3,3 - Excellent,6,5,3-5 Years,4,4,4,6,0,No,0
534,41,40-49,Male,Married,Sales,Sales Executive,3,3,3 - Bachelor,Marketing,8392,"High ($7,001 - $12,000)",645,49,19566,16,1,No,0,Travel_Rarely,1,Near (1-5 mi),1,1 - Low,2,2 - Medium,3,3 - High,3,3 - Better,4,3,3 - Excellent,10,10,6-10 Years,7,0,7,2,1,No,0
536,28,Under 30,Male,Divorced,Research & Development,Laboratory Technician,2,2,2 - College,Medical,4558,"Mid ($3,500 - $7,000)",1300,79,13535,12,1,No,0,Travel_Rarely,17,Far (16-25 mi),1,1 - Low,3,3 - High,4,4 - Very High,3,3 - Better,3,3,3 - Excellent,10,10,6-10 Years,0,1,8,2,1,No,0
538,25,Under 30,Male,Married,Research & Development,Laboratory Technician,1,3,3 - Bachelor,Medical,4031,"Mid ($3,500 - $7,000)",688,91,9396,13,1,No,0,Travel_Rarely,3,Near (1-5 mi),1,1 - Low,1,1 - Low,3,3 - High,3,3 - Better,3,3,3 - Excellent,6,2,1-2 Years,2,0,2,5,5,Yes,1
543,52,50+,Male,Married,Research & Development,Manufacturing Director,3,3,3 - Bachelor,Medical,7969,"High ($7,001 - $12,000)",319,39,19609,14,0,Yes,1,Travel_Rarely,3,Near (1-5 mi),3,3 - High,4,4 - Very High,3,3 - High,3,3 - Better,2,3,3 - Excellent,28,5,3-5 Years,4,0,4,4,2,No,0
544,45,40-49,Male,Married,Research & Development,Research Scientist,1,2,2 - College,Life Sciences,2654,"Low (<$3,500)",192,69,9655,21,2,No,0,Travel_Rarely,10,Moderate (6-15 mi),4,4 - Very High,1,1 - Low,4,4 - Very High,2,2 - Good,3,4,4 - Outstanding,8,2,1-2 Years,2,0,2,3,3,No,0
546,52,50+,Female,Married,Research & Development,Manager,4,2,2 - College,Life Sciences,16555,"Executive (>$12,000)",1490,30,10310,13,0,No,0,Travel_Rarely,4,Near (1-5 mi),4,4 - Very High,4,4 - Very High,4,4 - Very High,1,1 - Bad,3,3,3 - Excellent,31,5,3-5 Years,2,1,4,2,2,No,0
547,42,40-49,Female,Divorced,Research & Development,Research Scientist,2,2,2 - College,Life Sciences,4556,"Mid ($3,500 - $7,000)",532,92,12932,11,1,No,0,Travel_Frequently,29,Very Far (26+ mi),3,3 - High,1,1 - Low,2,2 - Medium,3,3 - Better,3,3,3 - Excellent,19,5,3-5 Years,4,0,2,3,2,No,0
548,30,30-39,Female,Single,Research & Development,Manufacturing Director,2,3,3 - Bachelor,Life Sciences,6091,"Mid ($3,500 - $7,000)",317,43,24793,20,0,No,0,Travel_Rarely,2,Near (1-5 mi),4,4 - Very High,3,3 - High,3,3 - High,3,3 - Better,1,4,4 - Outstanding,11,5,3-5 Years,4,0,2,2,2,No,0
549,60,50+,Female,Married,Research & Development,Manager,5,3,3 - Bachelor,Life Sciences,19566,"Executive (>$12,000)",422,41,3854,11,0,No,0,Travel_Rarely,7,Moderate (6-15 mi),1,1 - Low,1,1 - Low,4,4 - Very High,1,1 - Bad,3,3,3 - Excellent,33,29,10+ Years,8,11,10,5,5,No,0
550,46,40-49,Female,Divorced,Research & Development,Manufacturing Director,2,3,3 - Bachelor,Medical,4810,"Mid ($3,500 - $7,000)",1485,87,26314,14,1,No,0,Travel_Rarely,18,Far (16-25 mi),3,3 - High,3,3 - High,3,3 - High,2,2 - Good,3,3,3 - Excellent,19,10,6-10 Years,7,0,8,5,2,No,0
551,42,40-49,Female,Married,Research & Development,Healthcare Representative,2,4,4 - Master,Technical Degree,4523,"Mid ($3,500 - $7,000)",1368,88,4386,11,3,No,0,Travel_Frequently,28,Very Far (26+ mi),4,4 - Very High,4,4 - Very High,4,4 - Very High,4,4 - Best,2,3,3 - Excellent,7,6,6-10 Years,5,0,4,4,0,No,0
554,24,Under 30,Female,Single,Sales,Sales Representative,1,1,1 - Below College,Technical Degree,3202,"Low (<$3,500)",1448,62,21972,16,0,Yes,1,Travel_Rarely,1,Near (1-5 mi),2,2 - Medium,1,1 - Low,2,2 - Medium,3,3 - Better,3,3,3 - Excellent,6,5,3-5 Years,3,1,4,4,1,Yes,1
555,34,30-39,Female,Divorced,Sales,Sales Representative,1,2,2 - College,Marketing,2351,"Low (<$3,500)",296,33,12253,16,1,No,0,Travel_Frequently,6,Moderate (6-15 mi),3,3 - High,4,4 - Very High,4,4 - Very High,2,2 - Good,1,3,3 - Excellent,3,2,1-2 Years,2,1,0,3,0,Yes,1
556,38,30-39,Male,Married,Research & Development,Laboratory Technician,1,2,2 - College,Life Sciences,1702,"Low (<$3,500)",1490,42,12106,23,1,Yes,1,Travel_Frequently,2,Near (1-5 mi),4,4 - Very High,4,4 - Very High,3,3 - High,3,3 - Better,3,4,4 - Outstanding,1,1,1-2 Years,0,0,0,3,1,No,0
558,40,40-49,Female,Married,Sales,Manager,5,4,4 - Master,Life Sciences,18041,"Executive (>$12,000)",1398,79,13022,14,0,No,0,Travel_Rarely,2,Near (1-5 mi),3,3 - High,3,3 - High,4,4 - Very High,3,3 - Better,3,3,3 - Excellent,21,20,10+ Years,15,1,12,2,0,No,0
560,26,Under 30,Female,Divorced,Research & Development,Research Scientist,1,3,3 - Bachelor,Life Sciences,2886,"Low (<$3,500)",1349,90,3032,22,2,No,0,Travel_Rarely,23,Far (16-25 mi),4,4 - Very High,1,1 - Low,2,2 - Medium,1,1 - Bad,3,4,4 - Outstanding,3,3,3-5 Years,2,0,2,3,1,No,0
562,30,30-39,Male,Married,Research & Development,Laboratory Technician,1,3,3 - Bachelor,Life Sciences,2097,"Low (<$3,500)",1400,53,16734,15,1,No,0,Non-Travel,3,Near (1-5 mi),4,4 - Very High,3,3 - High,3,3 - High,1,1 - Bad,3,3,3 - Excellent,9,5,3-5 Years,3,1,4,3,4,No,0
564,29,Under 30,Male,Married,Research & Development,Research Director,3,4,4 - Master,Medical,11935,"High ($7,001 - $12,000)",986,93,21526,18,0,No,0,Travel_Rarely,3,Near (1-5 mi),3,3 - High,2,2 - Medium,3,3 - High,3,3 - Better,2,3,3 - Excellent,10,10,6-10 Years,2,0,7,2,1,No,0
565,29,Under 30,Female,Married,Research & Development,Research Scientist,1,5,5 - Doctor,Technical Degree,2546,"Low (<$3,500)",408,71,18300,16,0,No,0,Travel_Rarely,25,Far (16-25 mi),2,2 - Medium,3,3 - High,2,2 - Medium,4,4 - Best,2,3,3 - Excellent,6,2,1-2 Years,2,1,1,2,5,Yes,1
566,19,Under 30,Male,Single,Human Resources,Human Resources,1,2,2 - College,Technical Degree,2564,"Low (<$3,500)",489,52,18437,12,0,No,0,Travel_Rarely,2,Near (1-5 mi),4,4 - Very High,1,1 - Low,3,3 - High,4,4 - Best,2,3,3 - Excellent,1,1,1-2 Years,0,0,0,3,1,Yes,1
567,30,30-39,Female,Married,Sales,Sales Executive,3,4,4 - Master,Other,8412,"High ($7,001 - $12,000)",1398,69,2890,11,0,No,0,Non-Travel,22,Far (16-25 mi),1,1 - Low,3,3 - High,3,3 - High,3,3 - Better,3,3,3 - Excellent,10,9,6-10 Years,8,7,8,3,0,No,0
568,57,50+,Male,Divorced,Sales,Manager,4,3,3 - Bachelor,Marketing,14118,"Executive (>$12,000)",210,56,22102,12,1,No,0,Travel_Rarely,29,Very Far (26+ mi),4,4 - Very High,1,1 - Low,3,3 - High,2,2 - Good,2,3,3 - Excellent,32,1,1-2 Years,0,0,0,3,3,No,0
569,50,50+,Male,Married,Research & Development,Manager,4,4,4 - Master,Life Sciences,17046,"Executive (>$12,000)",1099,88,9314,15,1,No,0,Travel_Rarely,29,Very Far (26+ mi),3,3 - High,2,2 - Medium,2,2 - Medium,3,3 - Better,2,3,3 - Excellent,28,27,10+ Years,10,15,7,2,0,No,0
571,30,30-39,Female,Single,Research & Development,Laboratory Technician,1,3,3 - Bachelor,Medical,2564,"Low (<$3,500)",1116,49,7181,14,0,No,0,Non-Travel,2,Near (1-5 mi),4,4 - Very High,3,3 - High,3,3 - High,2,2 - Good,3,3,3 - Excellent,12,11,10+ Years,7,6,7,2,0,No,0
573,60,50+,Female,Married,Sales,Sales Executive,3,3,3 - Bachelor,Marketing,10266,"High ($7,001 - $12,000)",1499,80,2845,19,0,No,0,Travel_Frequently,28,Very Far (26+ mi),1,1 - Low,3,3 - High,4,4 - Very High,4,4 - Best,2,3,3 - Excellent,22,18,10+ Years,13,13,11,5,4,No,0
574,47,40-49,Female,Divorced,Research & Development,Manufacturing Director,2,2,2 - College,Medical,5070,"Mid ($3,500 - $7,000)",983,65,7389,13,3,No,0,Travel_Rarely,2,Near (1-5 mi),4,4 - Very High,1,1 - Low,3,3 - High,3,3 - Better,3,3,3 - Excellent,20,5,3-5 Years,0,0,4,2,5,No,0
575,46,40-49,Male,Married,Research & Development,Research Director,4,3,3 - Bachelor,Life Sciences,17861,"Executive (>$12,000)",1009,51,2288,13,0,No,0,Travel_Rarely,2,Near (1-5 mi),3,3 - High,1,1 - Low,3,3 - High,1,1 - Bad,3,3,3 - Excellent,26,3,3-5 Years,2,0,1,2,6,No,0
577,35,30-39,Male,Single,Research & Development,Laboratory Technician,1,3,3 - Bachelor,Life Sciences,4230,"Mid ($3,500 - $7,000)",144,46,19225,15,0,No,0,Travel_Rarely,22,Far (16-25 mi),3,3 - High,4,4 - Very High,3,3 - High,3,3 - Better,1,3,3 - Excellent,6,5,3-5 Years,4,4,3,2,0,No,0
578,54,50+,Female,Single,Research & Development,Laboratory Technician,2,4,4 - Master,Life Sciences,3780,"Mid ($3,500 - $7,000)",548,42,23428,11,0,No,0,Travel_Rarely,8,Moderate (6-15 mi),3,3 - High,3,3 - High,3,3 - High,3,3 - Better,3,3,3 - Excellent,19,1,1-2 Years,0,0,0,3,7,No,0
579,34,30-39,Male,Divorced,Research & Development,Research Scientist,1,4,4 - Master,Life Sciences,2768,"Low (<$3,500)",1303,62,8416,12,1,No,0,Travel_Rarely,2,Near (1-5 mi),3,3 - High,4,4 - Very High,3,3 - High,3,3 - Better,2,3,3 - Excellent,14,7,6-10 Years,3,5,7,3,3,No,0
580,46,40-49,Female,Married,Sales,Sales Executive,3,3,3 - Bachelor,Marketing,9071,"High ($7,001 - $12,000)",1125,94,11563,19,1,Yes,1,Travel_Rarely,10,Moderate (6-15 mi),4,4 - Very High,3,3 - High,3,3 - High,3,3 - Better,2,3,3 - Excellent,15,3,3-5 Years,2,1,2,3,2,No,0
581,31,30-39,Male,Divorced,Research & Development,Manufacturing Director,3,1,1 - Below College,Life Sciences,10648,"High ($7,001 - $12,000)",1274,33,14394,25,1,No,0,Travel_Rarely,9,Moderate (6-15 mi),2,2 - Medium,3,3 - High,4,4 - Very High,4,4 - Best,3,4,4 - Outstanding,13,13,10+ Years,8,0,8,6,1,No,0
582,33,30-39,Male,Married,Research & Development,Manager,3,1,1 - Below College,Medical,13610,"Executive (>$12,000)",1277,56,24619,12,0,Yes,1,Travel_Rarely,15,Moderate (6-15 mi),3,3 - High,2,2 - Medium,4,4 - Very High,4,4 - Best,3,3,3 - Excellent,15,7,6-10 Years,6,7,7,2,7,Yes,1
584,33,30-39,Male,Divorced,Research & Development,Laboratory Technician,1,1,1 - Below College,Medical,3408,"Low (<$3,500)",587,38,6705,13,3,No,0,Travel_Rarely,10,Moderate (6-15 mi),4,4 - Very High,1,1 - Low,1,1 - Low,3,3 - Better,1,3,3 - Excellent,8,4,3-5 Years,3,1,3,2,7,Yes,1
585,30,30-39,Male,Single,Sales,Sales Representative,1,1,1 - Below College,Marketing,2983,"Low (<$3,500)",413,57,18398,14,0,No,0,Travel_Rarely,7,Moderate (6-15 mi),2,2 - Medium,4,4 - Very High,1,1 - Low,3,3 - Better,3,3,3 - Excellent,4,3,3-5 Years,2,1,2,3,0,No,0
586,35,30-39,Male,Married,Research & Development,Healthcare Representative,3,3,3 - Bachelor,Life Sciences,7632,"High ($7,001 - $12,000)",1276,72,14295,12,0,Yes,1,Travel_Rarely,16,Far (16-25 mi),3,3 - High,4,4 - Very High,3,3 - High,3,3 - Better,3,3,3 - Excellent,10,8,6-10 Years,7,0,0,2,4,No,0
587,31,30-39,Male,Married,Research & Development,Healthcare Representative,3,3,3 - Bachelor,Life Sciences,9824,"High ($7,001 - $12,000)",534,66,22908,12,0,No,0,Travel_Frequently,20,Far (16-25 mi),3,3 - High,1,1 - Low,1,1 - Low,3,3 - Better,3,3,3 - Excellent,12,1,1-2 Years,0,0,0,2,3,Yes,1
590,34,30-39,Female,Divorced,Human Resources,Human Resources,3,3,3 - Bachelor,Human Resources,9950,"High ($7,001 - $12,000)",988,43,11533,15,3,Yes,1,Travel_Frequently,23,Far (16-25 mi),1,1 - Low,2,2 - Medium,3,3 - High,3,3 - Better,3,3,3 - Excellent,11,3,3-5 Years,2,0,2,2,9,Yes,1
591,42,40-49,Male,Married,Research & Development,Laboratory Technician,1,2,2 - College,Other,2093,"Low (<$3,500)",1474,97,9260,17,1,No,0,Travel_Frequently,5,Near (1-5 mi),3,3 - High,2,2 - Medium,4,4 - Very High,3,3 - Better,3,3,3 - Excellent,8,2,1-2 Years,2,2,0,4,4,No,0
592,36,30-39,Male,Single,Sales,Sales Executive,3,4,4 - Master,Medical,9980,"High ($7,001 - $12,000)",635,32,15318,14,0,No,0,Non-Travel,10,Moderate (6-15 mi),4,4 - Very High,2,2 - Medium,4,4 - Very High,2,2 - Good,3,3,3 - Excellent,10,10,6-10 Years,3,9,7,3,1,No,0
593,22,Under 30,Male,Single,Research & Development,Laboratory Technician,1,1,1 - Below College,Technical Degree,3894,"Mid ($3,500 - $7,000)",1368,99,9129,16,0,No,0,Travel_Frequently,4,Near (1-5 mi),3,3 - High,3,3 - High,3,3 - High,3,3 - Better,2,3,3 - Excellent,4,2,1-2 Years,2,1,2,3,5,Yes,1
595,48,40-49,Female,Married,Sales,Sales Executive,2,5,5 - Doctor,Marketing,4051,"Mid ($3,500 - $7,000)",163,37,19658,14,1,No,0,Travel_Rarely,2,Near (1-5 mi),4,4 - Very High,2,2 - Medium,1,1 - Low,3,3 - Better,3,3,3 - Excellent,14,9,6-10 Years,7,6,7,2,2,No,0
597,55,50+,Female,Single,Sales,Manager,4,5,5 - Doctor,Life Sciences,16835,"Executive (>$12,000)",1117,83,9873,23,0,No,0,Travel_Rarely,18,Far (16-25 mi),2,2 - Medium,1,1 - Low,4,4 - Very High,3,3 - Better,3,4,4 - Outstanding,37,10,6-10 Years,9,7,7,2,3,No,0
599,41,40-49,Male,Single,Sales,Sales Executive,2,2,2 - College,Life Sciences,6230,"Mid ($3,500 - $7,000)",267,56,13430,14,0,No,0,Non-Travel,10,Moderate (6-15 mi),4,4 - Very High,4,4 - Very High,4,4 - Very High,3,3 - Better,3,3,3 - Excellent,16,14,10+ Years,3,1,10,3,7,No,0
600,35,30-39,Male,Married,Sales,Sales Executive,2,3,3 - Bachelor,Marketing,4717,"Mid ($3,500 - $7,000)",619,85,18659,11,0,No,0,Travel_Rarely,1,Near (1-5 mi),3,3 - High,2,2 - Medium,3,3 - High,3,3 - Better,3,3,3 - Excellent,15,11,10+ Years,9,6,9,2,9,No,0
601,40,40-49,Female,Single,Research & Development,Manufacturing Director,4,3,3 - Bachelor,Life Sciences,13237,"Executive (>$12,000)",302,75,20364,15,0,No,0,Travel_Rarely,6,Moderate (6-15 mi),3,3 - High,2,2 - Medium,3,3 - High,3,3 - Better,3,3,3 - Excellent,22,20,10+ Years,6,5,13,3,7,No,0
602,39,30-39,Female,Married,Research & Development,Laboratory Technician,1,1,1 - Below College,Life Sciences,3755,"Mid ($3,500 - $7,000)",443,48,17872,11,1,No,0,Travel_Frequently,8,Moderate (6-15 mi),3,3 - High,3,3 - High,1,1 - Low,3,3 - Better,3,3,3 - Excellent,8,8,6-10 Years,3,0,7,3,1,No,0
604,31,30-39,Male,Single,Sales,Sales Executive,2,1,1 - Below College,Life Sciences,6582,"Mid ($3,500 - $7,000)",828,77,8346,13,0,Yes,1,Travel_Rarely,2,Near (1-5 mi),4,4 - Very High,2,2 - Medium,3,3 - High,4,4 - Best,3,3,3 - Excellent,10,6,6-10 Years,5,0,5,2,4,No,0
605,42,40-49,Male,Married,Research & Development,Manufacturing Director,3,3,3 - Bachelor,Medical,7406,"High ($7,001 - $12,000)",319,56,6950,21,1,Yes,1,Travel_Rarely,24,Far (16-25 mi),1,1 - Low,4,4 - Very High,4,4 - Very High,2,2 - Good,3,4,4 - Outstanding,10,10,6-10 Years,9,5,8,5,1,No,0
606,45,40-49,Male,Married,Sales,Sales Executive,2,3,3 - Bachelor,Other,4805,"Mid ($3,500 - $7,000)",561,61,16177,19,1,No,0,Travel_Rarely,2,Near (1-5 mi),2,2 - Medium,4,4 - Very High,2,2 - Medium,4,4 - Best,3,3,3 - Excellent,9,8,6-10 Years,7,3,7,3,0,No,0
608,26,Under 30,Female,Divorced,Human Resources,Human Resources,1,4,4 - Master,Life Sciences,2741,"Low (<$3,500)",426,58,22808,11,1,Yes,1,Travel_Frequently,17,Far (16-25 mi),3,3 - High,2,2 - Medium,2,2 - Medium,2,2 - Good,3,3,3 - Excellent,8,7,6-10 Years,7,1,0,2,0,Yes,1
611,29,Under 30,Male,Divorced,Research & Development,Manufacturing Director,2,3,3 - Bachelor,Technical Degree,4262,"Mid ($3,500 - $7,000)",232,34,22645,12,2,No,0,Travel_Rarely,19,Far (16-25 mi),4,4 - Very High,4,4 - Very High,2,2 - Medium,4,4 - Best,3,3,3 - Excellent,8,3,3-5 Years,2,1,2,2,4,No,0
612,33,30-39,Female,Divorced,Research & Development,Research Director,4,5,5 - Doctor,Medical,16184,"Executive (>$12,000)",922,95,22578,19,1,No,0,Travel_Rarely,1,Near (1-5 mi),3,3 - High,1,1 - Low,3,3 - High,3,3 - Better,4,3,3 - Excellent,10,6,6-10 Years,1,0,5,2,4,No,0
613,31,30-39,Male,Divorced,Sales,Manager,3,3,3 - Bachelor,Life Sciences,11557,"High ($7,001 - $12,000)",688,44,25291,21,1,No,0,Travel_Rarely,7,Moderate (6-15 mi),4,4 - Very High,3,3 - High,3,3 - High,2,2 - Good,2,4,4 - Outstanding,10,5,3-5 Years,4,0,1,3,9,No,0
614,18,Under 30,Male,Single,Sales,Sales Representative,1,3,3 - Bachelor,Marketing,1878,"Low (<$3,500)",1306,69,8059,14,0,Yes,1,Travel_Frequently,5,Near (1-5 mi),2,2 - Medium,2,2 - Medium,4,4 - Very High,3,3 - Better,3,3,3 - Excellent,0,0,< 1 Year,0,0,0,3,1,Yes,1
615,40,40-49,Male,Divorced,Sales,Sales Executive,3,3,3 - Bachelor,Other,10932,"High ($7,001 - $12,000)",1094,58,11373,15,1,No,0,Non-Travel,28,Very Far (26+ mi),1,1 - Low,3,3 - High,3,3 - High,3,3 - Better,1,3,3 - Excellent,20,1,1-2 Years,0,0,1,2,3,No,0
616,41,40-49,Female,Single,Research & Development,Healthcare Representative,2,4,4 - Master,Other,6811,"Mid ($3,500 - $7,000)",509,62,2112,17,0,Yes,1,Non-Travel,2,Near (1-5 mi),3,3 - High,1,1 - Low,1,1 - Low,3,3 - Better,2,3,3 - Excellent,10,8,6-10 Years,7,0,7,3,2,No,0
618,26,Under 30,Male,Divorced,Sales,Sales Executive,2,2,2 - College,Medical,4306,"Mid ($3,500 - $7,000)",775,45,4267,12,2,No,0,Travel_Rarely,29,Very Far (26+ mi),3,3 - High,1,1 - Low,1,1 - Low,3,3 - Better,3,3,3 - Excellent,8,0,< 1 Year,0,0,0,5,5,No,0
620,35,30-39,Female,Single,Sales,Sales Executive,2,3,3 - Bachelor,Medical,4859,"Mid ($3,500 - $7,000)",195,80,6698,16,0,No,0,Travel_Rarely,1,Near (1-5 mi),3,3 - High,1,1 - Low,4,4 - Very High,3,3 - Better,3,3,3 - Excellent,5,5,3-5 Years,4,0,3,3,1,No,0
621,34,30-39,Male,Single,Sales,Sales Executive,2,4,4 - Master,Life Sciences,5337,"Mid ($3,500 - $7,000)",258,74,19921,12,0,No,0,Travel_Rarely,21,Far (16-25 mi),4,4 - Very High,4,4 - Very High,4,4 - Very High,3,3 - Better,4,3,3 - Excellent,10,10,6-10 Years,7,5,7,3,1,No,0
622,26,Under 30,Male,Single,Research & Development,Laboratory Technician,1,3,3 - Bachelor,Technical Degree,2340,"Low (<$3,500)",471,66,23213,18,0,Yes,1,Travel_Rarely,24,Far (16-25 mi),4,4 - Very High,3,3 - High,2,2 - Medium,1,1 - Bad,1,3,3 - Excellent,1,1,1-2 Years,0,0,0,3,1,Yes,1
623,37,30-39,Female,Single,Research & Development,Manufacturing Director,3,3,3 - Bachelor,Technical Degree,7491,"High ($7,001 - $12,000)",799,59,23848,17,0,No,0,Travel_Rarely,1,Near (1-5 mi),4,4 - Very High,2,2 - Medium,4,4 - Very High,4,4 - Best,3,3,3 - Excellent,12,6,6-10 Years,5,1,2,3,4,No,0
624,46,40-49,Female,Married,Research & Development,Healthcare Representative,3,1,1 - Below College,Medical,10527,"High ($7,001 - $12,000)",1034,86,8984,11,0,No,0,Travel_Frequently,18,Far (16-25 mi),3,3 - High,1,1 - Low,4,4 - Very High,2,2 - Good,3,3,3 - Excellent,28,2,1-2 Years,2,1,2,3,5,No,0
625,41,40-49,Female,Married,Sales,Manager,4,5,5 - Doctor,Life Sciences,16595,"Executive (>$12,000)",1276,91,5626,16,1,No,0,Travel_Rarely,2,Near (1-5 mi),1,1 - Low,2,2 - Medium,2,2 - Medium,3,3 - Better,3,3,3 - Excellent,22,18,10+ Years,16,11,8,2,7,No,0
626,37,30-39,Male,Divorced,Sales,Sales Executive,3,4,4 - Master,Medical,8834,"High ($7,001 - $12,000)",142,69,24666,13,1,No,0,Non-Travel,9,Moderate (6-15 mi),2,2 - Medium,1,1 - Low,4,4 - Very High,3,3 - Better,3,3,3 - Excellent,9,9,6-10 Years,5,7,7,6,1,No,0
630,52,50+,Male,Divorced,Research & Development,Research Scientist,2,2,2 - College,Technical Degree,5577,"Mid ($3,500 - $7,000)",956,78,22087,12,2,Yes,1,Travel_Rarely,6,Moderate (6-15 mi),1,1 - Low,4,4 - Very High,2,2 - Medium,3,3 - Better,3,3,3 - Excellent,18,10,6-10 Years,9,6,9,3,3,No,0
631,32,30-39,Male,Married,Sales,Sales Executive,2,4,4 - Master,Other,4707,"Mid ($3,500 - $7,000)",1474,60,23914,12,0,No,0,Non-Travel,11,Moderate (6-15 mi),3,3 - High,4,4 - Very High,4,4 - Very High,3,3 - Better,4,3,3 - Excellent,6,4,3-5 Years,2,1,2,2,8,Yes,1
632,24,Under 30,Male,Married,Sales,Sales Representative,1,3,3 - Bachelor,Medical,2400,"Low (<$3,500)",535,38,5530,13,2,No,0,Travel_Frequently,24,Far (16-25 mi),4,4 - Very High,4,4 - Very High,3,3 - High,3,3 - Better,3,3,3 - Excellent,3,2,1-2 Years,2,2,1,3,0,No,0
634,38,30-39,Female,Married,Research & Development,Healthcare Representative,2,3,3 - Bachelor,Medical,9824,"High ($7,001 - $12,000)",1495,76,22174,19,1,No,0,Travel_Rarely,10,Moderate (6-15 mi),3,3 - High,3,3 - High,3,3 - High,3,3 - Better,3,3,3 - Excellent,18,1,1-2 Years,0,0,0,4,3,No,0
635,37,30-39,Female,Married,Research & Development,Manufacturing Director,2,4,4 - Master,Life Sciences,6447,"Mid ($3,500 - $7,000)",446,65,15701,12,1,No,0,Travel_Rarely,1,Near (1-5 mi),2,2 - Medium,2,2 - Medium,2,2 - Medium,2,2 - Good,3,3,3 - Excellent,8,6,6-10 Years,5,4,3,2,6,No,0
638,49,40-49,Male,Divorced,Research & Development,Research Director,5,4,4 - Master,Life Sciences,19502,"Executive (>$12,000)",1245,58,2125,17,1,Yes,1,Travel_Rarely,18,Far (16-25 mi),3,3 - High,4,4 - Very High,3,3 - High,3,3 - Better,2,3,3 - Excellent,31,31,10+ Years,9,0,9,5,1,No,0
639,24,Under 30,Male,Married,Research & Development,Research Scientist,1,3,3 - Bachelor,Medical,2725,"Low (<$3,500)",691,89,21630,11,2,Yes,1,Travel_Rarely,23,Far (16-25 mi),4,4 - Very High,2,2 - Medium,2,2 - Medium,3,3 - Better,4,3,3 - Excellent,6,6,6-10 Years,5,1,4,3,1,No,0
641,26,Under 30,Male,Married,Sales,Sales Executive,2,2,2 - College,Marketing,6272,"Mid ($3,500 - $7,000)",703,66,7428,20,2,No,0,Travel_Rarely,28,Very Far (26+ mi),2,2 - Medium,1,1 - Low,4,4 - Very High,4,4 - Best,3,4,4 - Outstanding,6,5,3-5 Years,3,1,4,5,1,No,0
643,24,Under 30,Male,Married,Research & Development,Laboratory Technician,1,2,2 - College,Other,2127,"Low (<$3,500)",823,94,9100,21,1,No,0,Travel_Rarely,17,Far (16-25 mi),2,2 - Medium,4,4 - Very High,4,4 - Very High,3,3 - Better,2,4,4 - Outstanding,1,1,1-2 Years,0,0,0,2,1,No,0
644,50,50+,Male,Married,Human Resources,Manager,5,3,3 - Bachelor,Medical,18200,"Executive (>$12,000)",1246,99,7999,11,1,No,0,Travel_Frequently,3,Near (1-5 mi),2,2 - Medium,1,1 - Low,3,3 - High,3,3 - Better,3,3,3 - Excellent,32,32,10+ Years,5,10,7,2,1,No,0
645,25,Under 30,Male,Married,Sales,Sales Representative,1,1,1 - Below College,Medical,2096,"Low (<$3,500)",622,40,26376,11,0,No,0,Travel_Rarely,13,Moderate (6-15 mi),3,3 - High,2,2 - Medium,3,3 - High,3,3 - Better,3,3,3 - Excellent,7,7,6-10 Years,4,0,6,1,1,No,0
647,24,Under 30,Female,Married,Research & Development,Laboratory Technician,1,3,3 - Bachelor,Life Sciences,2886,"Low (<$3,500)",1287,55,14168,16,1,Yes,1,Travel_Frequently,7,Moderate (6-15 mi),3,3 - High,1,1 - Low,4,4 - Very High,3,3 - Better,3,3,3 - Excellent,6,6,6-10 Years,3,1,2,4,1,Yes,1
648,30,30-39,Male,Married,Sales,Sales Representative,1,4,4 - Master,Life Sciences,2033,"Low (<$3,500)",448,74,14470,18,1,No,0,Travel_Frequently,12,Moderate (6-15 mi),1,1 - Low,2,2 - Medium,3,3 - High,4,4 - Best,2,3,3 - Excellent,1,1,1-2 Years,0,0,0,2,1,Yes,1
649,34,30-39,Male,Married,Research & Development,Research Scientist,1,2,2 - College,Life Sciences,3622,"Mid ($3,500 - $7,000)",254,83,22794,13,1,Yes,1,Travel_Rarely,1,Near (1-5 mi),4,4 - Very High,2,2 - Medium,4,4 - Very High,3,3 - Better,2,3,3 - Excellent,6,6,6-10 Years,5,1,3,3,1,No,0
650,31,30-39,Male,Divorced,Sales,Sales Executive,2,4,4 - Master,Medical,4233,"Mid ($3,500 - $7,000)",1365,46,11512,17,0,No,0,Travel_Rarely,13,Moderate (6-15 mi),1,1 - Low,2,2 - Medium,3,3 - High,1,1 - Bad,3,3,3 - Excellent,9,3,3-5 Years,1,1,2,2,2,Yes,1
652,35,30-39,Male,Single,Research & Development,Laboratory Technician,2,2,2 - College,Other,3681,"Mid ($3,500 - $7,000)",538,54,14004,14,0,No,0,Travel_Rarely,25,Far (16-25 mi),4,4 - Very High,1,1 - Low,4,4 - Very High,3,3 - Better,2,3,3 - Excellent,9,3,3-5 Years,2,0,2,3,4,No,0
653,31,30-39,Male,Divorced,Sales,Sales Executive,2,4,4 - Master,Medical,5460,"Mid ($3,500 - $7,000)",525,66,6219,22,2,No,0,Travel_Rarely,6,Moderate (6-15 mi),4,4 - Very High,1,1 - Low,4,4 - Very High,4,4 - Best,4,4,4 - Outstanding,13,7,6-10 Years,7,5,7,4,4,No,0
655,27,Under 30,Female,Divorced,Research & Development,Research Scientist,1,4,4 - Master,Medical,2187,"Low (<$3,500)",798,66,5013,12,2,No,0,Travel_Rarely,6,Moderate (6-15 mi),3,3 - High,1,1 - Low,3,3 - High,2,2 - Good,2,3,3 - Excellent,6,5,3-5 Years,3,0,3,5,0,No,0
656,37,30-39,Male,Married,Sales,Sales Executive,2,3,3 - Bachelor,Marketing,9602,"High ($7,001 - $12,000)",558,75,3010,11,1,Yes,1,Travel_Rarely,2,Near (1-5 mi),3,3 - High,4,4 - Very High,3,3 - High,2,2 - Good,3,3,3 - Excellent,17,3,3-5 Years,0,1,0,3,4,No,0
657,20,Under 30,Female,Single,Research & Development,Research Scientist,1,3,3 - Bachelor,Life Sciences,2836,"Low (<$3,500)",959,83,11757,13,0,No,0,Travel_Rarely,1,Near (1-5 mi),2,2 - Medium,4,4 - Very High,4,4 - Very High,4,4 - Best,2,3,3 - Excellent,1,1,1-2 Years,0,0,0,0,1,No,0
659,42,40-49,Female,Married,Research & Development,Healthcare Representative,2,4,4 - Master,Life Sciences,4089,"Mid ($3,500 - $7,000)",622,81,5718,13,2,No,0,Travel_Rarely,2,Near (1-5 mi),4,4 - Very High,3,3 - High,2,2 - Medium,3,3 - Better,3,3,3 - Excellent,10,10,6-10 Years,2,2,2,4,1,No,0
661,43,40-49,Male,Divorced,Research & Development,Research Director,4,4,4 - Master,Other,16627,"Executive (>$12,000)",782,50,2671,14,1,Yes,1,Travel_Rarely,6,Moderate (6-15 mi),4,4 - Very High,2,2 - Medium,3,3 - High,2,2 - Good,2,3,3 - Excellent,21,1,1-2 Years,0,0,0,3,4,No,0
662,38,30-39,Female,Single,Research & Development,Research Scientist,1,1,1 - Below College,Life Sciences,2619,"Low (<$3,500)",362,43,14561,17,0,No,0,Travel_Rarely,1,Near (1-5 mi),1,1 - Low,3,3 - High,4,4 - Very High,2,2 - Good,3,3,3 - Excellent,8,0,< 1 Year,0,0,0,3,3,No,0
663,43,40-49,Male,Divorced,Research & Development,Laboratory Technician,2,5,5 - Doctor,Medical,5679,"Mid ($3,500 - $7,000)",1001,72,19627,13,1,Yes,1,Travel_Frequently,9,Moderate (6-15 mi),3,3 - High,4,4 - Very High,2,2 - Medium,3,3 - Better,3,3,3 - Excellent,10,8,6-10 Years,7,4,7,3,3,No,0
664,48,40-49,Female,Married,Research & Development,Manager,4,4,4 - Master,Life Sciences,15402,"Executive (>$12,000)",1236,40,17997,11,1,No,0,Travel_Rarely,1,Near (1-5 mi),1,1 - Low,4,4 - Very High,1,1 - Low,1,1 - Bad,2,3,3 - Excellent,21,3,3-5 Years,2,0,2,3,7,No,0
665,44,40-49,Female,Single,Human Resources,Human Resources,2,4,4 - Master,Life Sciences,5985,"Mid ($3,500 - $7,000)",1112,50,26894,11,0,No,0,Travel_Rarely,1,Near (1-5 mi),3,3 - High,1,1 - Low,2,2 - Medium,4,4 - Best,2,3,3 - Excellent,10,2,1-2 Years,2,0,2,1,4,No,0
666,34,30-39,Female,Divorced,Sales,Sales Representative,1,3,3 - Bachelor,Technical Degree,2579,"Low (<$3,500)",204,31,2912,18,2,Yes,1,Travel_Rarely,14,Moderate (6-15 mi),3,3 - High,3,3 - High,4,4 - Very High,3,3 - Better,3,3,3 - Excellent,8,8,6-10 Years,2,0,6,3,1,No,0
667,27,Under 30,Male,Divorced,Sales,Sales Representative,1,1,1 - Below College,Marketing,3041,"Low (<$3,500)",1420,85,16346,11,1,No,0,Travel_Rarely,2,Near (1-5 mi),1,1 - Low,3,3 - High,2,2 - Medium,3,3 - Better,3,3,3 - Excellent,5,4,3-5 Years,3,0,2,3,0,Yes,1
669,21,Under 30,Male,Single,Sales,Sales Representative,1,1,1 - Below College,Technical Degree,3447,"Low (<$3,500)",1343,49,24444,11,0,No,0,Travel_Rarely,22,Far (16-25 mi),3,3 - High,3,3 - High,3,3 - High,3,3 - Better,3,3,3 - Excellent,3,3,3-5 Years,2,1,2,2,1,No,0
671,44,40-49,Male,Married,Research & Development,Manager,5,4,4 - Master,Other,19513,"Executive (>$12,000)",1315,35,9358,12,1,Yes,1,Travel_Rarely,3,Near (1-5 mi),4,4 - Very High,4,4 - Very High,1,1 - Low,4,4 - Best,3,3,3 - Excellent,26,2,1-2 Years,2,0,1,2,4,No,0
675,22,Under 30,Male,Married,Research & Development,Research Scientist,1,1,1 - Below College,Medical,2773,"Low (<$3,500)",604,69,12145,20,0,No,0,Travel_Rarely,6,Moderate (6-15 mi),3,3 - High,1,1 - Low,4,4 - Very High,3,3 - Better,3,4,4 - Outstanding,3,2,1-2 Years,2,2,2,3,0,No,0
677,33,30-39,Male,Divorced,Sales,Sales Executive,2,4,4 - Master,Marketing,7104,"High ($7,001 - $12,000)",1216,39,20431,12,0,No,0,Travel_Rarely,8,Moderate (6-15 mi),3,3 - High,3,3 - High,4,4 - Very High,3,3 - Better,3,3,3 - Excellent,6,5,3-5 Years,0,1,2,3,0,No,0
679,32,30-39,Female,Married,Research & Development,Research Scientist,2,4,4 - Master,Life Sciences,6322,"Mid ($3,500 - $7,000)",646,92,18089,12,1,Yes,1,Travel_Rarely,9,Moderate (6-15 mi),4,4 - Very High,1,1 - Low,4,4 - Very High,2,2 - Good,3,3,3 - Excellent,6,6,6-10 Years,4,0,5,2,1,No,0
680,30,30-39,Female,Divorced,Research & Development,Research Scientist,1,3,3 - Bachelor,Medical,2083,"Low (<$3,500)",160,71,22653,20,1,No,0,Travel_Frequently,3,Near (1-5 mi),3,3 - High,3,3 - High,3,3 - High,3,3 - Better,3,4,4 - Outstanding,1,1,1-2 Years,0,0,0,2,1,No,0
682,53,50+,Female,Single,Sales,Sales Executive,2,1,1 - Below College,Medical,8381,"High ($7,001 - $12,000)",238,34,7507,20,0,No,0,Travel_Rarely,1,Near (1-5 mi),1,1 - Low,4,4 - Very High,4,4 - Very High,4,4 - Best,3,4,4 - Outstanding,18,14,10+ Years,7,8,10,2,7,No,0
683,34,30-39,Male,Married,Research & Development,Research Scientist,1,5,5 - Doctor,Life Sciences,2691,"Low (<$3,500)",1397,42,7660,12,1,No,0,Travel_Rarely,1,Near (1-5 mi),4,4 - Very High,2,2 - Medium,4,4 - Very High,2,2 - Good,3,3,3 - Excellent,10,10,6-10 Years,9,8,8,4,1,No,0
684,45,40-49,Female,Married,Sales,Sales Executive,2,4,4 - Master,Life Sciences,4286,"Mid ($3,500 - $7,000)",306,100,5630,14,2,No,0,Travel_Frequently,26,Very Far (26+ mi),1,1 - Low,1,1 - Low,4,4 - Very High,3,3 - Better,3,3,3 - Excellent,5,1,1-2 Years,1,0,0,4,2,Yes,1
686,26,Under 30,Female,Married,Research & Development,Laboratory Technician,1,3,3 - Bachelor,Life Sciences,2659,"Low (<$3,500)",991,71,17759,13,1,Yes,1,Travel_Rarely,6,Moderate (6-15 mi),4,4 - Very High,3,3 - High,3,3 - High,3,3 - Better,3,3,3 - Excellent,3,3,3-5 Years,2,0,2,2,1,No,0
689,37,30-39,Male,Married,Research & Development,Manufacturing Director,3,3,3 - Bachelor,Other,9434,"High ($7,001 - $12,000)",482,36,9606,15,1,No,0,Travel_Rarely,3,Near (1-5 mi),3,3 - High,3,3 - High,3,3 - High,3,3 - Better,3,3,3 - Excellent,10,10,6-10 Years,7,7,8,2,1,No,0
690,29,Under 30,Female,Married,Sales,Sales Executive,2,2,2 - College,Medical,5561,"Mid ($3,500 - $7,000)",1176,62,3487,14,1,No,0,Travel_Rarely,3,Near (1-5 mi),3,3 - High,2,2 - Medium,1,1 - Low,2,2 - Good,3,3,3 - Excellent,6,6,6-10 Years,0,1,2,5,1,No,0
691,35,30-39,Male,Single,Research & Development,Research Scientist,2,4,4 - Master,Life Sciences,6646,"Mid ($3,500 - $7,000)",1017,82,19368,13,0,No,0,Travel_Rarely,6,Moderate (6-15 mi),4,4 - Very High,2,2 - Medium,2,2 - Medium,3,3 - Better,1,3,3 - Excellent,17,17,10+ Years,11,11,8,3,1,No,0
692,33,30-39,Male,Divorced,Research & Development,Healthcare Representative,2,3,3 - Bachelor,Life Sciences,7725,"High ($7,001 - $12,000)",1296,30,5335,23,1,No,0,Travel_Frequently,6,Moderate (6-15 mi),4,4 - Very High,3,3 - High,3,3 - High,1,1 - Bad,3,4,4 - Outstanding,15,13,10+ Years,11,4,7,2,3,No,0
698,54,50+,Male,Married,Human Resources,Human Resources,3,4,4 - Master,Medical,10725,"High ($7,001 - $12,000)",397,88,6729,15,1,No,0,Travel_Rarely,19,Far (16-25 mi),2,2 - Medium,3,3 - High,3,3 - High,4,4 - Best,3,3,3 - Excellent,16,9,6-10 Years,7,7,1,1,2,No,0
699,36,30-39,Male,Divorced,Research & Development,Manufacturing Director,2,2,2 - College,Medical,8847,"High ($7,001 - $12,000)",913,48,13934,11,1,Yes,1,Travel_Rarely,9,Moderate (6-15 mi),2,2 - Medium,2,2 - Medium,3,3 - High,3,3 - Better,2,3,3 - Excellent,13,3,3-5 Years,2,0,2,2,2,No,0
700,27,Under 30,Male,Single,Research & Development,Research Scientist,1,4,4 - Master,Medical,2045,"Low (<$3,500)",1115,54,15174,13,0,No,0,Travel_Rarely,3,Near (1-5 mi),4,4 - Very High,1,1 - Low,4,4 - Very High,3,3 - Better,2,3,3 - Excellent,5,4,3-5 Years,2,1,1,0,0,No,0
701,20,Under 30,Male,Single,Research & Development,Research Scientist,1,1,1 - Below College,Medical,1009,"Low (<$3,500)",1362,32,26999,11,0,Yes,1,Travel_Rarely,10,Moderate (6-15 mi),3,3 - High,4,4 - Very High,4,4 - Very High,3,3 - Better,3,3,3 - Excellent,1,1,1-2 Years,0,1,1,5,1,Yes,1
702,33,30-39,Male,Single,Research & Development,Research Scientist,1,3,3 - Bachelor,Life Sciences,3348,"Low (<$3,500)",1076,70,3164,11,0,Yes,1,Travel_Frequently,3,Near (1-5 mi),1,1 - Low,1,1 - Low,1,1 - Low,3,3 - Better,3,3,3 - Excellent,10,10,6-10 Years,8,9,7,3,1,Yes,1
704,35,30-39,Male,Married,Research & Development,Laboratory Technician,1,3,3 - Bachelor,Life Sciences,1281,"Low (<$3,500)",727,41,16900,18,2,No,0,Non-Travel,3,Near (1-5 mi),3,3 - High,3,3 - High,3,3 - High,3,3 - Better,2,3,3 - Excellent,1,1,1-2 Years,0,0,0,3,1,No,0
705,23,Under 30,Male,Married,Research & Development,Research Scientist,1,3,3 - Bachelor,Medical,2819,"Low (<$3,500)",885,58,8544,16,1,No,0,Travel_Rarely,4,Near (1-5 mi),1,1 - Low,1,1 - Low,1,1 - Low,4,4 - Best,4,3,3 - Excellent,5,3,3-5 Years,2,0,2,3,2,No,0
707,25,Under 30,Male,Married,Sales,Sales Executive,2,3,3 - Bachelor,Life Sciences,4851,"Mid ($3,500 - $7,000)",810,57,15678,22,1,No,0,Travel_Rarely,8,Moderate (6-15 mi),2,2 - Medium,4,4 - Very High,3,3 - High,3,3 - Better,4,4,4 - Outstanding,4,3,3-5 Years,2,1,2,4,0,No,0
709,38,30-39,Female,Single,Sales,Sales Executive,2,4,4 - Master,Marketing,4028,"Mid ($3,500 - $7,000)",243,46,7791,20,0,No,0,Travel_Rarely,7,Moderate (6-15 mi),4,4 - Very High,4,4 - Very High,1,1 - Low,3,3 - Better,2,4,4 - Outstanding,8,7,6-10 Years,7,0,5,2,0,No,0
710,29,Under 30,Male,Divorced,Research & Development,Research Scientist,1,4,4 - Master,Life Sciences,2720,"Low (<$3,500)",806,76,18959,18,1,No,0,Travel_Frequently,1,Near (1-5 mi),4,4 - Very High,2,2 - Medium,4,4 - Very High,3,3 - Better,1,3,3 - Excellent,10,10,6-10 Years,7,2,8,5,1,No,0
712,48,40-49,Male,Married,Sales,Sales Executive,2,1,1 - Below College,Marketing,8120,"High ($7,001 - $12,000)",817,56,18597,12,0,No,0,Travel_Rarely,2,Near (1-5 mi),2,2 - Medium,2,2 - Medium,4,4 - Very High,3,3 - Better,4,3,3 - Excellent,12,2,1-2 Years,2,2,2,3,3,No,0
714,27,Under 30,Female,Divorced,Sales,Sales Executive,2,1,1 - Below College,Medical,4647,"Mid ($3,500 - $7,000)",1410,71,16673,20,2,Yes,1,Travel_Frequently,3,Near (1-5 mi),4,4 - Very High,4,4 - Very High,2,2 - Medium,3,3 - Better,4,4,4 - Outstanding,6,6,6-10 Years,5,0,4,3,1,No,0
715,37,30-39,Male,Single,Research & Development,Research Scientist,1,2,2 - College,Life Sciences,4680,"Mid ($3,500 - $7,000)",1225,80,15232,17,0,No,0,Travel_Rarely,10,Moderate (6-15 mi),4,4 - Very High,4,4 - Very High,1,1 - Low,3,3 - Better,4,3,3 - Excellent,4,1,1-2 Years,0,0,0,2,3,No,0
716,50,50+,Male,Married,Research & Development,Laboratory Technician,1,1,1 - Below College,Medical,3221,"Low (<$3,500)",1207,74,3297,11,3,Yes,1,Travel_Rarely,28,Very Far (26+ mi),3,3 - High,4,4 - Very High,3,3 - High,3,3 - Better,4,3,3 - Excellent,20,20,10+ Years,8,3,8,3,1,No,0
717,34,30-39,Female,Single,Research & Development,Healthcare Representative,3,3,3 - Bachelor,Medical,8621,"High ($7,001 - $12,000)",1442,46,17654,14,0,No,0,Travel_Rarely,9,Moderate (6-15 mi),2,2 - Medium,4,4 - Very High,2,2 - Medium,4,4 - Best,2,3,3 - Excellent,9,8,6-10 Years,7,7,7,3,1,No,0
720,24,Under 30,Female,Single,Sales,Sales Executive,2,2,2 - College,Life Sciences,4577,"Mid ($3,500 - $7,000)",693,65,24785,14,0,No,0,Travel_Rarely,3,Near (1-5 mi),3,3 - High,1,1 - Low,1,1 - Low,3,3 - Better,3,3,3 - Excellent,4,2,1-2 Years,2,2,0,3,9,Yes,1
721,39,30-39,Female,Single,Research & Development,Healthcare Representative,2,4,4 - Master,Technical Degree,4553,"Mid ($3,500 - $7,000)",408,80,20978,11,0,No,0,Travel_Rarely,2,Near (1-5 mi),3,3 - High,4,4 - Very High,1,1 - Low,3,3 - Better,2,3,3 - Excellent,20,20,10+ Years,7,11,10,4,1,No,0
722,32,30-39,Male,Single,Sales,Sales Executive,2,3,3 - Bachelor,Marketing,5396,"Mid ($3,500 - $7,000)",929,55,21703,12,0,No,0,Travel_Rarely,10,Moderate (6-15 mi),4,4 - Very High,4,4 - Very High,4,4 - Very High,2,2 - Good,3,3,3 - Excellent,10,10,6-10 Years,7,0,8,2,1,No,0
723,50,50+,Male,Married,Sales,Sales Executive,2,2,2 - College,Technical Degree,6796,"Mid ($3,500 - $7,000)",562,50,23452,14,1,Yes,1,Travel_Frequently,8,Moderate (6-15 mi),3,3 - High,2,2 - Medium,1,1 - Low,3,3 - Better,3,3,3 - Excellent,18,4,3-5 Years,3,1,3,4,3,Yes,1
724,38,30-39,Female,Single,Research & Development,Healthcare Representative,2,4,4 - Master,Life Sciences,7625,"High ($7,001 - $12,000)",827,33,19383,13,0,No,0,Travel_Rarely,1,Near (1-5 mi),4,4 - Very High,2,2 - Medium,3,3 - High,2,2 - Good,4,3,3 - Excellent,10,9,6-10 Years,7,1,8,4,0,No,0
725,27,Under 30,Female,Married,Research & Development,Manufacturing Director,3,2,2 - College,Life Sciences,7412,"High ($7,001 - $12,000)",608,68,6009,11,0,No,0,Travel_Rarely,1,Near (1-5 mi),1,1 - Low,3,3 - High,4,4 - Very High,3,3 - Better,3,3,3 - Excellent,9,9,6-10 Years,7,0,7,3,1,No,0
727,32,30-39,Female,Single,Research & Development,Research Director,3,2,2 - College,Life Sciences,11159,"High ($7,001 - $12,000)",1018,39,19373,15,0,No,0,Travel_Rarely,3,Near (1-5 mi),4,4 - Very High,3,3 - High,4,4 - Very High,3,3 - Better,3,3,3 - Excellent,10,7,6-10 Years,7,7,7,6,3,No,0
728,47,40-49,Male,Single,Sales,Sales Executive,2,4,4 - Master,Marketing,4960,"Mid ($3,500 - $7,000)",703,42,11825,12,0,No,0,Travel_Rarely,14,Moderate (6-15 mi),1,1 - Low,4,4 - Very High,4,4 - Very High,3,3 - Better,3,3,3 - Excellent,20,7,6-10 Years,7,1,7,2,2,No,0
729,40,40-49,Male,Married,Sales,Sales Executive,3,4,4 - Master,Life Sciences,10475,"High ($7,001 - $12,000)",580,48,23772,21,1,Yes,1,Travel_Frequently,5,Near (1-5 mi),1,1 - Low,4,4 - Very High,3,3 - High,3,3 - Better,2,4,4 - Outstanding,20,18,10+ Years,13,1,12,2,5,No,0
730,53,50+,Male,Married,Research & Development,Research Director,4,3,3 - Bachelor,Life Sciences,14814,"Executive (>$12,000)",970,59,13514,19,0,No,0,Travel_Rarely,7,Moderate (6-15 mi),3,3 - High,3,3 - High,3,3 - High,3,3 - Better,4,3,3 - Excellent,32,5,3-5 Years,1,1,3,3,3,No,0
731,41,40-49,Male,Divorced,Human Resources,Manager,5,4,4 - Master,Human Resources,19141,"Executive (>$12,000)",427,73,8861,15,3,No,0,Travel_Rarely,10,Moderate (6-15 mi),4,4 - Very High,2,2 - Medium,2,2 - Medium,2,2 - Good,2,3,3 - Excellent,23,21,10+ Years,6,12,6,2,3,No,0
732,60,50+,Male,Single,Sales,Sales Executive,2,4,4 - Master,Marketing,5405,"Mid ($3,500 - $7,000)",1179,84,11924,14,0,No,0,Travel_Rarely,16,Far (16-25 mi),1,1 - Low,1,1 - Low,4,4 - Very High,3,3 - Better,3,3,3 - Excellent,10,2,1-2 Years,2,2,2,1,8,No,0
733,27,Under 30,Male,Divorced,Research & Development,Manufacturing Director,3,2,2 - College,Life Sciences,8793,"High ($7,001 - $12,000)",294,32,4809,21,2,No,0,Travel_Frequently,10,Moderate (6-15 mi),1,1 - Low,4,4 - Very High,3,3 - High,2,2 - Good,3,4,4 - Outstanding,9,9,6-10 Years,7,1,7,4,1,No,0
734,41,40-49,Male,Married,Human Resources,Manager,5,3,3 - Bachelor,Human Resources,19189,"Executive (>$12,000)",314,59,19562,12,1,No,0,Travel_Rarely,1,Near (1-5 mi),3,3 - High,4,4 - Very High,2,2 - Medium,3,3 - Better,2,3,3 - Excellent,22,22,10+ Years,7,2,10,3,1,No,0
738,50,50+,Male,Married,Sales,Sales Representative,1,4,4 - Master,Marketing,3875,"Mid ($3,500 - $7,000)",316,54,9983,15,1,No,0,Travel_Rarely,8,Moderate (6-15 mi),2,2 - Medium,4,4 - Very High,4,4 - Very High,3,3 - Better,3,3,3 - Excellent,4,2,1-2 Years,2,2,2,2,7,No,0
741,28,Under 30,Female,Single,Research & Development,Research Scientist,1,2,2 - College,Life Sciences,2216,"Low (<$3,500)",654,67,3872,13,0,Yes,1,Travel_Rarely,1,Near (1-5 mi),2,2 - Medium,1,1 - Low,4,4 - Very High,3,3 - Better,1,3,3 - Excellent,10,7,6-10 Years,7,3,7,4,7,Yes,1
742,36,30-39,Female,Married,Research & Development,Research Director,3,3,3 - Bachelor,Life Sciences,11713,"High ($7,001 - $12,000)",427,63,20335,14,1,No,0,Non-Travel,8,Moderate (6-15 mi),1,1 - Low,1,1 - Low,1,1 - Low,3,3 - Better,4,3,3 - Excellent,10,8,6-10 Years,7,0,5,2,9,No,0
743,38,30-39,Female,Single,Research & Development,Manufacturing Director,3,3,3 - Bachelor,Life Sciences,7861,"High ($7,001 - $12,000)",168,81,15397,14,0,Yes,1,Travel_Rarely,1,Near (1-5 mi),3,3 - High,3,3 - High,4,4 - Very High,4,4 - Best,3,3,3 - Excellent,10,1,1-2 Years,0,0,0,4,4,No,0
744,44,40-49,Male,Single,Research & Development,Laboratory Technician,1,3,3 - Bachelor,Medical,3708,"Mid ($3,500 - $7,000)",381,49,2104,14,0,No,0,Non-Travel,24,Far (16-25 mi),3,3 - High,1,1 - Low,3,3 - High,3,3 - Better,1,3,3 - Excellent,9,5,3-5 Years,2,1,4,5,2,No,0
746,47,40-49,Female,Divorced,Sales,Sales Executive,4,3,3 - Bachelor,Medical,13770,"Executive (>$12,000)",217,49,10225,12,2,Yes,1,Travel_Frequently,3,Near (1-5 mi),3,3 - High,4,4 - Very High,4,4 - Very High,2,2 - Good,3,3,3 - Excellent,28,22,10+ Years,2,11,13,2,9,No,0
747,30,30-39,Male,Divorced,Sales,Sales Executive,2,5,5 - Doctor,Marketing,5304,"Mid ($3,500 - $7,000)",501,99,25275,23,1,No,0,Travel_Rarely,27,Very Far (26+ mi),4,4 - Very High,3,3 - High,4,4 - Very High,2,2 - Good,3,4,4 - Outstanding,10,8,6-10 Years,7,7,7,2,7,No,0
749,29,Under 30,Male,Single,Sales,Sales Representative,1,3,3 - Bachelor,Life Sciences,2642,"Low (<$3,500)",1396,99,2755,11,0,No,0,Travel_Rarely,10,Moderate (6-15 mi),3,3 - High,3,3 - High,3,3 - High,3,3 - Better,3,3,3 - Excellent,1,1,1-2 Years,0,0,0,6,1,No,0
752,42,40-49,Male,Divorced,Research & Development,Research Scientist,1,3,3 - Bachelor,Medical,2759,"Low (<$3,500)",933,57,20366,12,0,Yes,1,Travel_Frequently,19,Far (16-25 mi),3,3 - High,3,3 - High,4,4 - Very High,3,3 - Better,4,3,3 - Excellent,7,2,1-2 Years,2,2,2,2,6,Yes,1
754,43,40-49,Male,Married,Sales,Sales Executive,2,3,3 - Bachelor,Life Sciences,6804,"Mid ($3,500 - $7,000)",775,47,23683,18,1,No,0,Travel_Frequently,15,Moderate (6-15 mi),4,4 - Very High,4,4 - Very High,3,3 - High,3,3 - Better,2,3,3 - Excellent,7,2,1-2 Years,2,2,2,5,3,No,0
757,34,30-39,Female,Single,Research & Development,Healthcare Representative,2,2,2 - College,Medical,6142,"Mid ($3,500 - $7,000)",970,96,7360,11,0,No,0,Travel_Rarely,8,Moderate (6-15 mi),3,3 - High,2,2 - Medium,4,4 - Very High,3,3 - Better,3,3,3 - Excellent,10,5,3-5 Years,1,4,3,2,3,No,0
758,23,Under 30,Male,Married,Research & Development,Laboratory Technician,1,1,1 - Below College,Medical,2500,"Low (<$3,500)",650,37,4344,14,1,No,0,Travel_Rarely,9,Moderate (6-15 mi),1,1 - Low,2,2 - Medium,4,4 - Very High,4,4 - Best,3,3,3 - Excellent,5,4,3-5 Years,3,0,2,2,1,No,0
760,39,30-39,Female,Married,Human Resources,Human Resources,2,3,3 - Bachelor,Human Resources,6389,"Mid ($3,500 - $7,000)",141,44,18767,15,1,No,0,Travel_Rarely,3,Near (1-5 mi),2,2 - Medium,3,3 - High,3,3 - High,1,1 - Bad,4,3,3 - Excellent,12,8,6-10 Years,3,3,6,3,9,No,0
762,56,50+,Male,Married,Research & Development,Healthcare Representative,4,3,3 - Bachelor,Medical,11103,"High ($7,001 - $12,000)",832,81,20420,11,0,No,0,Travel_Rarely,9,Moderate (6-15 mi),4,4 - Very High,3,3 - High,3,3 - High,2,2 - Good,3,3,3 - Excellent,30,10,6-10 Years,7,1,1,1,7,No,0
763,40,40-49,Female,Single,Research & Development,Research Scientist,1,1,1 - Below College,Medical,2342,"Low (<$3,500)",804,86,22929,20,0,Yes,1,Travel_Rarely,2,Near (1-5 mi),4,4 - Very High,4,4 - Very High,4,4 - Very High,2,2 - Good,2,4,4 - Outstanding,5,4,3-5 Years,2,2,3,2,0,No,0
764,27,Under 30,Female,Single,Research & Development,Healthcare Representative,2,3,3 - Bachelor,Medical,6811,"Mid ($3,500 - $7,000)",975,55,23398,19,0,No,0,Travel_Rarely,7,Moderate (6-15 mi),1,1 - Low,4,4 - Very High,1,1 - Low,1,1 - Bad,2,3,3 - Excellent,9,7,6-10 Years,6,0,7,2,8,No,0
766,29,Under 30,Male,Divorced,Sales,Sales Representative,1,3,3 - Bachelor,Marketing,2297,"Low (<$3,500)",1090,83,17967,14,2,No,0,Travel_Rarely,10,Moderate (6-15 mi),2,2 - Medium,4,4 - Very High,4,4 - Very High,3,3 - Better,3,3,3 - Excellent,2,2,1-2 Years,2,2,2,2,1,No,0
769,53,50+,Male,Single,Research & Development,Laboratory Technician,2,3,3 - Bachelor,Life Sciences,2450,"Low (<$3,500)",346,86,10919,17,0,No,0,Travel_Rarely,6,Moderate (6-15 mi),4,4 - Very High,4,4 - Very High,4,4 - Very High,3,3 - Better,3,3,3 - Excellent,19,2,1-2 Years,2,2,2,4,2,No,0
771,35,30-39,Female,Divorced,Research & Development,Healthcare Representative,2,4,4 - Master,Life Sciences,5093,"Mid ($3,500 - $7,000)",1225,61,4761,11,1,No,0,Non-Travel,2,Near (1-5 mi),1,1 - Low,4,4 - Very High,1,1 - Low,4,4 - Best,3,3,3 - Excellent,16,1,1-2 Years,0,0,0,2,2,No,0
772,32,30-39,Male,Married,Research & Development,Laboratory Technician,2,4,4 - Master,Life Sciences,5309,"Mid ($3,500 - $7,000)",430,80,21146,15,2,No,0,Travel_Frequently,24,Far (16-25 mi),4,4 - Very High,1,1 - Low,4,4 - Very High,3,3 - Better,3,3,3 - Excellent,10,10,6-10 Years,8,4,7,2,1,No,0
773,38,30-39,Male,Married,Research & Development,Research Scientist,1,5,5 - Doctor,Medical,3057,"Low (<$3,500)",268,92,20471,13,1,Yes,1,Travel_Rarely,2,Near (1-5 mi),3,3 - High,4,4 - Very High,2,2 - Medium,1,1 - Bad,3,3,3 - Excellent,6,1,1-2 Years,0,0,1,0,6,No,0
775,34,30-39,Female,Divorced,Research & Development,Manufacturing Director,2,5,5 - Doctor,Life Sciences,5121,"Mid ($3,500 - $7,000)",167,32,4187,14,1,No,0,Travel_Rarely,8,Moderate (6-15 mi),1,1 - Low,2,2 - Medium,3,3 - High,3,3 - Better,3,3,3 - Excellent,7,0,< 1 Year,0,0,0,3,3,No,0
776,52,50+,Male,Married,Sales,Manager,4,4,4 - Master,Marketing,16856,"Executive (>$12,000)",621,31,10084,11,0,No,0,Travel_Rarely,3,Near (1-5 mi),1,1 - Low,3,3 - High,1,1 - Low,4,4 - Best,2,3,3 - Excellent,34,34,10+ Years,6,1,16,3,1,No,0
780,33,30-39,Male,Single,Research & Development,Research Scientist,1,4,4 - Master,Other,2686,"Low (<$3,500)",527,63,5207,13,0,Yes,1,Travel_Rarely,1,Near (1-5 mi),4,4 - Very High,4,4 - Very High,3,3 - High,2,2 - Good,3,3,3 - Excellent,10,10,6-10 Years,9,7,8,2,1,Yes,1
781,25,Under 30,Female,Single,Sales,Sales Executive,2,1,1 - Below College,Medical,6180,"Mid ($3,500 - $7,000)",883,32,22807,23,0,No,0,Travel_Rarely,26,Very Far (26+ mi),4,4 - Very High,3,3 - High,2,2 - Medium,2,2 - Good,3,4,4 - Outstanding,6,6,6-10 Years,5,1,4,5,1,No,0
783,45,40-49,Male,Single,Sales,Sales Representative,2,2,2 - College,Technical Degree,6632,"Mid ($3,500 - $7,000)",954,46,12388,13,0,No,0,Travel_Rarely,2,Near (1-5 mi),3,3 - High,2,2 - Medium,1,1 - Low,3,3 - Better,1,3,3 - Excellent,9,8,6-10 Years,7,3,1,3,0,No,0
784,23,Under 30,Male,Single,Research & Development,Research Scientist,1,1,1 - Below College,Medical,3505,"Mid ($3,500 - $7,000)",310,79,19630,18,0,No,0,Travel_Rarely,10,Moderate (6-15 mi),3,3 - High,1,1 - Low,4,4 - Very High,3,3 - Better,4,3,3 - Excellent,2,2,1-2 Years,2,0,2,3,1,No,0
785,47,40-49,Female,Single,Sales,Sales Executive,2,2,2 - College,Life Sciences,6397,"Mid ($3,500 - $7,000)",719,77,10339,12,0,Yes,1,Travel_Frequently,27,Very Far (26+ mi),3,3 - High,2,2 - Medium,4,4 - Very High,3,3 - Better,4,3,3 - Excellent,8,5,3-5 Years,4,1,3,2,4,Yes,1
786,34,30-39,Male,Single,Sales,Sales Executive,2,3,3 - Bachelor,Other,6274,"Mid ($3,500 - $7,000)",304,60,18686,22,0,No,0,Travel_Rarely,2,Near (1-5 mi),4,4 - Very High,4,4 - Very High,3,3 - High,3,3 - Better,3,4,4 - Outstanding,6,6,6-10 Years,5,1,4,5,1,No,0
787,55,50+,Male,Married,Research & Development,Manager,5,3,3 - Bachelor,Medical,19859,"Executive (>$12,000)",725,78,21199,13,1,Yes,1,Travel_Rarely,2,Near (1-5 mi),1,1 - Low,4,4 - Very High,4,4 - Very High,3,3 - Better,3,3,3 - Excellent,24,5,3-5 Years,2,1,4,2,5,Yes,1
789,36,30-39,Male,Single,Sales,Sales Executive,3,4,4 - Master,Life Sciences,7587,"High ($7,001 - $12,000)",1434,76,14229,15,0,No,0,Non-Travel,8,Moderate (6-15 mi),1,1 - Low,1,1 - Low,2,2 - Medium,3,3 - Better,2,3,3 - Excellent,10,10,6-10 Years,7,0,9,1,1,No,0
791,52,50+,Male,Married,Research & Development,Research Scientist,1,4,4 - Master,Medical,4258,"Mid ($3,500 - $7,000)",715,41,26589,18,1,No,0,Non-Travel,19,Far (16-25 mi),4,4 - Very High,4,4 - Very High,1,1 - Low,3,3 - Better,3,3,3 - Excellent,5,4,3-5 Years,3,1,2,3,0,No,0
792,26,Under 30,Female,Divorced,Research & Development,Laboratory Technician,1,2,2 - College,Life Sciences,4364,"Mid ($3,500 - $7,000)",575,71,5288,14,1,No,0,Travel_Frequently,1,Near (1-5 mi),4,4 - Very High,1,1 - Low,1,1 - Low,3,3 - Better,1,3,3 - Excellent,5,2,1-2 Years,2,2,0,2,3,No,0
793,29,Under 30,Female,Married,Research & Development,Healthcare Representative,2,3,3 - Bachelor,Medical,4335,"Mid ($3,500 - $7,000)",657,66,25549,12,1,No,0,Travel_Rarely,27,Very Far (26+ mi),3,3 - High,2,2 - Medium,1,1 - Low,2,2 - Good,3,3,3 - Excellent,11,8,6-10 Years,7,1,1,3,4,No,0
796,26,Under 30,Male,Single,Sales,Sales Executive,2,3,3 - Bachelor,Technical Degree,5326,"Mid ($3,500 - $7,000)",1146,38,3064,17,0,No,0,Travel_Rarely,8,Moderate (6-15 mi),1,1 - Low,4,4 - Very High,3,3 - High,2,2 - Good,2,3,3 - Excellent,6,4,3-5 Years,3,1,2,2,6,Yes,1
797,34,30-39,Female,Single,Research & Development,Research Scientist,1,4,4 - Master,Life Sciences,3280,"Low (<$3,500)",182,72,13551,16,0,No,0,Travel_Rarely,1,Near (1-5 mi),4,4 - Very High,2,2 - Medium,3,3 - High,3,3 - Better,4,3,3 - Excellent,10,4,3-5 Years,2,1,3,2,2,No,0
799,54,50+,Female,Divorced,Research & Development,Manufacturing Director,2,4,4 - Master,Medical,5485,"Mid ($3,500 - $7,000)",376,95,22670,11,2,Yes,1,Travel_Rarely,19,Far (16-25 mi),1,1 - Low,4,4 - Very High,2,2 - Medium,3,3 - Better,3,3,3 - Excellent,9,5,3-5 Years,3,1,4,4,9,No,0
800,27,Under 30,Male,Married,Sales,Sales Executive,2,1,1 - Below College,Marketing,4342,"Mid ($3,500 - $7,000)",829,84,24008,19,1,No,0,Travel_Frequently,8,Moderate (6-15 mi),4,4 - Very High,3,3 - High,2,2 - Medium,3,3 - Better,3,3,3 - Excellent,5,4,3-5 Years,2,1,1,3,0,No,0
802,37,30-39,Female,Divorced,Research & Development,Research Scientist,1,1,1 - Below College,Life Sciences,2782,"Low (<$3,500)",571,82,19905,13,2,Yes,1,Travel_Rarely,10,Moderate (6-15 mi),1,1 - Low,4,4 - Very High,2,2 - Medium,2,2 - Good,3,3,3 - Excellent,6,5,3-5 Years,3,4,3,3,0,No,0
803,38,30-39,Female,Single,Research & Development,Manufacturing Director,2,4,4 - Master,Life Sciences,5980,"Mid ($3,500 - $7,000)",240,75,26085,12,0,Yes,1,Travel_Frequently,2,Near (1-5 mi),1,1 - Low,1,1 - Low,4,4 - Very High,3,3 - Better,4,3,3 - Excellent,17,15,10+ Years,7,4,12,2,6,No,0
804,34,30-39,Female,Single,Research & Development,Research Scientist,1,4,4 - Master,Medical,4381,"Mid ($3,500 - $7,000)",121,86,7530,11,0,No,0,Travel_Rarely,2,Near (1-5 mi),1,1 - Low,3,3 - High,3,3 - High,3,3 - Better,2,3,3 - Excellent,6,6,6-10 Years,5,1,3,3,1,No,0
805,35,30-39,Female,Married,Sales,Sales Representative,1,4,4 - Master,Life Sciences,2572,"Low (<$3,500)",384,72,20317,16,1,No,0,Travel_Rarely,8,Moderate (6-15 mi),4,4 - Very High,1,1 - Low,2,2 - Medium,2,2 - Good,3,3,3 - Excellent,3,3,3-5 Years,2,0,2,1,1,No,0
806,30,30-39,Male,Married,Research & Development,Laboratory Technician,1,3,3 - Bachelor,Life Sciences,3833,"Mid ($3,500 - $7,000)",921,38,24375,21,2,No,0,Travel_Rarely,1,Near (1-5 mi),3,3 - High,4,4 - Very High,3,3 - High,3,3 - Better,1,4,4 - Outstanding,7,2,1-2 Years,2,0,2,2,3,No,0
807,40,40-49,Female,Married,Research & Development,Healthcare Representative,2,2,2 - College,Medical,4244,"Mid ($3,500 - $7,000)",791,38,9931,24,1,No,0,Travel_Frequently,2,Near (1-5 mi),2,2 - Medium,3,3 - High,4,4 - Very High,3,3 - Better,4,4,4 - Outstanding,8,8,6-10 Years,7,3,7,2,1,No,0
808,34,30-39,Female,Married,Sales,Sales Executive,2,2,2 - College,Life Sciences,6500,"Mid ($3,500 - $7,000)",1111,93,13305,17,1,No,0,Travel_Rarely,8,Moderate (6-15 mi),1,1 - Low,3,3 - High,2,2 - Medium,3,3 - Better,3,3,3 - Excellent,6,3,3-5 Years,2,1,2,1,5,No,0
809,42,40-49,Male,Divorced,Research & Development,Manager,5,3,3 - Bachelor,Life Sciences,18430,"Executive (>$12,000)",570,66,16225,13,1,No,0,Travel_Frequently,8,Moderate (6-15 mi),4,4 - Very High,2,2 - Medium,2,2 - Medium,2,2 - Good,3,3,3 - Excellent,24,24,10+ Years,7,14,9,4,1,No,0
811,23,Under 30,Male,Married,Research & Development,Laboratory Technician,1,3,3 - Bachelor,Life Sciences,1601,"Low (<$3,500)",1243,63,3445,21,2,Yes,1,Travel_Rarely,6,Moderate (6-15 mi),1,1 - Low,3,3 - High,3,3 - High,3,3 - Better,4,4,4 - Outstanding,1,0,< 1 Year,0,0,0,2,1,Yes,1
812,24,Under 30,Male,Divorced,Research & Development,Laboratory Technician,1,3,3 - Bachelor,Life Sciences,2694,"Low (<$3,500)",1092,60,26551,11,3,No,0,Non-Travel,9,Moderate (6-15 mi),2,2 - Medium,3,3 - High,3,3 - High,3,3 - Better,2,3,3 - Excellent,1,1,1-2 Years,0,0,0,4,1,No,0
813,52,50+,Female,Married,Research & Development,Laboratory Technician,2,4,4 - Master,Life Sciences,3149,"Low (<$3,500)",1325,82,21821,20,1,No,0,Travel_Rarely,11,Moderate (6-15 mi),3,3 - High,4,4 - Very High,2,2 - Medium,3,3 - Better,3,4,4 - Outstanding,9,5,3-5 Years,2,1,4,3,8,No,0
815,50,50+,Male,Married,Research & Development,Research Director,4,3,3 - Bachelor,Medical,17639,"Executive (>$12,000)",691,64,6881,16,0,No,0,Travel_Rarely,2,Near (1-5 mi),3,3 - High,3,3 - High,4,4 - Very High,3,3 - Better,3,3,3 - Excellent,30,4,3-5 Years,3,0,3,3,5,No,0
816,29,Under 30,Female,Married,Research & Development,Laboratory Technician,1,2,2 - College,Life Sciences,2319,"Low (<$3,500)",805,36,6689,11,1,Yes,1,Travel_Rarely,1,Near (1-5 mi),1,1 - Low,2,2 - Medium,4,4 - Very High,3,3 - Better,2,3,3 - Excellent,1,1,1-2 Years,0,0,0,1,1,Yes,1
817,33,30-39,Male,Married,Research & Development,Research Director,3,3,3 - Bachelor,Medical,11691,"High ($7,001 - $12,000)",213,49,25995,11,0,No,0,Travel_Rarely,7,Moderate (6-15 mi),3,3 - High,3,3 - High,4,4 - Very High,4,4 - Best,3,3,3 - Excellent,14,13,10+ Years,9,3,7,3,0,No,0
819,33,30-39,Female,Single,Sales,Sales Executive,2,3,3 - Bachelor,Marketing,5324,"Mid ($3,500 - $7,000)",118,69,26507,15,0,No,0,Travel_Rarely,16,Far (16-25 mi),1,1 - Low,1,1 - Low,3,3 - High,3,3 - Better,3,3,3 - Excellent,6,3,3-5 Years,2,0,2,3,5,Yes,1
820,47,40-49,Female,Married,Research & Development,Manager,4,2,2 - College,Other,16752,"Executive (>$12,000)",202,33,12982,11,1,Yes,1,Travel_Rarely,2,Near (1-5 mi),4,4 - Very High,3,3 - High,3,3 - High,2,2 - Good,3,3,3 - Excellent,26,26,10+ Years,14,3,0,3,1,No,0
823,36,30-39,Female,Married,Research & Development,Manufacturing Director,2,3,3 - Bachelor,Other,5228,"Mid ($3,500 - $7,000)",676,35,23361,15,1,No,0,Travel_Rarely,1,Near (1-5 mi),2,2 - Medium,3,3 - High,1,1 - Low,3,3 - Better,3,3,3 - Excellent,10,9,6-10 Years,7,0,5,2,0,No,0
824,29,Under 30,Male,Married,Research & Development,Research Scientist,1,2,2 - College,Life Sciences,2700,"Low (<$3,500)",1252,81,23779,24,1,No,0,Travel_Rarely,23,Far (16-25 mi),3,3 - High,3,3 - High,3,3 - High,3,3 - Better,4,4,4 - Outstanding,10,10,6-10 Years,7,0,7,3,1,No,0
825,58,50+,Male,Single,Research & Development,Research Director,5,4,4 - Master,Life Sciences,19246,"Executive (>$12,000)",286,31,25761,12,0,Yes,1,Travel_Rarely,2,Near (1-5 mi),2,2 - Medium,4,4 - Very High,4,4 - Very High,3,3 - Better,3,3,3 - Excellent,40,31,10+ Years,15,13,8,2,7,Yes,1
826,35,30-39,Female,Single,Research & Development,Research Scientist,1,4,4 - Master,Life Sciences,2506,"Low (<$3,500)",1258,40,13301,13,0,No,0,Travel_Rarely,1,Near (1-5 mi),3,3 - High,4,4 - Very High,3,3 - High,3,3 - Better,4,3,3 - Excellent,7,2,1-2 Years,2,2,2,0,3,No,0
827,42,40-49,Female,Married,Research & Development,Manufacturing Director,2,2,2 - College,Life Sciences,6062,"Mid ($3,500 - $7,000)",932,43,4051,13,1,Yes,1,Travel_Rarely,1,Near (1-5 mi),4,4 - Very High,4,4 - Very High,4,4 - Very High,3,3 - Better,2,3,3 - Excellent,8,4,3-5 Years,3,0,2,4,9,No,0
828,28,Under 30,Male,Single,Research & Development,Research Scientist,1,4,4 - Master,Medical,4382,"Mid ($3,500 - $7,000)",890,46,16374,17,0,No,0,Travel_Rarely,2,Near (1-5 mi),3,3 - High,3,3 - High,4,4 - Very High,2,2 - Good,3,3,3 - Excellent,5,2,1-2 Years,2,2,1,3,6,Yes,1
829,36,30-39,Male,Married,Human Resources,Human Resources,1,3,3 - Bachelor,Human Resources,2143,"Low (<$3,500)",1041,36,25527,13,1,No,0,Travel_Rarely,13,Moderate (6-15 mi),2,2 - Medium,3,3 - High,2,2 - Medium,3,3 - Better,3,3,3 - Excellent,8,5,3-5 Years,2,0,4,2,4,No,0
830,32,30-39,Female,Married,Research & Development,Manufacturing Director,2,3,3 - Bachelor,Life Sciences,6162,"Mid ($3,500 - $7,000)",859,98,19124,12,1,No,0,Travel_Rarely,4,Near (1-5 mi),3,3 - High,3,3 - High,3,3 - High,3,3 - Better,2,3,3 - Excellent,14,14,10+ Years,13,6,8,3,1,No,0
832,40,40-49,Male,Single,Research & Development,Laboratory Technician,2,4,4 - Master,Medical,5094,"Mid ($3,500 - $7,000)",720,51,11983,14,0,No,0,Travel_Frequently,16,Far (16-25 mi),3,3 - High,1,1 - Low,4,4 - Very High,3,3 - Better,2,3,3 - Excellent,10,1,1-2 Years,0,0,0,6,6,No,0
833,30,30-39,Female,Single,Research & Development,Manufacturing Director,2,3,3 - Bachelor,Medical,6877,"Mid ($3,500 - $7,000)",946,52,20234,24,0,Yes,1,Travel_Rarely,2,Near (1-5 mi),4,4 - Very High,3,3 - High,2,2 - Medium,2,2 - Good,2,4,4 - Outstanding,12,0,< 1 Year,0,0,0,4,5,No,0
834,45,40-49,Female,Single,Research & Development,Research Scientist,1,3,3 - Bachelor,Life Sciences,2274,"Low (<$3,500)",252,95,6153,14,0,No,0,Travel_Rarely,2,Near (1-5 mi),3,3 - High,2,2 - Medium,4,4 - Very High,3,3 - Better,2,3,3 - Excellent,1,1,1-2 Years,0,0,0,3,1,No,0
836,42,40-49,Male,Married,Research & Development,Manufacturing Director,2,3,3 - Bachelor,Life Sciences,4434,"Mid ($3,500 - $7,000)",933,98,11806,13,1,No,0,Travel_Rarely,29,Very Far (26+ mi),2,2 - Medium,2,2 - Medium,4,4 - Very High,2,2 - Good,3,3,3 - Excellent,10,9,6-10 Years,8,7,8,3,1,No,0
837,38,30-39,Male,Divorced,Research & Development,Healthcare Representative,2,3,3 - Bachelor,Life Sciences,6288,"Mid ($3,500 - $7,000)",471,45,4284,15,1,No,0,Travel_Frequently,12,Moderate (6-15 mi),1,1 - Low,1,1 - Low,3,3 - High,2,2 - Good,2,3,3 - Excellent,13,4,3-5 Years,3,1,2,3,2,No,0
838,34,30-39,Female,Single,Research & Development,Research Scientist,1,4,4 - Master,Life Sciences,2553,"Low (<$3,500)",702,100,8306,16,0,No,0,Travel_Frequently,16,Far (16-25 mi),4,4 - Very High,3,3 - High,3,3 - High,3,3 - Better,2,3,3 - Excellent,6,5,3-5 Years,2,1,3,3,1,No,0
840,49,40-49,Female,Married,Sales,Sales Executive,3,3,3 - Bachelor,Marketing,7654,"High ($7,001 - $12,000)",1184,43,5860,18,2,No,0,Travel_Rarely,11,Moderate (6-15 mi),4,4 - Very High,3,3 - High,1,1 - Low,4,4 - Best,3,3,3 - Excellent,9,9,6-10 Years,8,7,7,3,1,Yes,1
842,55,50+,Male,Single,Sales,Sales Executive,2,1,1 - Below College,Medical,5160,"Mid ($3,500 - $7,000)",436,37,21519,16,0,No,0,Travel_Rarely,2,Near (1-5 mi),4,4 - Very High,3,3 - High,3,3 - High,2,2 - Good,3,3,3 - Excellent,12,9,6-10 Years,7,7,3,3,4,Yes,1
843,43,40-49,Male,Married,Research & Development,Research Director,4,2,2 - College,Life Sciences,17159,"Executive (>$12,000)",589,94,5200,24,1,No,0,Travel_Rarely,14,Moderate (6-15 mi),1,1 - Low,2,2 - Medium,3,3 - High,3,3 - Better,3,4,4 - Outstanding,22,4,3-5 Years,1,1,0,3,6,No,0
844,27,Under 30,Male,Divorced,Research & Development,Research Director,3,1,1 - Below College,Technical Degree,12808,"Executive (>$12,000)",269,42,8842,16,1,Yes,1,Travel_Rarely,5,Near (1-5 mi),4,4 - Very High,3,3 - High,2,2 - Medium,3,3 - Better,2,3,3 - Excellent,9,9,6-10 Years,8,0,8,3,1,No,0
845,35,30-39,Male,Single,Research & Development,Manufacturing Director,3,3,3 - Bachelor,Other,10221,"High ($7,001 - $12,000)",950,59,18869,21,0,No,0,Travel_Rarely,7,Moderate (6-15 mi),3,3 - High,3,3 - High,2,2 - Medium,4,4 - Best,3,4,4 - Outstanding,17,8,6-10 Years,5,1,6,3,3,No,0
846,28,Under 30,Female,Married,Sales,Sales Executive,2,4,4 - Master,Marketing,4779,"Mid ($3,500 - $7,000)",760,81,3698,20,0,Yes,1,Travel_Rarely,2,Near (1-5 mi),2,2 - Medium,2,2 - Medium,1,1 - Low,3,3 - Better,3,4,4 - Outstanding,8,8,6-10 Years,7,7,5,2,1,No,0
847,34,30-39,Male,Married,Human Resources,Human Resources,1,2,2 - College,Human Resources,3737,"Mid ($3,500 - $7,000)",829,88,2243,19,1,No,0,Travel_Rarely,3,Near (1-5 mi),4,4 - Very High,3,3 - High,3,3 - High,1,1 - Bad,3,3,3 - Excellent,4,3,3-5 Years,2,0,2,1,0,No,0
848,26,Under 30,Female,Married,Research & Development,Research Scientist,1,2,2 - College,Medical,2366,"Low (<$3,500)",887,88,20898,14,1,Yes,1,Travel_Frequently,5,Near (1-5 mi),3,3 - High,3,3 - High,1,1 - Low,3,3 - Better,2,3,3 - Excellent,8,8,6-10 Years,7,1,7,2,1,Yes,1
850,27,Under 30,Male,Married,Research & Development,Research Scientist,1,3,3 - Bachelor,Medical,1706,"Low (<$3,500)",443,50,16571,11,3,No,0,Non-Travel,3,Near (1-5 mi),4,4 - Very High,4,4 - Very High,3,3 - High,2,2 - Good,3,3,3 - Excellent,0,0,< 1 Year,0,0,0,6,1,No,0
851,51,50+,Female,Married,Sales,Manager,4,4,4 - Master,Marketing,16307,"Executive (>$12,000)",1318,66,5594,14,1,No,0,Travel_Rarely,26,Very Far (26+ mi),3,3 - High,1,1 - Low,3,3 - High,2,2 - Good,3,3,3 - Excellent,29,20,10+ Years,6,4,17,2,2,No,0
852,44,40-49,Male,Single,Research & Development,Healthcare Representative,2,3,3 - Bachelor,Medical,5933,"Mid ($3,500 - $7,000)",625,50,5197,12,0,No,0,Travel_Rarely,4,Near (1-5 mi),2,2 - Medium,4,4 - Very High,4,4 - Very High,2,2 - Good,3,3,3 - Excellent,10,5,3-5 Years,2,2,3,2,9,No,0
854,25,Under 30,Male,Single,Research & Development,Research Scientist,1,1,1 - Below College,Medical,3424,"Low (<$3,500)",180,65,21632,13,0,No,0,Travel_Rarely,2,Near (1-5 mi),1,1 - Low,1,1 - Low,3,3 - High,2,2 - Good,4,3,3 - Excellent,6,4,3-5 Years,3,0,1,3,7,No,0
855,33,30-39,Male,Divorced,Sales,Sales Executive,2,3,3 - Bachelor,Medical,4037,"Mid ($3,500 - $7,000)",586,48,21816,22,1,No,0,Travel_Rarely,1,Near (1-5 mi),1,1 - Low,1,1 - Low,1,1 - Low,3,3 - Better,4,4,4 - Outstanding,9,9,6-10 Years,8,0,8,5,1,No,0
856,35,30-39,Female,Single,Research & Development,Research Scientist,1,1,1 - Below College,Medical,2559,"Low (<$3,500)",1343,53,17852,11,0,No,0,Travel_Rarely,27,Very Far (26+ mi),1,1 - Low,3,3 - High,4,4 - Very High,2,2 - Good,2,3,3 - Excellent,6,6,6-10 Years,5,1,1,3,1,No,0
857,36,30-39,Male,Married,Sales,Sales Executive,2,2,2 - College,Life Sciences,6201,"Mid ($3,500 - $7,000)",928,56,2823,14,1,Yes,1,Travel_Rarely,1,Near (1-5 mi),4,4 - Very High,2,2 - Medium,4,4 - Very High,2,2 - Good,3,3,3 - Excellent,18,18,10+ Years,14,4,11,1,1,No,0
859,32,30-39,Male,Divorced,Sales,Sales Executive,2,4,4 - Master,Life Sciences,4403,"Mid ($3,500 - $7,000)",117,73,9250,11,1,No,0,Travel_Rarely,13,Moderate (6-15 mi),4,4 - Very High,2,2 - Medium,3,3 - High,2,2 - Good,3,3,3 - Excellent,8,5,3-5 Years,2,0,3,3,2,No,0
861,30,30-39,Male,Divorced,Research & Development,Research Scientist,1,4,4 - Master,Life Sciences,3761,"Mid ($3,500 - $7,000)",1012,75,2373,12,1,No,0,Travel_Frequently,5,Near (1-5 mi),4,4 - Very High,2,2 - Medium,2,2 - Medium,2,2 - Good,2,3,3 - Excellent,10,5,3-5 Years,4,0,3,3,9,No,0
862,53,50+,Female,Married,Sales,Sales Executive,3,2,2 - College,Marketing,10934,"High ($7,001 - $12,000)",661,78,20715,18,1,Yes,1,Travel_Rarely,7,Moderate (6-15 mi),4,4 - Very High,1,1 - Low,4,4 - Very High,3,3 - Better,2,3,3 - Excellent,35,5,3-5 Years,2,0,4,3,7,No,0
864,45,40-49,Male,Divorced,Sales,Sales Executive,3,3,3 - Bachelor,Marketing,10761,"High ($7,001 - $12,000)",930,74,19239,12,1,Yes,1,Travel_Rarely,9,Moderate (6-15 mi),1,1 - Low,4,4 - Very High,3,3 - High,3,3 - Better,3,3,3 - Excellent,18,5,3-5 Years,4,0,2,2,4,No,0
865,32,30-39,Female,Married,Research & Development,Research Scientist,2,2,2 - College,Medical,5175,"Mid ($3,500 - $7,000)",638,91,22162,12,1,No,0,Travel_Rarely,8,Moderate (6-15 mi),3,3 - High,3,3 - High,3,3 - High,2,2 - Good,4,3,3 - Excellent,9,5,3-5 Years,3,1,3,3,5,No,0
867,52,50+,Female,Married,Research & Development,Manufacturing Director,4,4,4 - Master,Medical,13826,"Executive (>$12,000)",890,81,19028,22,0,No,0,Travel_Frequently,25,Far (16-25 mi),4,4 - Very High,3,3 - High,3,3 - High,3,3 - Better,2,4,4 - Outstanding,31,9,6-10 Years,8,0,0,3,3,No,0
868,37,30-39,Male,Divorced,Sales,Sales Executive,2,4,4 - Master,Marketing,6334,"Mid ($3,500 - $7,000)",342,66,24558,19,2,No,0,Travel_Rarely,16,Far (16-25 mi),3,3 - High,4,4 - Very High,4,4 - Very High,3,3 - Better,2,3,3 - Excellent,9,1,1-2 Years,0,0,0,2,4,No,0
869,28,Under 30,Male,Divorced,Human Resources,Human Resources,1,2,2 - College,Medical,4936,"Mid ($3,500 - $7,000)",1169,63,23965,13,1,No,0,Travel_Rarely,8,Moderate (6-15 mi),4,4 - Very High,2,2 - Medium,4,4 - Very High,3,3 - Better,2,3,3 - Excellent,6,5,3-5 Years,1,0,4,6,1,No,0
872,22,Under 30,Male,Married,Research & Development,Manufacturing Director,2,2,2 - College,Life Sciences,4775,"Mid ($3,500 - $7,000)",1230,33,19146,22,2,No,0,Travel_Rarely,1,Near (1-5 mi),4,4 - Very High,4,4 - Very High,1,1 - Low,1,1 - Bad,2,4,4 - Outstanding,4,2,1-2 Years,2,2,2,2,6,No,0
874,44,40-49,Male,Married,Research & Development,Laboratory Technician,1,4,4 - Master,Life Sciences,2818,"Low (<$3,500)",986,62,5044,24,1,Yes,1,Travel_Rarely,8,Moderate (6-15 mi),4,4 - Very High,1,1 - Low,3,3 - High,2,2 - Good,4,4,4 - Outstanding,10,3,3-5 Years,2,0,2,2,2,No,0
875,42,40-49,Male,Single,Research & Development,Research Scientist,1,1,1 - Below College,Medical,2515,"Low (<$3,500)",1271,35,9068,14,0,Yes,1,Travel_Frequently,2,Near (1-5 mi),4,4 - Very High,2,2 - Medium,4,4 - Very High,3,3 - Better,3,3,3 - Excellent,8,2,1-2 Years,1,2,2,2,5,No,0
878,36,30-39,Male,Married,Human Resources,Human Resources,1,3,3 - Bachelor,Life Sciences,2342,"Low (<$3,500)",1278,77,8635,21,0,No,0,Travel_Rarely,8,Moderate (6-15 mi),1,1 - Low,1,1 - Low,3,3 - High,3,3 - Better,2,4,4 - Outstanding,6,5,3-5 Years,4,0,3,3,0,No,0
879,25,Under 30,Male,Married,Sales,Sales Executive,2,1,1 - Below College,Other,4194,"Mid ($3,500 - $7,000)",141,98,14363,18,0,Yes,1,Travel_Rarely,3,Near (1-5 mi),1,1 - Low,3,3 - High,4,4 - Very High,3,3 - Better,3,3,3 - Excellent,5,5,3-5 Years,3,0,3,3,1,No,0
880,35,30-39,Female,Married,Research & Development,Manufacturing Director,3,3,3 - Bachelor,Life Sciences,10685,"High ($7,001 - $12,000)",607,66,23457,20,1,Yes,1,Travel_Rarely,9,Moderate (6-15 mi),3,3 - High,4,4 - Very High,2,2 - Medium,3,3 - Better,2,4,4 - Outstanding,17,17,10+ Years,14,5,15,2,1,No,0
881,35,30-39,Female,Divorced,Research & Development,Research Scientist,1,4,4 - Master,Life Sciences,2022,"Low (<$3,500)",130,96,16612,19,1,Yes,1,Travel_Frequently,25,Far (16-25 mi),2,2 - Medium,4,4 - Very High,1,1 - Low,2,2 - Good,3,3,3 - Excellent,10,10,6-10 Years,2,7,8,3,1,Yes,1
882,32,30-39,Male,Divorced,Research & Development,Laboratory Technician,1,3,3 - Bachelor,Life Sciences,2314,"Low (<$3,500)",300,61,9148,12,1,No,0,Non-Travel,1,Near (1-5 mi),4,4 - Very High,4,4 - Very High,2,2 - Medium,3,3 - Better,3,3,3 - Excellent,4,3,3-5 Years,0,0,2,2,0,No,0
885,25,Under 30,Male,Married,Sales,Sales Executive,2,1,1 - Below College,Marketing,4256,"Mid ($3,500 - $7,000)",583,87,18154,12,0,No,0,Travel_Rarely,4,Near (1-5 mi),1,1 - Low,3,3 - High,1,1 - Low,4,4 - Best,2,3,3 - Excellent,5,5,3-5 Years,2,0,3,1,1,No,0
887,49,40-49,Female,Married,Research & Development,Research Scientist,1,3,3 - Bachelor,Technical Degree,3580,"Mid ($3,500 - $7,000)",1418,36,10554,16,1,No,0,Travel_Rarely,1,Near (1-5 mi),1,1 - Low,3,3 - High,2,2 - Medium,3,3 - Better,3,3,3 - Excellent,7,4,3-5 Years,2,0,2,2,2,No,0
888,24,Under 30,Male,Married,Research & Development,Laboratory Technician,1,1,1 - Below College,Life Sciences,3162,"Low (<$3,500)",1269,46,10778,17,0,No,0,Non-Travel,4,Near (1-5 mi),4,4 - Very High,1,1 - Low,4,4 - Very High,2,2 - Good,2,3,3 - Excellent,6,5,3-5 Years,2,3,4,2,0,No,0
889,32,30-39,Male,Married,Sales,Sales Executive,2,2,2 - College,Life Sciences,6524,"Mid ($3,500 - $7,000)",379,48,8891,14,1,No,0,Travel_Frequently,5,Near (1-5 mi),2,2 - Medium,2,2 - Medium,4,4 - Very High,3,3 - Better,3,3,3 - Excellent,10,10,6-10 Years,8,5,3,3,1,No,0
893,38,30-39,Male,Married,Sales,Sales Representative,1,3,3 - Bachelor,Marketing,2899,"Low (<$3,500)",395,98,12102,19,1,No,0,Travel_Rarely,9,Moderate (6-15 mi),2,2 - Medium,2,2 - Medium,4,4 - Very High,3,3 - Better,2,3,3 - Excellent,3,2,1-2 Years,2,1,2,3,0,No,0
894,42,40-49,Female,Married,Research & Development,Laboratory Technician,2,3,3 - Bachelor,Life Sciences,5231,"Mid ($3,500 - $7,000)",1265,95,23726,13,1,Yes,1,Travel_Rarely,3,Near (1-5 mi),4,4 - Very High,3,3 - High,2,2 - Medium,2,2 - Good,4,3,3 - Excellent,17,5,3-5 Years,3,1,3,1,2,No,0
895,31,30-39,Male,Married,Research & Development,Research Scientist,1,4,4 - Master,Life Sciences,2356,"Low (<$3,500)",1222,48,14871,19,1,Yes,1,Travel_Rarely,11,Moderate (6-15 mi),4,4 - Very High,4,4 - Very High,2,2 - Medium,3,3 - Better,3,3,3 - Excellent,8,6,6-10 Years,4,0,2,2,3,No,0
896,29,Under 30,Female,Divorced,Sales,Sales Representative,1,3,3 - Bachelor,Medical,2800,"Low (<$3,500)",341,48,23522,19,3,Yes,1,Travel_Rarely,1,Near (1-5 mi),3,3 - High,2,2 - Medium,3,3 - High,3,3 - Better,2,3,3 - Excellent,5,3,3-5 Years,2,0,2,3,6,Yes,1
897,53,50+,Male,Married,Sales,Sales Executive,4,3,3 - Bachelor,Marketing,11836,"High ($7,001 - $12,000)",868,73,22789,14,1,No,0,Travel_Rarely,8,Moderate (6-15 mi),4,4 - Very High,1,1 - Low,3,3 - High,3,3 - Better,3,3,3 - Excellent,28,2,1-2 Years,0,2,2,3,5,No,0
899,35,30-39,Male,Married,Research & Development,Manufacturing Director,3,3,3 - Bachelor,Technical Degree,10903,"High ($7,001 - $12,000)",672,78,9129,16,0,No,0,Travel_Rarely,25,Far (16-25 mi),2,2 - Medium,4,4 - Very High,1,1 - Low,3,3 - Better,2,3,3 - Excellent,16,13,10+ Years,10,4,8,2,3,No,0
900,37,30-39,Female,Married,Sales,Sales Representative,1,2,2 - College,Medical,2973,"Low (<$3,500)",1231,54,21222,15,1,No,0,Travel_Frequently,21,Far (16-25 mi),4,4 - Very High,3,3 - High,2,2 - Medium,3,3 - Better,3,3,3 - Excellent,10,5,3-5 Years,4,0,0,3,5,No,0
901,53,50+,Female,Single,Research & Development,Research Director,4,4,4 - Master,Life Sciences,14275,"Executive (>$12,000)",102,72,20206,18,0,No,0,Travel_Rarely,23,Far (16-25 mi),4,4 - Very High,4,4 - Very High,3,3 - High,3,3 - Better,3,3,3 - Excellent,33,12,10+ Years,9,3,8,0,6,No,0
902,43,40-49,Female,Married,Research & Development,Healthcare Representative,2,3,3 - Bachelor,Life Sciences,5562,"Mid ($3,500 - $7,000)",422,33,21782,13,1,No,0,Travel_Frequently,1,Near (1-5 mi),4,4 - Very High,4,4 - Very High,2,2 - Medium,2,2 - Good,3,3,3 - Excellent,12,5,3-5 Years,2,2,2,2,4,No,0
903,47,40-49,Female,Married,Sales,Sales Executive,2,2,2 - College,Marketing,4537,"Mid ($3,500 - $7,000)",249,35,17783,22,1,Yes,1,Travel_Rarely,2,Near (1-5 mi),4,4 - Very High,3,3 - High,1,1 - Low,3,3 - Better,3,4,4 - Outstanding,8,7,6-10 Years,6,7,7,2,0,No,0
904,37,30-39,Male,Single,Sales,Sales Executive,3,2,2 - College,Medical,7642,"High ($7,001 - $12,000)",1252,32,4814,13,0,Yes,1,Non-Travel,19,Far (16-25 mi),2,2 - Medium,1,1 - Low,4,4 - Very High,3,3 - Better,3,3,3 - Excellent,10,10,6-10 Years,0,0,9,2,1,No,0
905,50,50+,Male,Divorced,Research & Development,Manager,4,4,4 - Master,Life Sciences,17924,"Executive (>$12,000)",881,98,4544,11,1,No,0,Non-Travel,2,Near (1-5 mi),1,1 - Low,1,1 - Low,4,4 - Very High,3,3 - Better,3,3,3 - Excellent,31,31,10+ Years,6,14,7,3,1,No,0
909,39,30-39,Female,Married,Human Resources,Human Resources,2,3,3 - Bachelor,Life Sciences,5204,"Mid ($3,500 - $7,000)",1383,42,7790,11,2,No,0,Travel_Rarely,2,Near (1-5 mi),4,4 - Very High,4,4 - Very High,3,3 - High,3,3 - Better,2,3,3 - Excellent,13,5,3-5 Years,4,0,4,2,8,No,0
910,33,30-39,Male,Divorced,Human Resources,Human Resources,1,2,2 - College,Human Resources,2277,"Low (<$3,500)",1075,57,22650,11,1,Yes,1,Travel_Rarely,3,Near (1-5 mi),2,2 - Medium,4,4 - Very High,3,3 - High,4,4 - Best,3,3,3 - Excellent,7,4,3-5 Years,3,0,3,4,3,No,0
911,32,30-39,Male,Single,Research & Development,Laboratory Technician,1,4,4 - Master,Life Sciences,2795,"Low (<$3,500)",374,87,18016,24,0,Yes,1,Travel_Rarely,25,Far (16-25 mi),4,4 - Very High,1,1 - Low,3,3 - High,1,1 - Bad,3,4,4 - Outstanding,1,1,1-2 Years,0,0,1,2,1,Yes,1
912,29,Under 30,Female,Divorced,Research & Development,Laboratory Technician,1,1,1 - Below College,Medical,2532,"Low (<$3,500)",1086,62,6054,14,3,No,0,Travel_Rarely,7,Moderate (6-15 mi),4,4 - Very High,1,1 - Low,3,3 - High,3,3 - Better,2,3,3 - Excellent,8,4,3-5 Years,3,0,3,5,6,No,0
913,44,40-49,Male,Married,Research & Development,Research Scientist,1,2,2 - College,Life Sciences,2559,"Low (<$3,500)",661,61,7508,13,0,Yes,1,Travel_Rarely,9,Moderate (6-15 mi),1,1 - Low,2,2 - Medium,4,4 - Very High,3,3 - Better,3,3,3 - Excellent,8,8,6-10 Years,7,7,1,0,1,No,0
916,28,Under 30,Male,Single,Sales,Sales Executive,2,4,4 - Master,Medical,4908,"Mid ($3,500 - $7,000)",821,98,24252,14,0,No,0,Travel_Rarely,5,Near (1-5 mi),4,4 - Very High,1,1 - Low,2,2 - Medium,3,3 - Better,3,3,3 - Excellent,4,4,3-5 Years,2,0,2,3,1,No,0
918,58,50+,Male,Divorced,Research & Development,Laboratory Technician,1,1,1 - Below College,Life Sciences,2380,"Low (<$3,500)",781,57,13384,14,1,Yes,1,Travel_Frequently,2,Near (1-5 mi),4,4 - Very High,4,4 - Very High,4,4 - Very High,2,2 - Good,2,3,3 - Excellent,3,1,1-2 Years,0,0,0,3,9,Yes,1
920,43,40-49,Female,Divorced,Research & Development,Manufacturing Director,2,3,3 - Bachelor,Life Sciences,4765,"Mid ($3,500 - $7,000)",177,55,23814,21,1,No,0,Travel_Rarely,8,Moderate (6-15 mi),2,2 - Medium,1,1 - Low,3,3 - High,4,4 - Best,3,4,4 - Outstanding,4,1,1-2 Years,0,0,0,2,4,No,0
922,20,Under 30,Female,Single,Sales,Sales Representative,1,3,3 - Bachelor,Medical,2044,"Low (<$3,500)",500,49,22052,13,0,No,0,Travel_Rarely,2,Near (1-5 mi),3,3 - High,3,3 - High,4,4 - Very High,2,2 - Good,2,3,3 - Excellent,2,2,1-2 Years,2,0,2,3,1,Yes,1
923,21,Under 30,Female,Single,Research & Development,Research Scientist,1,1,1 - Below College,Other,2693,"Low (<$3,500)",1427,65,8870,19,0,No,0,Travel_Rarely,18,Far (16-25 mi),4,4 - Very High,4,4 - Very High,1,1 - Low,2,2 - Good,3,3,3 - Excellent,1,1,1-2 Years,0,0,0,3,1,Yes,1
924,36,30-39,Male,Married,Research & Development,Healthcare Representative,2,1,1 - Below College,Life Sciences,6586,"Mid ($3,500 - $7,000)",1425,68,4821,17,1,Yes,1,Travel_Rarely,14,Moderate (6-15 mi),4,4 - Very High,3,3 - High,1,1 - Low,2,2 - Good,3,3,3 - Excellent,17,16,10+ Years,8,4,11,2,0,No,0
925,47,40-49,Female,Single,Sales,Sales Representative,1,4,4 - Master,Life Sciences,3294,"Low (<$3,500)",1454,65,13137,18,0,Yes,1,Travel_Rarely,2,Near (1-5 mi),4,4 - Very High,4,4 - Very High,1,1 - Low,2,2 - Good,2,3,3 - Excellent,3,3,3-5 Years,2,1,2,3,1,No,0
926,22,Under 30,Female,Married,Research & Development,Manufacturing Director,2,1,1 - Below College,Life Sciences,4171,"Mid ($3,500 - $7,000)",617,34,10022,19,1,Yes,1,Travel_Rarely,3,Near (1-5 mi),3,3 - High,2,2 - Medium,1,1 - Low,4,4 - Best,3,3,3 - Excellent,4,3,3-5 Years,2,0,2,3,0,Yes,1
927,41,40-49,Female,Divorced,Research & Development,Laboratory Technician,1,4,4 - Master,Life Sciences,2778,"Low (<$3,500)",1085,57,17725,13,1,Yes,1,Travel_Rarely,2,Near (1-5 mi),4,4 - Very High,2,2 - Medium,3,3 - High,2,2 - Good,1,3,3 - Excellent,10,7,6-10 Years,7,1,0,1,4,Yes,1
930,28,Under 30,Female,Divorced,Research & Development,Research Scientist,1,3,3 - Bachelor,Medical,2377,"Low (<$3,500)",995,77,9834,18,1,No,0,Travel_Rarely,9,Moderate (6-15 mi),3,3 - High,3,3 - High,2,2 - Medium,3,3 - Better,3,3,3 - Excellent,6,2,1-2 Years,2,2,2,2,5,No,0
932,39,30-39,Male,Married,Research & Development,Laboratory Technician,1,3,3 - Bachelor,Medical,2404,"Low (<$3,500)",1122,70,4303,21,0,Yes,1,Travel_Rarely,6,Moderate (6-15 mi),1,1 - Low,4,4 - Very High,4,4 - Very High,1,1 - Bad,3,4,4 - Outstanding,8,2,1-2 Years,2,2,2,2,7,Yes,1
933,27,Under 30,Female,Single,Research & Development,Research Scientist,1,3,3 - Bachelor,Life Sciences,2318,"Low (<$3,500)",618,76,17808,19,0,No,0,Travel_Rarely,4,Near (1-5 mi),3,3 - High,2,2 - Medium,3,3 - High,3,3 - Better,3,3,3 - Excellent,1,1,1-2 Years,1,0,0,2,1,No,0
934,34,30-39,Male,Divorced,Research & Development,Laboratory Technician,1,3,3 - Bachelor,Life Sciences,2008,"Low (<$3,500)",546,83,6896,14,2,No,0,Travel_Rarely,10,Moderate (6-15 mi),2,2 - Medium,2,2 - Medium,2,2 - Medium,3,3 - Better,3,3,3 - Excellent,1,1,1-2 Years,0,1,0,3,1,No,0
936,42,40-49,Female,Single,Sales,Sales Executive,2,2,2 - College,Medical,6244,"Mid ($3,500 - $7,000)",462,68,7824,17,0,No,0,Travel_Rarely,14,Moderate (6-15 mi),3,3 - High,3,3 - High,1,1 - Low,3,3 - Better,2,3,3 - Excellent,10,5,3-5 Years,4,0,3,6,7,No,0
939,33,30-39,Male,Single,Research & Development,Research Scientist,1,4,4 - Master,Other,2799,"Low (<$3,500)",1198,100,3339,11,0,Yes,1,Travel_Rarely,1,Near (1-5 mi),1,1 - Low,3,3 - High,2,2 - Medium,3,3 - Better,2,3,3 - Excellent,6,3,3-5 Years,2,0,2,1,3,No,0
940,58,50+,Female,Divorced,Research & Development,Healthcare Representative,3,3,3 - Bachelor,Technical Degree,10552,"High ($7,001 - $12,000)",1272,37,9255,13,1,Yes,1,Travel_Rarely,5,Near (1-5 mi),2,2 - Medium,3,3 - High,4,4 - Very High,3,3 - Better,2,3,3 - Excellent,24,6,6-10 Years,0,0,4,3,2,No,0
941,31,30-39,Male,Married,Sales,Sales Representative,1,4,4 - Master,Life Sciences,2329,"Low (<$3,500)",154,41,11737,15,0,No,0,Travel_Rarely,7,Moderate (6-15 mi),3,3 - High,2,2 - Medium,2,2 - Medium,4,4 - Best,2,3,3 - Excellent,13,7,6-10 Years,7,5,2,2,3,No,0
942,35,30-39,Female,Married,Research & Development,Healthcare Representative,2,1,1 - Below College,Life Sciences,4014,"Mid ($3,500 - $7,000)",1137,51,19170,25,1,Yes,1,Travel_Rarely,21,Far (16-25 mi),4,4 - Very High,4,4 - Very High,4,4 - Very High,1,1 - Bad,3,4,4 - Outstanding,10,10,6-10 Years,6,0,7,2,1,No,0
944,49,40-49,Female,Married,Research & Development,Laboratory Technician,3,2,2 - College,Other,7403,"High ($7,001 - $12,000)",527,51,22477,11,1,No,0,Travel_Rarely,8,Moderate (6-15 mi),2,2 - Medium,1,1 - Low,3,3 - High,2,2 - Good,3,3,3 - Excellent,29,26,10+ Years,9,1,7,3,4,No,0
945,48,40-49,Male,Married,Research & Development,Research Scientist,1,4,4 - Master,Medical,2259,"Low (<$3,500)",1469,51,5543,17,2,No,0,Travel_Rarely,20,Far (16-25 mi),3,3 - High,4,4 - Very High,1,1 - Low,2,2 - Good,3,3,3 - Excellent,13,0,< 1 Year,0,0,0,2,4,No,0
947,31,30-39,Female,Married,Sales,Sales Executive,2,2,2 - College,Marketing,6932,"Mid ($3,500 - $7,000)",1188,45,24406,13,1,No,0,Non-Travel,20,Far (16-25 mi),3,3 - High,4,4 - Very High,4,4 - Very High,2,2 - Good,3,3,3 - Excellent,9,9,6-10 Years,8,0,0,2,1,No,0
949,36,30-39,Male,Single,Research & Development,Research Scientist,1,4,4 - Master,Other,4678,"Mid ($3,500 - $7,000)",188,65,23293,18,0,No,0,Travel_Rarely,7,Moderate (6-15 mi),4,4 - Very High,2,2 - Medium,3,3 - High,3,3 - Better,3,3,3 - Excellent,8,6,6-10 Years,2,0,1,6,2,No,0
950,38,30-39,Female,Married,Research & Development,Research Director,3,3,3 - Bachelor,Technical Degree,13582,"Executive (>$12,000)",1333,80,16292,13,1,No,0,Travel_Rarely,1,Near (1-5 mi),1,1 - Low,4,4 - Very High,2,2 - Medium,3,3 - Better,3,3,3 - Excellent,15,15,10+ Years,12,5,11,3,1,No,0
951,32,30-39,Female,Married,Research & Development,Laboratory Technician,1,3,3 - Bachelor,Life Sciences,2332,"Low (<$3,500)",1184,70,3974,20,0,No,0,Non-Travel,1,Near (1-5 mi),2,2 - Medium,3,3 - High,3,3 - High,3,3 - Better,2,4,4 - Outstanding,5,3,3-5 Years,0,0,2,3,6,No,0
952,25,Under 30,Male,Married,Sales,Sales Representative,1,2,2 - College,Marketing,2413,"Low (<$3,500)",867,36,18798,18,3,Yes,1,Travel_Rarely,19,Far (16-25 mi),2,2 - Medium,3,3 - High,3,3 - High,3,3 - Better,2,3,3 - Excellent,1,1,1-2 Years,0,0,0,2,1,Yes,1
954,40,40-49,Male,Divorced,Sales,Sales Executive,3,4,4 - Master,Marketing,9705,"High ($7,001 - $12,000)",658,67,20652,12,1,No,0,Travel_Rarely,10,Moderate (6-15 mi),2,2 - Medium,1,1 - Low,2,2 - Medium,2,2 - Good,2,3,3 - Excellent,11,1,1-2 Years,0,0,0,2,2,No,0
956,26,Under 30,Male,Single,Sales,Sales Executive,2,3,3 - Bachelor,Medical,4294,"Mid ($3,500 - $7,000)",1283,52,11148,12,0,No,0,Travel_Frequently,1,Near (1-5 mi),1,1 - Low,3,3 - High,2,2 - Medium,3,3 - Better,2,3,3 - Excellent,7,7,6-10 Years,7,0,7,2,1,No,0
957,41,40-49,Male,Single,Research & Development,Laboratory Technician,1,3,3 - Bachelor,Medical,4721,"Mid ($3,500 - $7,000)",263,59,3119,13,0,Yes,1,Travel_Rarely,6,Moderate (6-15 mi),1,1 - Low,4,4 - Very High,3,3 - High,3,3 - Better,3,3,3 - Excellent,20,18,10+ Years,13,2,17,3,2,No,0
958,36,30-39,Male,Single,Research & Development,Laboratory Technician,1,4,4 - Master,Medical,2519,"Low (<$3,500)",938,79,12287,21,0,No,0,Travel_Rarely,2,Near (1-5 mi),3,3 - High,3,3 - High,3,3 - High,3,3 - Better,3,4,4 - Outstanding,16,11,10+ Years,8,3,9,6,4,No,0
959,19,Under 30,Male,Single,Sales,Sales Representative,1,3,3 - Bachelor,Other,2121,"Low (<$3,500)",419,37,9947,13,0,Yes,1,Travel_Rarely,21,Far (16-25 mi),2,2 - Medium,4,4 - Very High,2,2 - Medium,4,4 - Best,2,3,3 - Excellent,1,1,1-2 Years,0,0,0,3,1,Yes,1
960,20,Under 30,Male,Single,Research & Development,Laboratory Technician,1,3,3 - Bachelor,Technical Degree,2973,"Low (<$3,500)",129,84,13008,19,0,No,0,Travel_Rarely,4,Near (1-5 mi),1,1 - Low,1,1 - Low,2,2 - Medium,3,3 - Better,3,3,3 - Excellent,1,1,1-2 Years,0,0,0,2,1,Yes,1
961,31,30-39,Female,Married,Research & Development,Healthcare Representative,2,3,3 - Bachelor,Medical,5855,"Mid ($3,500 - $7,000)",616,41,17369,11,2,Yes,1,Travel_Rarely,12,Moderate (6-15 mi),4,4 - Very High,4,4 - Very High,3,3 - High,1,1 - Bad,3,3,3 - Excellent,10,9,6-10 Years,7,8,5,2,0,No,0
964,40,40-49,Male,Divorced,Research & Development,Research Scientist,1,4,4 - Master,Medical,3617,"Mid ($3,500 - $7,000)",1469,35,25063,14,1,Yes,1,Travel_Frequently,9,Moderate (6-15 mi),2,2 - Medium,4,4 - Very High,4,4 - Very High,3,3 - Better,3,3,3 - Excellent,3,1,1-2 Years,1,0,0,2,8,No,0
966,32,30-39,Female,Married,Research & Development,Manufacturing Director,2,4,4 - Master,Medical,6725,"Mid ($3,500 - $7,000)",498,93,13554,12,1,No,0,Travel_Rarely,3,Near (1-5 mi),1,1 - Low,3,3 - High,3,3 - High,4,4 - Best,3,3,3 - Excellent,8,8,6-10 Years,7,6,3,2,1,No,0
967,36,30-39,Male,Married,Sales,Sales Executive,3,1,1 - Below College,Life Sciences,10325,"High ($7,001 - $12,000)",530,51,5518,11,1,Yes,1,Travel_Rarely,3,Near (1-5 mi),4,4 - Very High,3,3 - High,1,1 - Low,3,3 - Better,2,3,3 - Excellent,16,16,10+ Years,7,3,7,6,1,Yes,1
969,33,30-39,Female,Single,Research & Development,Healthcare Representative,2,3,3 - Bachelor,Life Sciences,6949,"Mid ($3,500 - $7,000)",1069,42,12291,14,0,No,0,Travel_Rarely,1,Near (1-5 mi),4,4 - Very High,2,2 - Medium,1,1 - Low,3,3 - Better,2,3,3 - Excellent,6,5,3-5 Years,0,1,4,3,0,No,0
970,37,30-39,Male,Married,Sales,Sales Executive,3,4,4 - Master,Life Sciences,10609,"High ($7,001 - $12,000)",625,46,14922,11,0,No,0,Travel_Rarely,1,Near (1-5 mi),3,3 - High,1,1 - Low,3,3 - High,1,1 - Bad,2,3,3 - Excellent,17,14,10+ Years,1,11,7,2,5,Yes,1
972,45,40-49,Male,Married,Research & Development,Laboratory Technician,2,2,2 - College,Life Sciences,4447,"Mid ($3,500 - $7,000)",805,57,23163,12,0,No,0,Non-Travel,4,Near (1-5 mi),2,2 - Medium,3,3 - High,2,2 - Medium,2,2 - Good,3,3,3 - Excellent,9,9,6-10 Years,7,0,8,5,1,No,0
974,29,Under 30,Female,Married,Sales,Sales Representative,1,3,3 - Bachelor,Technical Degree,2157,"Low (<$3,500)",1404,84,18203,15,1,No,0,Travel_Frequently,20,Far (16-25 mi),4,4 - Very High,3,3 - High,2,2 - Medium,3,3 - Better,3,3,3 - Excellent,3,3,3-5 Years,1,0,2,5,1,No,0
975,35,30-39,Female,Married,Sales,Sales Executive,2,3,3 - Bachelor,Medical,4601,"Mid ($3,500 - $7,000)",1219,86,6179,16,0,No,0,Travel_Rarely,18,Far (16-25 mi),3,3 - High,3,3 - High,2,2 - Medium,3,3 - Better,3,3,3 - Excellent,5,5,3-5 Years,2,1,0,3,1,No,0
976,52,50+,Male,Married,Research & Development,Manager,4,2,2 - College,Life Sciences,17099,"Executive (>$12,000)",1053,70,13829,15,1,No,0,Travel_Rarely,1,Near (1-5 mi),4,4 - Very High,4,4 - Very High,2,2 - Medium,2,2 - Good,3,3,3 - Excellent,26,9,6-10 Years,8,7,8,2,2,No,0
977,58,50+,Male,Single,Research & Development,Research Scientist,1,3,3 - Bachelor,Technical Degree,2479,"Low (<$3,500)",289,51,26227,24,0,No,0,Travel_Rarely,2,Near (1-5 mi),3,3 - High,4,4 - Very High,1,1 - Low,3,3 - Better,3,4,4 - Outstanding,7,1,1-2 Years,0,0,0,4,4,Yes,1
981,53,50+,Male,Divorced,Sales,Manager,4,2,2 - College,Medical,14852,"Executive (>$12,000)",1376,45,13938,13,1,No,0,Travel_Rarely,2,Near (1-5 mi),3,3 - High,3,3 - High,3,3 - High,4,4 - Best,3,3,3 - Excellent,22,17,10+ Years,13,15,2,3,6,No,0
982,30,30-39,Male,Divorced,Sales,Sales Executive,3,2,2 - College,Other,7264,"High ($7,001 - $12,000)",231,62,9977,11,1,No,0,Travel_Rarely,8,Moderate (6-15 mi),3,3 - High,3,3 - High,1,1 - Low,4,4 - Best,3,3,3 - Excellent,10,8,6-10 Years,4,7,7,2,5,No,0
983,38,30-39,Female,Single,Sales,Sales Executive,2,3,3 - Bachelor,Technical Degree,5666,"Mid ($3,500 - $7,000)",152,85,19899,13,0,Yes,1,Non-Travel,10,Moderate (6-15 mi),4,4 - Very High,3,3 - High,2,2 - Medium,3,3 - Better,3,3,3 - Excellent,6,5,3-5 Years,3,1,3,1,1,No,0
984,35,30-39,Male,Divorced,Sales,Sales Executive,3,4,4 - Master,Life Sciences,7823,"High ($7,001 - $12,000)",882,92,6812,13,1,No,0,Travel_Rarely,3,Near (1-5 mi),4,4 - Very High,4,4 - Very High,2,2 - Medium,3,3 - Better,3,3,3 - Excellent,12,10,6-10 Years,9,0,8,2,6,No,0
985,39,30-39,Male,Single,Sales,Sales Executive,3,5,5 - Doctor,Life Sciences,7880,"High ($7,001 - $12,000)",903,41,2560,18,0,No,0,Travel_Rarely,2,Near (1-5 mi),3,3 - High,1,1 - Low,4,4 - Very High,3,3 - Better,4,3,3 - Excellent,9,8,6-10 Years,7,0,7,3,0,No,0
986,40,40-49,Female,Single,Sales,Sales Executive,4,3,3 - Bachelor,Life Sciences,13194,"Executive (>$12,000)",1479,100,17071,16,0,Yes,1,Non-Travel,24,Far (16-25 mi),2,2 - Medium,2,2 - Medium,4,4 - Very High,2,2 - Good,4,3,3 - Excellent,22,1,1-2 Years,0,0,0,2,4,Yes,1
987,47,40-49,Male,Divorced,Research & Development,Manufacturing Director,2,4,4 - Master,Medical,5067,"Mid ($3,500 - $7,000)",1379,64,6759,19,0,Yes,1,Travel_Frequently,16,Far (16-25 mi),3,3 - High,3,3 - High,3,3 - High,4,4 - Best,4,3,3 - Excellent,20,19,10+ Years,10,2,7,3,1,No,0
990,36,30-39,Male,Divorced,Sales,Sales Executive,2,4,4 - Master,Technical Degree,5079,"Mid ($3,500 - $7,000)",1229,84,25952,13,2,No,0,Non-Travel,8,Moderate (6-15 mi),4,4 - Very High,1,1 - Low,4,4 - Very High,3,3 - Better,3,3,3 - Excellent,12,7,6-10 Years,7,0,7,3,4,No,0
991,31,30-39,Male,Single,Research & Development,Research Scientist,1,2,2 - College,Medical,2321,"Low (<$3,500)",335,46,10322,22,0,Yes,1,Non-Travel,9,Moderate (6-15 mi),1,1 - Low,3,3 - High,1,1 - Low,3,3 - Better,2,4,4 - Outstanding,4,3,3-5 Years,2,1,2,0,0,Yes,1
992,33,30-39,Male,Single,Sales,Manager,4,3,3 - Bachelor,Life Sciences,17444,"Executive (>$12,000)",722,38,20489,11,0,No,0,Non-Travel,17,Far (16-25 mi),3,3 - High,4,4 - Very High,4,4 - Very High,3,3 - Better,3,3,3 - Excellent,10,10,6-10 Years,8,6,0,2,1,No,0
994,29,Under 30,Female,Single,Research & Development,Research Scientist,1,3,3 - Bachelor,Life Sciences,2404,"Low (<$3,500)",906,92,11479,20,0,Yes,1,Travel_Rarely,10,Moderate (6-15 mi),1,1 - Low,4,4 - Very High,3,3 - High,3,3 - Better,2,4,4 - Outstanding,3,0,< 1 Year,0,0,0,5,6,Yes,1
995,33,30-39,Female,Single,Research & Development,Research Scientist,1,1,1 - Below College,Life Sciences,3452,"Low (<$3,500)",461,53,17241,18,0,No,0,Travel_Rarely,13,Moderate (6-15 mi),4,4 - Very High,2,2 - Medium,1,1 - Low,3,3 - Better,3,3,3 - Excellent,5,3,3-5 Years,2,0,2,4,3,No,0
996,45,40-49,Female,Divorced,Research & Development,Laboratory Technician,1,4,4 - Master,Medical,2270,"Low (<$3,500)",974,91,11005,14,2,No,0,Travel_Rarely,1,Near (1-5 mi),4,4 - Very High,4,4 - Very High,4,4 - Very High,3,3 - Better,3,3,3 - Excellent,8,5,3-5 Years,3,0,2,2,3,No,0
997,50,50+,Male,Divorced,Research & Development,Research Director,4,2,2 - College,Medical,17399,"Executive (>$12,000)",1126,66,6615,22,1,No,0,Travel_Rarely,1,Near (1-5 mi),4,4 - Very High,4,4 - Very High,3,3 - High,2,2 - Good,3,4,4 - Outstanding,32,5,3-5 Years,4,1,3,1,9,No,0
998,33,30-39,Female,Married,Research & Development,Healthcare Representative,2,4,4 - Master,Other,5488,"Mid ($3,500 - $7,000)",827,84,20161,13,1,Yes,1,Travel_Frequently,1,Near (1-5 mi),2,2 - Medium,3,3 - High,1,1 - Low,3,3 - Better,4,3,3 - Excellent,6,6,6-10 Years,5,1,2,2,1,No,0
999,41,40-49,Male,Divorced,Research & Development,Research Director,5,3,3 - Bachelor,Medical,19419,"Executive (>$12,000)",840,64,3735,17,1,No,0,Travel_Frequently,9,Moderate (6-15 mi),3,3 - High,1,1 - Low,2,2 - Medium,4,4 - Best,3,3,3 - Excellent,21,18,10+ Years,16,0,11,2,2,No,0
1001,27,Under 30,Female,Married,Research & Development,Laboratory Technician,1,4,4 - Master,Technical Degree,2811,"Low (<$3,500)",1134,37,12086,14,1,No,0,Travel_Rarely,16,Far (16-25 mi),2,2 - Medium,3,3 - High,2,2 - Medium,3,3 - Better,3,3,3 - Excellent,4,2,1-2 Years,2,2,2,2,9,No,0
1002,45,40-49,Male,Married,Research & Development,Laboratory Technician,2,2,2 - College,Life Sciences,3633,"Mid ($3,500 - $7,000)",248,42,14039,15,1,Yes,1,Non-Travel,23,Far (16-25 mi),1,1 - Low,4,4 - Very High,3,3 - High,3,3 - Better,3,3,3 - Excellent,9,9,6-10 Years,8,0,8,2,1,No,0
1003,47,40-49,Female,Single,Sales,Sales Executive,2,2,2 - College,Life Sciences,4163,"Mid ($3,500 - $7,000)",955,83,8571,17,0,Yes,1,Travel_Rarely,4,Near (1-5 mi),4,4 - Very High,4,4 - Very High,3,3 - High,3,3 - Better,3,3,3 - Excellent,9,9,6-10 Years,0,0,7,0,1,No,0
1004,30,30-39,Female,Married,Research & Development,Research Scientist,1,3,3 - Bachelor,Life Sciences,2132,"Low (<$3,500)",138,48,11539,11,0,Yes,1,Travel_Rarely,22,Far (16-25 mi),3,3 - High,1,1 - Low,2,2 - Medium,3,3 - Better,3,3,3 - Excellent,7,5,3-5 Years,2,0,1,2,4,Yes,1
1005,50,50+,Male,Married,Research & Development,Manufacturing Director,4,3,3 - Bachelor,Life Sciences,13973,"Executive (>$12,000)",939,95,4161,18,1,Yes,1,Travel_Rarely,24,Far (16-25 mi),3,3 - High,4,4 - Very High,4,4 - Very High,3,3 - Better,3,3,3 - Excellent,22,12,10+ Years,11,1,5,2,3,No,0
1006,38,30-39,Male,Married,Research & Development,Research Scientist,1,1,1 - Below College,Medical,2684,"Low (<$3,500)",1391,66,12127,17,1,No,0,Travel_Frequently,10,Moderate (6-15 mi),3,3 - High,3,3 - High,2,2 - Medium,2,2 - Good,3,3,3 - Excellent,3,2,1-2 Years,1,0,2,0,0,No,0
1007,46,40-49,Male,Divorced,Research & Development,Manufacturing Director,3,2,2 - College,Medical,10845,"High ($7,001 - $12,000)",566,75,24208,13,1,No,0,Travel_Rarely,7,Moderate (6-15 mi),3,3 - High,4,4 - Very High,2,2 - Medium,3,3 - Better,3,3,3 - Excellent,13,8,6-10 Years,7,0,7,3,6,No,0
1009,24,Under 30,Female,Divorced,Research & Development,Manufacturing Director,2,1,1 - Below College,Medical,4377,"Mid ($3,500 - $7,000)",1206,41,24117,15,2,No,0,Travel_Rarely,17,Far (16-25 mi),3,3 - High,4,4 - Very High,2,2 - Medium,3,3 - Better,2,3,3 - Excellent,5,4,3-5 Years,2,3,2,6,1,No,0
1010,35,30-39,Male,Divorced,Research & Development,Laboratory Technician,1,4,4 - Master,Other,3743,"Mid ($3,500 - $7,000)",622,39,10074,24,1,Yes,1,Travel_Rarely,14,Moderate (6-15 mi),2,2 - Medium,3,3 - High,4,4 - Very High,1,1 - Bad,2,4,4 - Outstanding,5,4,3-5 Years,2,0,2,2,1,Yes,1
1011,31,30-39,Female,Married,Research & Development,Manufacturing Director,2,1,1 - Below College,Life Sciences,4148,"Mid ($3,500 - $7,000)",853,96,11275,12,1,No,0,Travel_Frequently,1,Near (1-5 mi),1,1 - Low,3,3 - High,3,3 - High,3,3 - Better,3,3,3 - Excellent,4,4,3-5 Years,3,0,3,1,1,No,0
1012,18,Under 30,Male,Single,Research & Development,Research Scientist,1,2,2 - College,Life Sciences,1051,"Low (<$3,500)",287,73,13493,15,0,No,0,Non-Travel,5,Near (1-5 mi),4,4 - Very High,2,2 - Medium,4,4 - Very High,3,3 - Better,3,3,3 - Excellent,0,0,< 1 Year,0,0,0,2,1,No,0
1013,54,50+,Female,Married,Research & Development,Manufacturing Director,3,3,3 - Bachelor,Technical Degree,10739,"High ($7,001 - $12,000)",1441,56,13943,11,1,No,0,Travel_Rarely,17,Far (16-25 mi),3,3 - High,3,3 - High,3,3 - High,3,3 - Better,3,3,3 - Excellent,22,10,6-10 Years,7,0,8,2,8,No,0
1014,35,30-39,Female,Divorced,Research & Development,Healthcare Representative,3,4,4 - Master,Medical,10388,"High ($7,001 - $12,000)",583,57,6975,11,1,Yes,1,Travel_Rarely,25,Far (16-25 mi),3,3 - High,3,3 - High,3,3 - High,2,2 - Good,3,3,3 - Excellent,16,16,10+ Years,10,10,1,3,1,No,0
1015,30,30-39,Female,Married,Research & Development,Research Director,3,2,2 - College,Life Sciences,11416,"High ($7,001 - $12,000)",153,73,17802,12,3,Yes,1,Travel_Rarely,8,Moderate (6-15 mi),1,1 - Low,2,2 - Medium,3,3 - High,2,2 - Good,4,3,3 - Excellent,9,8,6-10 Years,7,1,7,4,0,No,0
1016,20,Under 30,Female,Single,Research & Development,Research Scientist,1,3,3 - Bachelor,Medical,2600,"Low (<$3,500)",1097,98,18275,15,0,Yes,1,Travel_Rarely,11,Moderate (6-15 mi),1,1 - Low,4,4 - Very High,1,1 - Low,3,3 - Better,2,3,3 - Excellent,1,1,1-2 Years,0,0,0,2,1,Yes,1
1017,30,30-39,Female,Single,Research & Development,Laboratory Technician,1,3,3 - Bachelor,Medical,2422,"Low (<$3,500)",109,60,25725,17,0,No,0,Travel_Frequently,5,Near (1-5 mi),2,2 - Medium,2,2 - Medium,1,1 - Low,3,3 - Better,3,3,3 - Excellent,4,3,3-5 Years,2,1,2,3,0,Yes,1
1018,26,Under 30,Male,Married,Research & Development,Manufacturing Director,2,2,2 - College,Medical,5472,"Mid ($3,500 - $7,000)",1066,32,3334,12,0,No,0,Travel_Rarely,2,Near (1-5 mi),4,4 - Very High,4,4 - Very High,2,2 - Medium,3,3 - Better,4,3,3 - Excellent,8,8,6-10 Years,7,1,3,2,1,No,0
1019,22,Under 30,Male,Married,Research & Development,Laboratory Technician,1,1,1 - Below College,Life Sciences,2451,"Low (<$3,500)",217,94,6881,15,1,No,0,Travel_Rarely,8,Moderate (6-15 mi),1,1 - Low,2,2 - Medium,1,1 - Low,2,2 - Good,1,3,3 - Excellent,4,4,3-5 Years,3,1,1,3,1,No,0
1022,48,40-49,Male,Single,Research & Development,Healthcare Representative,2,3,3 - Bachelor,Life Sciences,4240,"Mid ($3,500 - $7,000)",277,97,13119,13,0,No,0,Travel_Rarely,6,Moderate (6-15 mi),3,3 - High,1,1 - Low,4,4 - Very High,3,3 - Better,2,3,3 - Excellent,19,2,1-2 Years,2,2,2,0,2,No,0
1024,48,40-49,Male,Single,Research & Development,Healthcare Representative,3,4,4 - Master,Life Sciences,10999,"High ($7,001 - $12,000)",1355,78,22245,14,0,No,0,Travel_Rarely,4,Near (1-5 mi),3,3 - High,3,3 - High,2,2 - Medium,3,3 - Better,2,3,3 - Excellent,27,15,10+ Years,11,4,8,3,7,No,0
1025,41,40-49,Female,Single,Research & Development,Manufacturing Director,2,2,2 - College,Medical,5003,"Mid ($3,500 - $7,000)",549,42,23371,14,0,No,0,Travel_Rarely,7,Moderate (6-15 mi),3,3 - High,4,4 - Very High,2,2 - Medium,3,3 - Better,3,3,3 - Excellent,8,2,1-2 Years,2,2,1,6,6,No,0
1026,39,30-39,Female,Married,Research & Development,Manufacturing Director,4,1,1 - Below College,Life Sciences,12742,"Executive (>$12,000)",466,65,7060,16,1,No,0,Travel_Rarely,1,Near (1-5 mi),4,4 - Very High,4,4 - Very High,3,3 - High,3,3 - Better,2,3,3 - Excellent,21,21,10+ Years,6,11,8,3,1,No,0
1027,27,Under 30,Female,Married,Research & Development,Manufacturing Director,2,4,4 - Master,Life Sciences,4227,"Mid ($3,500 - $7,000)",1055,47,4658,18,1,No,0,Travel_Rarely,2,Near (1-5 mi),4,4 - Very High,1,1 - Low,2,2 - Medium,3,3 - Better,3,3,3 - Excellent,4,3,3-5 Years,2,2,2,2,0,No,0
1028,35,30-39,Male,Divorced,Research & Development,Laboratory Technician,1,3,3 - Bachelor,Other,3917,"Mid ($3,500 - $7,000)",802,45,9541,20,1,No,0,Travel_Rarely,10,Moderate (6-15 mi),4,4 - Very High,2,2 - Medium,1,1 - Low,2,2 - Good,3,4,4 - Outstanding,3,3,3-5 Years,2,1,2,4,1,No,0
1029,42,40-49,Male,Married,Sales,Manager,5,2,2 - College,Marketing,18303,"Executive (>$12,000)",265,90,7770,13,0,No,0,Travel_Rarely,5,Near (1-5 mi),3,3 - High,4,4 - Very High,2,2 - Medium,4,4 - Best,3,3,3 - Excellent,21,1,1-2 Years,0,0,0,3,6,No,0
1030,50,50+,Male,Married,Research & Development,Laboratory Technician,1,3,3 - Bachelor,Life Sciences,2380,"Low (<$3,500)",804,64,20165,18,0,No,0,Travel_Rarely,9,Moderate (6-15 mi),4,4 - Very High,1,1 - Low,2,2 - Medium,3,3 - Better,3,3,3 - Excellent,8,1,1-2 Years,0,0,0,5,4,No,0
1032,59,50+,Female,Single,Research & Development,Manufacturing Director,4,3,3 - Bachelor,Life Sciences,13726,"Executive (>$12,000)",715,69,21829,13,0,Yes,1,Travel_Rarely,2,Near (1-5 mi),4,4 - Very High,3,3 - High,1,1 - Low,3,3 - Better,2,3,3 - Excellent,30,5,3-5 Years,3,4,3,4,3,No,0
1033,37,30-39,Female,Married,Research & Development,Healthcare Representative,2,2,2 - College,Medical,4777,"Mid ($3,500 - $7,000)",1141,61,14382,15,0,No,0,Travel_Rarely,11,Moderate (6-15 mi),2,2 - Medium,1,1 - Low,1,1 - Low,1,1 - Bad,1,3,3 - Excellent,15,1,1-2 Years,0,0,0,2,5,Yes,1
1034,55,50+,Male,Married,Research & Development,Healthcare Representative,2,4,4 - Master,Medical,6385,"Mid ($3,500 - $7,000)",135,62,12992,14,2,Yes,1,Travel_Frequently,18,Far (16-25 mi),2,2 - Medium,3,3 - High,4,4 - Very High,3,3 - Better,3,3,3 - Excellent,17,8,6-10 Years,7,6,7,3,3,No,0
1035,41,40-49,Female,Divorced,Research & Development,Research Director,5,1,1 - Below College,Life Sciences,19973,"Executive (>$12,000)",247,55,20284,22,2,No,0,Non-Travel,7,Moderate (6-15 mi),3,3 - High,2,2 - Medium,2,2 - Medium,3,3 - Better,1,4,4 - Outstanding,21,21,10+ Years,16,5,10,3,1,No,0
1036,38,30-39,Male,Single,Sales,Sales Executive,2,4,4 - Master,Life Sciences,6861,"Mid ($3,500 - $7,000)",1035,42,4981,12,0,Yes,1,Travel_Rarely,3,Near (1-5 mi),4,4 - Very High,2,2 - Medium,3,3 - High,3,3 - Better,3,3,3 - Excellent,19,1,1-2 Years,0,0,0,1,8,No,0
1037,26,Under 30,Male,Single,Sales,Sales Executive,2,2,2 - College,Medical,4969,"Mid ($3,500 - $7,000)",265,79,21813,18,0,No,0,Non-Travel,29,Very Far (26+ mi),1,1 - Low,2,2 - Medium,4,4 - Very High,3,3 - Better,1,3,3 - Excellent,7,2,1-2 Years,2,2,2,6,8,Yes,1
1038,52,50+,Female,Married,Sales,Manager,5,1,1 - Below College,Marketing,19845,"Executive (>$12,000)",266,57,25846,15,1,No,0,Travel_Rarely,2,Near (1-5 mi),4,4 - Very High,1,1 - Low,4,4 - Very High,3,3 - Better,1,3,3 - Excellent,33,32,10+ Years,14,6,9,3,1,Yes,1
1039,44,40-49,Female,Married,Sales,Sales Executive,4,3,3 - Bachelor,Medical,13320,"Executive (>$12,000)",1448,53,11737,18,1,Yes,1,Travel_Rarely,28,Very Far (26+ mi),4,4 - Very High,4,4 - Very High,3,3 - High,3,3 - Better,4,3,3 - Excellent,23,12,10+ Years,11,11,11,2,3,No,0
1040,50,50+,Female,Married,Sales,Sales Executive,2,3,3 - Bachelor,Life Sciences,6347,"Mid ($3,500 - $7,000)",145,95,24920,12,1,No,0,Non-Travel,1,Near (1-5 mi),3,3 - High,4,4 - Very High,1,1 - Low,3,3 - Better,3,3,3 - Excellent,19,18,10+ Years,7,0,13,3,0,No,0
1042,36,30-39,Female,Single,Research & Development,Laboratory Technician,1,4,4 - Master,Life Sciences,2743,"Low (<$3,500)",885,43,8269,16,0,No,0,Travel_Rarely,16,Far (16-25 mi),1,1 - Low,3,3 - High,3,3 - High,3,3 - Better,4,3,3 - Excellent,18,17,10+ Years,13,15,14,1,1,Yes,1
1043,39,30-39,Female,Single,Research & Development,Manufacturing Director,3,3,3 - Bachelor,Medical,10880,"High ($7,001 - $12,000)",945,82,5083,13,0,Yes,1,Travel_Frequently,22,Far (16-25 mi),1,1 - Low,4,4 - Very High,3,3 - High,3,3 - Better,3,3,3 - Excellent,21,21,10+ Years,6,2,8,2,1,No,0
1044,33,30-39,Female,Single,Sales,Sales Representative,1,1,1 - Below College,Life Sciences,2342,"Low (<$3,500)",1038,88,21437,19,0,No,0,Non-Travel,8,Moderate (6-15 mi),4,4 - Very High,2,2 - Medium,4,4 - Very High,2,2 - Good,2,3,3 - Excellent,3,2,1-2 Years,2,2,2,2,0,No,0
1045,45,40-49,Female,Married,Sales,Manager,4,2,2 - College,Life Sciences,17650,"Executive (>$12,000)",1234,90,5404,13,1,No,0,Travel_Rarely,11,Moderate (6-15 mi),4,4 - Very High,4,4 - Very High,2,2 - Medium,4,4 - Best,3,3,3 - Excellent,26,9,6-10 Years,3,1,1,4,3,No,0
1046,32,30-39,Female,Single,Research & Development,Laboratory Technician,1,4,4 - Master,Medical,4025,"Mid ($3,500 - $7,000)",1109,69,11135,12,0,No,0,Non-Travel,29,Very Far (26+ mi),3,3 - High,4,4 - Very High,2,2 - Medium,3,3 - Better,3,3,3 - Excellent,10,8,6-10 Years,7,7,7,2,9,No,0
1047,34,30-39,Male,Divorced,Sales,Sales Executive,2,4,4 - Master,Marketing,9725,"High ($7,001 - $12,000)",216,75,12278,11,1,No,0,Travel_Rarely,1,Near (1-5 mi),4,4 - Very High,2,2 - Medium,4,4 - Very High,2,2 - Good,4,3,3 - Excellent,16,15,10+ Years,1,0,9,2,0,No,0
1048,59,50+,Male,Married,Sales,Manager,3,2,2 - College,Technical Degree,11904,"High ($7,001 - $12,000)",1089,66,11038,14,1,Yes,1,Travel_Rarely,1,Near (1-5 mi),4,4 - Very High,2,2 - Medium,3,3 - High,1,1 - Bad,3,3,3 - Excellent,14,6,6-10 Years,4,0,4,1,3,No,0
1049,45,40-49,Male,Single,Human Resources,Human Resources,1,4,4 - Master,Medical,2177,"Low (<$3,500)",788,36,8318,16,0,No,0,Travel_Rarely,24,Far (16-25 mi),2,2 - Medium,2,2 - Medium,1,1 - Low,3,3 - Better,3,3,3 - Excellent,6,6,6-10 Years,3,0,4,3,1,No,0
1050,53,50+,Female,Married,Sales,Sales Executive,3,3,3 - Bachelor,Marketing,7525,"High ($7,001 - $12,000)",124,38,23537,12,1,No,0,Travel_Frequently,2,Near (1-5 mi),2,2 - Medium,3,3 - High,1,1 - Low,3,3 - Better,2,3,3 - Excellent,30,15,10+ Years,7,6,12,2,2,No,0
1052,36,30-39,Male,Divorced,Research & Development,Laboratory Technician,2,3,3 - Bachelor,Other,4834,"Mid ($3,500 - $7,000)",660,81,7858,14,1,No,0,Travel_Rarely,15,Moderate (6-15 mi),3,3 - High,1,1 - Low,2,2 - Medium,2,2 - Good,3,3,3 - Excellent,9,1,1-2 Years,0,0,0,3,7,Yes,1
1053,26,Under 30,Male,Married,Research & Development,Research Scientist,1,3,3 - Bachelor,Life Sciences,2042,"Low (<$3,500)",342,57,15346,14,1,Yes,1,Travel_Frequently,2,Near (1-5 mi),1,1 - Low,1,1 - Low,2,2 - Medium,3,3 - Better,3,3,3 - Excellent,6,3,3-5 Years,2,1,2,2,6,Yes,1
1055,34,30-39,Female,Married,Sales,Sales Representative,1,4,4 - Master,Life Sciences,2220,"Low (<$3,500)",1333,87,18410,19,1,Yes,1,Travel_Rarely,10,Moderate (6-15 mi),3,3 - High,3,3 - High,4,4 - Very High,3,3 - Better,3,3,3 - Excellent,1,1,1-2 Years,1,0,0,2,1,No,0
1056,28,Under 30,Male,Married,Sales,Sales Representative,1,1,1 - Below College,Medical,1052,"Low (<$3,500)",1144,74,23384,22,0,No,0,Travel_Rarely,10,Moderate (6-15 mi),2,2 - Medium,4,4 - Very High,2,2 - Medium,3,3 - Better,3,4,4 - Outstanding,1,1,1-2 Years,0,0,0,5,1,No,0
1060,38,30-39,Male,Married,Research & Development,Research Scientist,1,4,4 - Master,Other,2821,"Low (<$3,500)",1186,44,2997,16,1,No,0,Travel_Frequently,3,Near (1-5 mi),3,3 - High,3,3 - High,1,1 - Low,3,3 - Better,3,3,3 - Excellent,8,2,1-2 Years,2,2,2,2,3,No,0
1061,50,50+,Male,Married,Research & Development,Research Director,5,4,4 - Master,Medical,19237,"Executive (>$12,000)",1464,62,12853,11,1,Yes,1,Travel_Rarely,2,Near (1-5 mi),3,3 - High,2,2 - Medium,4,4 - Very High,2,2 - Good,3,3,3 - Excellent,29,8,6-10 Years,1,7,7,2,2,No,0
1062,37,30-39,Female,Single,Research & Development,Healthcare Representative,2,3,3 - Bachelor,Other,4107,"Mid ($3,500 - $7,000)",124,35,13848,15,0,No,0,Travel_Rarely,3,Near (1-5 mi),2,2 - Medium,4,4 - Very High,1,1 - Low,2,2 - Good,3,3,3 - Excellent,8,4,3-5 Years,3,0,1,3,3,No,0
1066,40,40-49,Male,Married,Sales,Sales Executive,2,3,3 - Bachelor,Marketing,8396,"High ($7,001 - $12,000)",300,74,22217,14,1,No,0,Travel_Rarely,26,Very Far (26+ mi),1,1 - Low,3,3 - High,2,2 - Medium,2,2 - Good,3,3,3 - Excellent,8,7,6-10 Years,7,7,5,3,1,No,0
1068,26,Under 30,Female,Divorced,Research & Development,Research Scientist,1,1,1 - Below College,Medical,2007,"Low (<$3,500)",921,66,25265,13,2,No,0,Travel_Frequently,1,Near (1-5 mi),3,3 - High,1,1 - Low,3,3 - High,3,3 - Better,2,3,3 - Excellent,5,5,3-5 Years,3,1,3,5,1,No,0
1069,46,40-49,Male,Divorced,Research & Development,Research Director,5,4,4 - Master,Medical,19627,"Executive (>$12,000)",430,40,21445,17,2,No,0,Travel_Rarely,1,Near (1-5 mi),4,4 - Very High,4,4 - Very High,4,4 - Very High,3,3 - Better,3,3,3 - Excellent,23,2,1-2 Years,2,2,2,0,9,No,0
1070,54,50+,Female,Married,Sales,Sales Executive,3,4,4 - Master,Life Sciences,10686,"High ($7,001 - $12,000)",1082,41,8392,11,1,No,0,Travel_Rarely,2,Near (1-5 mi),3,3 - High,3,3 - High,2,2 - Medium,3,3 - Better,2,3,3 - Excellent,13,9,6-10 Years,4,7,0,4,6,No,0
1071,56,50+,Female,Married,Research & Development,Research Scientist,1,3,3 - Bachelor,Medical,2942,"Low (<$3,500)",1240,63,12154,19,1,No,0,Travel_Frequently,9,Moderate (6-15 mi),3,3 - High,1,1 - Low,2,2 - Medium,3,3 - Better,3,3,3 - Excellent,18,5,3-5 Years,4,0,3,4,2,No,0
1073,36,30-39,Female,Single,Research & Development,Manufacturing Director,3,5,5 - Doctor,Medical,8858,"High ($7,001 - $12,000)",796,51,15669,11,0,No,0,Travel_Rarely,12,Moderate (6-15 mi),4,4 - Very High,4,4 - Very High,2,2 - Medium,2,2 - Good,2,3,3 - Excellent,15,14,10+ Years,8,7,8,2,0,No,0
1074,55,50+,Male,Single,Research & Development,Manager,4,1,1 - Below College,Medical,16756,"Executive (>$12,000)",444,40,17323,15,0,No,0,Non-Travel,2,Near (1-5 mi),1,1 - Low,3,3 - High,2,2 - Medium,4,4 - Best,2,3,3 - Excellent,31,9,6-10 Years,7,6,2,3,7,No,0
1076,43,40-49,Male,Divorced,Sales,Sales Executive,3,3,3 - Bachelor,Medical,10798,"High ($7,001 - $12,000)",415,79,5268,13,1,No,0,Travel_Rarely,25,Far (16-25 mi),4,4 - Very High,3,3 - High,3,3 - High,3,3 - Better,2,3,3 - Excellent,18,1,1-2 Years,0,0,0,5,5,No,0
1077,20,Under 30,Female,Single,Sales,Sales Representative,1,3,3 - Bachelor,Marketing,2323,"Low (<$3,500)",769,54,17205,14,0,Yes,1,Travel_Frequently,9,Moderate (6-15 mi),4,4 - Very High,4,4 - Very High,2,2 - Medium,3,3 - Better,3,3,3 - Excellent,2,2,1-2 Years,2,0,2,3,1,Yes,1
1079,21,Under 30,Female,Single,Research & Development,Laboratory Technician,1,3,3 - Bachelor,Life Sciences,1416,"Low (<$3,500)",1334,36,17258,13,0,No,0,Travel_Rarely,10,Moderate (6-15 mi),1,1 - Low,3,3 - High,1,1 - Low,2,2 - Good,2,3,3 - Excellent,1,1,1-2 Years,0,1,0,6,1,Yes,1
1080,46,40-49,Female,Divorced,Research & Development,Research Scientist,2,4,4 - Master,Life Sciences,4615,"Mid ($3,500 - $7,000)",1003,74,21029,23,3,Yes,1,Travel_Rarely,8,Moderate (6-15 mi),1,1 - Low,4,4 - Very High,1,1 - Low,3,3 - Better,2,4,4 - Outstanding,19,16,10+ Years,13,1,7,2,8,No,0
1081,51,50+,Male,Married,Research & Development,Research Scientist,1,4,4 - Master,Life Sciences,2461,"Low (<$3,500)",1323,34,10332,12,3,Yes,1,Travel_Rarely,4,Near (1-5 mi),3,3 - High,1,1 - Low,3,3 - High,4,4 - Best,3,3,3 - Excellent,18,10,6-10 Years,0,2,7,2,9,Yes,1
1082,28,Under 30,Male,Single,Research & Development,Healthcare Representative,3,2,2 - College,Technical Degree,8722,"High ($7,001 - $12,000)",1366,72,12355,12,0,No,0,Non-Travel,24,Far (16-25 mi),1,1 - Low,2,2 - Medium,1,1 - Low,2,2 - Good,2,3,3 - Excellent,10,10,6-10 Years,7,1,9,2,1,Yes,1
1083,26,Under 30,Male,Married,Research & Development,Laboratory Technician,1,2,2 - College,Medical,3955,"Mid ($3,500 - $7,000)",192,59,11141,16,2,No,0,Travel_Rarely,1,Near (1-5 mi),1,1 - Low,1,1 - Low,1,1 - Low,3,3 - Better,2,3,3 - Excellent,6,5,3-5 Years,3,1,3,2,1,No,0
1084,30,30-39,Male,Married,Research & Development,Manufacturing Director,2,3,3 - Bachelor,Other,9957,"High ($7,001 - $12,000)",1176,85,9096,15,1,No,0,Travel_Rarely,20,Far (16-25 mi),1,1 - Low,3,3 - High,3,3 - High,2,2 - Good,3,3,3 - Excellent,7,6,6-10 Years,2,0,2,1,0,No,0
1085,41,40-49,Female,Married,Research & Development,Research Scientist,1,2,2 - College,Technical Degree,3376,"Low (<$3,500)",509,43,18863,13,0,No,0,Travel_Rarely,7,Moderate (6-15 mi),3,3 - High,2,2 - Medium,3,3 - High,3,3 - Better,4,3,3 - Excellent,10,10,6-10 Years,6,0,8,3,1,No,0
1088,38,30-39,Female,Married,Research & Development,Healthcare Representative,3,1,1 - Below College,Life Sciences,8823,"High ($7,001 - $12,000)",330,65,24608,18,1,No,0,Travel_Rarely,17,Far (16-25 mi),3,3 - High,3,3 - High,1,1 - Low,2,2 - Good,2,3,3 - Excellent,20,19,10+ Years,9,1,9,4,0,No,0
1092,40,40-49,Male,Married,Research & Development,Healthcare Representative,3,4,4 - Master,Technical Degree,10322,"High ($7,001 - $12,000)",1492,61,26542,20,1,No,0,Travel_Rarely,20,Far (16-25 mi),4,4 - Very High,1,1 - Low,4,4 - Very High,3,3 - Better,3,4,4 - Outstanding,14,11,10+ Years,10,11,1,6,4,No,0
1094,27,Under 30,Male,Married,Research & Development,Laboratory Technician,1,5,5 - Doctor,Life Sciences,4621,"Mid ($3,500 - $7,000)",1277,87,5869,19,3,No,0,Non-Travel,8,Moderate (6-15 mi),3,3 - High,1,1 - Low,4,4 - Very High,3,3 - Better,1,3,3 - Excellent,3,3,3-5 Years,2,1,2,4,1,No,0
1096,55,50+,Male,Married,Research & Development,Manufacturing Director,3,1,1 - Below College,Life Sciences,10976,"High ($7,001 - $12,000)",1091,65,15813,18,1,No,0,Travel_Frequently,2,Near (1-5 mi),2,2 - Medium,4,4 - Very High,2,2 - Medium,3,3 - Better,3,3,3 - Excellent,23,3,3-5 Years,2,1,2,4,3,No,0
1097,28,Under 30,Female,Single,Research & Development,Research Scientist,2,3,3 - Bachelor,Other,3660,"Mid ($3,500 - $7,000)",857,59,7909,13,0,No,0,Travel_Rarely,10,Moderate (6-15 mi),3,3 - High,3,3 - High,4,4 - Very High,4,4 - Best,3,3,3 - Excellent,10,8,6-10 Years,7,1,7,4,3,No,0
1098,44,40-49,Male,Married,Human Resources,Human Resources,3,2,2 - College,Medical,10482,"High ($7,001 - $12,000)",1376,91,2326,14,1,No,0,Travel_Rarely,1,Near (1-5 mi),1,1 - Low,2,2 - Medium,4,4 - Very High,3,3 - Better,2,3,3 - Excellent,24,20,10+ Years,6,3,6,1,9,Yes,1
1099,33,30-39,Male,Divorced,Research & Development,Healthcare Representative,3,3,3 - Bachelor,Life Sciences,7119,"High ($7,001 - $12,000)",654,34,21214,15,1,No,0,Travel_Rarely,5,Near (1-5 mi),4,4 - Very High,4,4 - Very High,3,3 - High,3,3 - Better,2,3,3 - Excellent,9,3,3-5 Years,2,1,2,2,4,No,0
1100,35,30-39,Male,Single,Sales,Sales Executive,3,3,3 - Bachelor,Technical Degree,9582,"High ($7,001 - $12,000)",1204,86,10333,22,0,Yes,1,Travel_Rarely,4,Near (1-5 mi),1,1 - Low,4,4 - Very High,1,1 - Low,3,3 - Better,3,4,4 - Outstanding,9,8,6-10 Years,7,4,7,2,0,Yes,1
1101,33,30-39,Female,Single,Research & Development,Research Scientist,2,4,4 - Master,Medical,4508,"Mid ($3,500 - $7,000)",827,54,3129,22,0,No,0,Travel_Frequently,29,Very Far (26+ mi),3,3 - High,1,1 - Low,2,2 - Medium,3,3 - Better,2,4,4 - Outstanding,14,13,10+ Years,7,3,8,4,1,Yes,1
1102,28,Under 30,Male,Divorced,Research & Development,Laboratory Technician,1,2,2 - College,Life Sciences,2207,"Low (<$3,500)",895,50,22482,16,1,No,0,Travel_Rarely,15,Moderate (6-15 mi),3,3 - High,1,1 - Low,4,4 - Very High,2,2 - Good,3,3,3 - Excellent,4,4,3-5 Years,2,2,2,5,1,No,0
1103,34,30-39,Male,Single,Research & Development,Healthcare Representative,2,1,1 - Below College,Life Sciences,7756,"High ($7,001 - $12,000)",618,45,22266,17,0,No,0,Travel_Frequently,3,Near (1-5 mi),4,4 - Very High,1,1 - Low,3,3 - High,2,2 - Good,3,3,3 - Excellent,7,6,6-10 Years,2,0,4,1,0,No,0
1105,37,30-39,Female,Divorced,Sales,Sales Executive,2,4,4 - Master,Life Sciences,6694,"Mid ($3,500 - $7,000)",309,88,24223,14,3,Yes,1,Travel_Rarely,10,Moderate (6-15 mi),4,4 - Very High,4,4 - Very High,3,3 - High,3,3 - Better,2,3,3 - Excellent,8,1,1-2 Years,0,0,0,5,2,No,0
1106,25,Under 30,Male,Married,Research & Development,Laboratory Technician,1,1,1 - Below College,Technical Degree,3691,"Mid ($3,500 - $7,000)",1219,32,4605,15,1,Yes,1,Travel_Rarely,4,Near (1-5 mi),4,4 - Very High,4,4 - Very High,2,2 - Medium,4,4 - Best,3,3,3 - Excellent,7,7,6-10 Years,7,5,6,3,1,Yes,1
1107,26,Under 30,Male,Divorced,Research & Development,Laboratory Technician,1,3,3 - Bachelor,Medical,2377,"Low (<$3,500)",1330,37,19373,20,1,No,0,Travel_Rarely,21,Far (16-25 mi),3,3 - High,1,1 - Low,3,3 - High,2,2 - Good,3,4,4 - Outstanding,1,1,1-2 Years,1,0,0,0,1,Yes,1
1108,33,30-39,Male,Single,Research & Development,Research Scientist,1,3,3 - Bachelor,Medical,2313,"Low (<$3,500)",1017,55,2993,20,0,Yes,1,Travel_Rarely,25,Far (16-25 mi),2,2 - Medium,1,1 - Low,2,2 - Medium,3,3 - Better,2,4,4 - Outstanding,5,2,1-2 Years,2,2,2,0,4,Yes,1
1109,42,40-49,Male,Married,Research & Development,Manager,4,2,2 - College,Medical,17665,"Executive (>$12,000)",469,35,14399,17,1,No,0,Travel_Rarely,2,Near (1-5 mi),1,1 - Low,4,4 - Very High,4,4 - Very High,3,3 - Better,3,3,3 - Excellent,23,22,10+ Years,6,13,7,3,0,No,0
1111,28,Under 30,Male,Divorced,Research & Development,Laboratory Technician,1,3,3 - Bachelor,Medical,2596,"Low (<$3,500)",1009,45,7160,15,2,No,0,Travel_Frequently,1,Near (1-5 mi),2,2 - Medium,1,1 - Low,1,1 - Low,3,3 - Better,2,3,3 - Excellent,1,1,1-2 Years,0,0,0,2,1,Yes,1
1113,50,50+,Male,Single,Sales,Sales Executive,2,4,4 - Master,Other,4728,"Mid ($3,500 - $7,000)",959,81,17251,14,0,Yes,1,Travel_Frequently,1,Near (1-5 mi),3,3 - High,4,4 - Very High,4,4 - Very High,3,3 - Better,3,3,3 - Excellent,5,0,< 1 Year,0,0,0,4,3,Yes,1
1114,33,30-39,Female,Married,Sales,Sales Executive,2,3,3 - Bachelor,Life Sciences,4302,"Mid ($3,500 - $7,000)",970,30,13401,17,1,No,0,Travel_Frequently,7,Moderate (6-15 mi),2,2 - Medium,4,4 - Very High,3,3 - High,3,3 - Better,3,3,3 - Excellent,4,3,3-5 Years,2,0,2,3,0,No,0
1115,34,30-39,Male,Married,Research & Development,Research Scientist,1,4,4 - Master,Life Sciences,2979,"Low (<$3,500)",697,40,22478,17,3,No,0,Non-Travel,3,Near (1-5 mi),4,4 - Very High,3,3 - High,4,4 - Very High,3,3 - Better,2,3,3 - Excellent,6,0,< 1 Year,0,0,0,2,3,No,0
1116,48,40-49,Male,Single,Research & Development,Manager,4,4,4 - Master,Medical,16885,"Executive (>$12,000)",1262,35,16154,22,0,No,0,Non-Travel,1,Near (1-5 mi),4,4 - Very High,1,1 - Low,3,3 - High,2,2 - Good,4,4,4 - Outstanding,27,5,3-5 Years,4,2,1,3,2,No,0
1117,45,40-49,Female,Married,Sales,Sales Executive,2,4,4 - Master,Life Sciences,5593,"Mid ($3,500 - $7,000)",1050,65,17970,13,1,No,0,Non-Travel,9,Moderate (6-15 mi),3,3 - High,2,2 - Medium,4,4 - Very High,3,3 - Better,2,3,3 - Excellent,15,15,10+ Years,10,4,12,2,1,No,0
1118,52,50+,Male,Single,Research & Development,Healthcare Representative,3,4,4 - Master,Life Sciences,10445,"High ($7,001 - $12,000)",994,87,15322,19,0,No,0,Travel_Rarely,7,Moderate (6-15 mi),2,2 - Medium,2,2 - Medium,4,4 - Very High,3,3 - Better,3,3,3 - Excellent,18,8,6-10 Years,6,4,0,4,7,No,0
1119,38,30-39,Male,Divorced,Sales,Sales Executive,3,4,4 - Master,Marketing,8740,"High ($7,001 - $12,000)",770,73,5569,14,2,Yes,1,Travel_Rarely,10,Moderate (6-15 mi),3,3 - High,3,3 - High,2,2 - Medium,3,3 - Better,2,3,3 - Excellent,9,8,6-10 Years,7,2,7,2,0,No,0
1120,29,Under 30,Female,Divorced,Research & Development,Research Scientist,1,4,4 - Master,Life Sciences,2514,"Low (<$3,500)",1107,93,26968,22,1,No,0,Travel_Rarely,28,Very Far (26+ mi),4,4 - Very High,3,3 - High,1,1 - Low,3,3 - Better,3,4,4 - Outstanding,11,7,6-10 Years,5,1,7,1,4,No,0
1121,28,Under 30,Female,Divorced,Research & Development,Manufacturing Director,3,3,3 - Bachelor,Medical,7655,"High ($7,001 - $12,000)",950,93,8039,17,3,No,0,Travel_Rarely,3,Near (1-5 mi),2,2 - Medium,4,4 - Very High,2,2 - Medium,2,2 - Good,3,3,3 - Excellent,10,9,6-10 Years,7,1,7,3,0,No,0
1124,46,40-49,Male,Married,Sales,Manager,4,1,1 - Below College,Marketing,17465,"Executive (>$12,000)",406,52,15596,12,1,No,0,Travel_Rarely,3,Near (1-5 mi),3,3 - High,1,1 - Low,4,4 - Very High,3,3 - Better,3,3,3 - Excellent,23,12,10+ Years,9,4,9,3,3,No,0
1125,38,30-39,Male,Single,Sales,Sales Executive,3,2,2 - College,Marketing,7351,"High ($7,001 - $12,000)",130,32,20619,16,0,No,0,Travel_Rarely,2,Near (1-5 mi),2,2 - Medium,4,4 - Very High,3,3 - High,3,3 - Better,3,3,3 - Excellent,10,1,1-2 Years,0,0,0,2,7,No,0
1126,43,40-49,Female,Married,Research & Development,Manufacturing Director,3,3,3 - Bachelor,Life Sciences,10820,"High ($7,001 - $12,000)",1082,83,11535,11,1,No,0,Travel_Frequently,27,Very Far (26+ mi),1,1 - Low,3,3 - High,3,3 - High,3,3 - Better,3,3,3 - Excellent,18,8,6-10 Years,7,0,1,1,8,No,0
1127,39,30-39,Male,Divorced,Research & Development,Healthcare Representative,4,3,3 - Bachelor,Life Sciences,12169,"Executive (>$12,000)",203,84,13547,11,3,No,0,Travel_Frequently,2,Near (1-5 mi),4,4 - Very High,1,1 - Low,4,4 - Very High,3,3 - Better,3,3,3 - Excellent,21,18,10+ Years,7,11,5,4,7,Yes,1
1128,40,40-49,Male,Single,Research & Development,Research Director,5,3,3 - Bachelor,Medical,19626,"Executive (>$12,000)",1308,44,17544,14,0,No,0,Travel_Rarely,14,Moderate (6-15 mi),3,3 - High,3,3 - High,1,1 - Low,4,4 - Best,2,3,3 - Excellent,21,20,10+ Years,7,4,9,2,1,No,0
1131,21,Under 30,Female,Single,Research & Development,Research Scientist,1,1,1 - Below College,Technical Degree,2070,"Low (<$3,500)",984,70,25326,11,0,Yes,1,Travel_Rarely,1,Near (1-5 mi),2,2 - Medium,4,4 - Very High,3,3 - High,4,4 - Best,2,3,3 - Excellent,2,2,1-2 Years,2,2,2,6,1,No,0
1132,39,30-39,Male,Single,Research & Development,Laboratory Technician,2,3,3 - Bachelor,Life Sciences,6782,"Mid ($3,500 - $7,000)",439,70,8770,15,0,No,0,Non-Travel,9,Moderate (6-15 mi),2,2 - Medium,3,3 - High,3,3 - High,2,2 - Good,3,3,3 - Excellent,9,5,3-5 Years,4,0,3,2,9,No,0
1133,36,30-39,Male,Single,Research & Development,Manufacturing Director,2,4,4 - Master,Life Sciences,7779,"High ($7,001 - $12,000)",217,78,23238,20,0,No,0,Non-Travel,18,Far (16-25 mi),4,4 - Very High,1,1 - Low,1,1 - Low,3,3 - Better,3,4,4 - Outstanding,18,11,10+ Years,9,0,9,0,2,No,0
1135,31,30-39,Male,Married,Sales,Sales Representative,1,3,3 - Bachelor,Life Sciences,2791,"Low (<$3,500)",793,67,21981,12,1,No,0,Travel_Frequently,20,Far (16-25 mi),4,4 - Very High,3,3 - High,1,1 - Low,3,3 - Better,4,3,3 - Excellent,3,2,1-2 Years,2,2,2,4,0,No,0
1136,28,Under 30,Male,Married,Research & Development,Research Scientist,1,1,1 - Below College,Life Sciences,3201,"Low (<$3,500)",1451,67,19911,17,0,No,0,Travel_Rarely,2,Near (1-5 mi),2,2 - Medium,1,1 - Low,1,1 - Low,1,1 - Bad,2,3,3 - Excellent,6,5,3-5 Years,3,0,4,2,0,No,0
1137,35,30-39,Male,Divorced,Sales,Sales Executive,2,2,2 - College,Marketing,4968,"Mid ($3,500 - $7,000)",1182,54,18500,11,1,No,0,Travel_Frequently,11,Moderate (6-15 mi),4,4 - Very High,4,4 - Very High,4,4 - Very High,3,3 - Better,3,3,3 - Excellent,5,5,3-5 Years,2,0,2,3,1,No,0
1138,49,40-49,Male,Married,Sales,Sales Executive,4,4,4 - Master,Technical Degree,13120,"Executive (>$12,000)",174,56,11879,17,1,No,0,Travel_Rarely,8,Moderate (6-15 mi),2,2 - Medium,4,4 - Very High,2,2 - Medium,3,3 - Better,2,3,3 - Excellent,22,9,6-10 Years,8,2,3,3,6,No,0
1140,34,30-39,Male,Single,Research & Development,Manufacturing Director,2,2,2 - College,Life Sciences,4033,"Mid ($3,500 - $7,000)",1003,95,15834,11,0,No,0,Travel_Frequently,2,Near (1-5 mi),3,3 - High,4,4 - Very High,4,4 - Very High,2,2 - Good,3,3,3 - Excellent,5,3,3-5 Years,2,0,2,3,2,No,0
1143,29,Under 30,Female,Divorced,Research & Development,Research Scientist,1,3,3 - Bachelor,Life Sciences,3291,"Low (<$3,500)",490,61,17940,14,2,No,0,Travel_Frequently,10,Moderate (6-15 mi),2,2 - Medium,4,4 - Very High,4,4 - Very High,2,2 - Good,3,3,3 - Excellent,8,7,6-10 Years,5,1,1,2,0,No,0
1148,42,40-49,Male,Single,Research & Development,Laboratory Technician,2,3,3 - Bachelor,Medical,4272,"Mid ($3,500 - $7,000)",188,56,9558,19,0,No,0,Travel_Rarely,29,Very Far (26+ mi),4,4 - Very High,2,2 - Medium,1,1 - Low,3,3 - Better,1,3,3 - Excellent,16,1,1-2 Years,0,0,0,3,4,No,0
1150,29,Under 30,Male,Married,Research & Development,Manufacturing Director,2,1,1 - Below College,Medical,5056,"Mid ($3,500 - $7,000)",718,79,17689,15,1,Yes,1,Travel_Rarely,8,Moderate (6-15 mi),4,4 - Very High,2,2 - Medium,3,3 - High,2,2 - Good,2,3,3 - Excellent,10,10,6-10 Years,7,1,2,2,1,No,0
1152,38,30-39,Male,Married,Human Resources,Human Resources,1,3,3 - Bachelor,Human Resources,2844,"Low (<$3,500)",433,37,6004,13,1,No,0,Travel_Rarely,1,Near (1-5 mi),3,3 - High,3,3 - High,4,4 - Very High,4,4 - Best,4,3,3 - Excellent,7,7,6-10 Years,6,5,0,2,1,No,0
1154,28,Under 30,Male,Divorced,Research & Development,Research Scientist,1,3,3 - Bachelor,Life Sciences,2703,"Low (<$3,500)",773,39,22088,14,1,Yes,1,Travel_Frequently,6,Moderate (6-15 mi),3,3 - High,3,3 - High,4,4 - Very High,3,3 - Better,2,3,3 - Excellent,3,3,3-5 Years,1,0,2,2,1,No,0
1156,18,Under 30,Male,Single,Research & Development,Laboratory Technician,1,1,1 - Below College,Medical,1904,"Low (<$3,500)",247,80,13556,12,0,No,0,Non-Travel,8,Moderate (6-15 mi),3,3 - High,3,3 - High,4,4 - Very High,3,3 - Better,3,3,3 - Excellent,0,0,< 1 Year,0,0,0,0,1,Yes,1
1157,33,30-39,Female,Single,Sales,Sales Executive,2,4,4 - Master,Marketing,8224,"High ($7,001 - $12,000)",603,77,18385,17,0,Yes,1,Travel_Rarely,9,Moderate (6-15 mi),1,1 - Low,1,1 - Low,1,1 - Low,3,3 - Better,3,3,3 - Excellent,6,5,3-5 Years,2,0,3,3,0,Yes,1
1158,41,40-49,Male,Married,Research & Development,Laboratory Technician,1,4,4 - Master,Life Sciences,4766,"Mid ($3,500 - $7,000)",167,46,9051,11,1,Yes,1,Travel_Rarely,12,Moderate (6-15 mi),4,4 - Very High,2,2 - Medium,1,1 - Low,3,3 - Better,3,3,3 - Excellent,6,1,1-2 Years,0,0,0,4,3,No,0
1160,31,30-39,Male,Married,Research & Development,Laboratory Technician,1,3,3 - Bachelor,Medical,2610,"Low (<$3,500)",874,72,6233,12,1,No,0,Travel_Frequently,15,Moderate (6-15 mi),3,3 - High,3,3 - High,3,3 - High,2,2 - Good,3,3,3 - Excellent,2,2,1-2 Years,2,2,2,5,1,Yes,1
1161,37,30-39,Female,Divorced,Research & Development,Healthcare Representative,2,2,2 - College,Medical,5731,"Mid ($3,500 - $7,000)",367,52,17171,13,2,No,0,Travel_Rarely,25,Far (16-25 mi),4,4 - Very High,3,3 - High,3,3 - High,3,3 - Better,2,3,3 - Excellent,9,6,6-10 Years,2,1,3,2,7,No,0
1162,27,Under 30,Male,Married,Research & Development,Research Scientist,1,3,3 - Bachelor,Life Sciences,2539,"Low (<$3,500)",199,55,7950,13,1,No,0,Travel_Rarely,6,Moderate (6-15 mi),3,3 - High,4,4 - Very High,3,3 - High,3,3 - Better,2,3,3 - Excellent,4,4,3-5 Years,2,2,2,0,1,No,0
1163,34,30-39,Female,Married,Sales,Sales Executive,2,1,1 - Below College,Life Sciences,5714,"Mid ($3,500 - $7,000)",1400,70,5829,20,0,No,0,Travel_Rarely,9,Moderate (6-15 mi),3,3 - High,2,2 - Medium,1,1 - Low,2,2 - Good,3,4,4 - Outstanding,6,6,6-10 Years,5,1,3,3,1,No,0
1164,35,30-39,Male,Single,Human Resources,Human Resources,1,4,4 - Master,Technical Degree,4323,"Mid ($3,500 - $7,000)",528,100,7108,17,0,No,0,Travel_Rarely,8,Moderate (6-15 mi),3,3 - High,3,3 - High,2,2 - Medium,1,1 - Bad,3,3,3 - Excellent,6,5,3-5 Years,4,1,4,2,1,No,0
1165,29,Under 30,Female,Married,Sales,Sales Executive,3,1,1 - Below College,Life Sciences,7336,"High ($7,001 - $12,000)",408,45,11162,13,1,No,0,Travel_Rarely,23,Far (16-25 mi),1,1 - Low,4,4 - Very High,1,1 - Low,1,1 - Bad,2,3,3 - Excellent,11,11,10+ Years,8,3,10,3,1,Yes,1
1166,40,40-49,Female,Single,Research & Development,Research Director,3,4,4 - Master,Medical,13499,"Executive (>$12,000)",593,88,13782,17,0,No,0,Travel_Frequently,9,Moderate (6-15 mi),3,3 - High,2,2 - Medium,3,3 - High,2,2 - Good,3,3,3 - Excellent,20,18,10+ Years,7,2,13,3,9,No,0
1167,42,40-49,Male,Single,Sales,Sales Executive,4,3,3 - Bachelor,Life Sciences,13758,"Executive (>$12,000)",481,44,2447,12,0,Yes,1,Travel_Frequently,12,Moderate (6-15 mi),1,1 - Low,3,3 - High,2,2 - Medium,2,2 - Good,3,3,3 - Excellent,22,21,10+ Years,9,13,14,2,0,Yes,1
1171,42,40-49,Male,Single,Sales,Sales Executive,2,4,4 - Master,Marketing,5155,"Mid ($3,500 - $7,000)",647,45,2253,13,0,No,0,Travel_Rarely,4,Near (1-5 mi),1,1 - Low,2,2 - Medium,4,4 - Very High,4,4 - Best,3,3,3 - Excellent,9,6,6-10 Years,4,1,5,3,7,No,0
1172,35,30-39,Male,Married,Research & Development,Laboratory Technician,1,4,4 - Master,Medical,2258,"Low (<$3,500)",982,58,16340,12,1,No,0,Travel_Rarely,1,Near (1-5 mi),3,3 - High,4,4 - Very High,2,2 - Medium,3,3 - Better,2,3,3 - Excellent,10,8,6-10 Years,0,1,7,2,6,No,0
1173,24,Under 30,Male,Single,Research & Development,Laboratory Technician,1,3,3 - Bachelor,Medical,3597,"Mid ($3,500 - $7,000)",477,49,6409,22,0,No,0,Travel_Rarely,24,Far (16-25 mi),2,2 - Medium,4,4 - Very High,4,4 - Very High,3,3 - Better,3,4,4 - Outstanding,6,4,3-5 Years,3,1,2,2,8,No,0
1175,28,Under 30,Female,Married,Research & Development,Laboratory Technician,1,1,1 - Below College,Life Sciences,2515,"Low (<$3,500)",1485,79,22955,11,0,Yes,1,Travel_Rarely,12,Moderate (6-15 mi),4,4 - Very High,3,3 - High,4,4 - Very High,2,2 - Good,3,3,3 - Excellent,1,1,1-2 Years,1,0,0,4,1,Yes,1
1177,26,Under 30,Male,Married,Research & Development,Laboratory Technician,1,4,4 - Master,Medical,4420,"Mid ($3,500 - $7,000)",1384,82,13421,22,1,No,0,Travel_Rarely,3,Near (1-5 mi),4,4 - Very High,1,1 - Low,2,2 - Medium,3,3 - Better,4,4,4 - Outstanding,8,8,6-10 Years,7,0,7,2,1,No,0
1179,30,30-39,Male,Married,Sales,Sales Executive,2,3,3 - Bachelor,Marketing,6578,"Mid ($3,500 - $7,000)",852,72,2706,18,1,No,0,Travel_Rarely,10,Moderate (6-15 mi),3,3 - High,3,3 - High,1,1 - Low,3,3 - Better,2,3,3 - Excellent,10,10,6-10 Years,3,1,4,3,1,No,0
1180,40,40-49,Female,Married,Research & Development,Research Scientist,2,2,2 - College,Medical,4422,"Mid ($3,500 - $7,000)",902,92,21203,13,1,Yes,1,Travel_Frequently,26,Very Far (26+ mi),4,4 - Very High,3,3 - High,4,4 - Very High,1,1 - Bad,2,3,3 - Excellent,16,1,1-2 Years,1,0,0,3,3,No,0
1182,35,30-39,Male,Divorced,Research & Development,Manufacturing Director,3,3,3 - Bachelor,Life Sciences,10274,"High ($7,001 - $12,000)",819,44,19588,18,1,No,0,Travel_Rarely,2,Near (1-5 mi),2,2 - Medium,3,3 - High,2,2 - Medium,4,4 - Best,2,3,3 - Excellent,15,7,6-10 Years,7,6,4,2,2,No,0
1184,34,30-39,Male,Single,Research & Development,Healthcare Representative,2,3,3 - Bachelor,Medical,5343,"Mid ($3,500 - $7,000)",669,97,25755,20,0,No,0,Travel_Frequently,1,Near (1-5 mi),1,1 - Low,4,4 - Very High,3,3 - High,3,3 - Better,2,4,4 - Outstanding,14,13,10+ Years,9,4,9,3,0,No,0
1185,35,30-39,Male,Married,Research & Development,Laboratory Technician,1,4,4 - Master,Other,2376,"Low (<$3,500)",636,47,26537,13,1,No,0,Travel_Frequently,4,Near (1-5 mi),4,4 - Very High,4,4 - Very High,2,2 - Medium,4,4 - Best,2,3,3 - Excellent,2,2,1-2 Years,2,2,2,2,1,No,0
1188,43,40-49,Female,Single,Sales,Sales Executive,2,3,3 - Bachelor,Marketing,5346,"Mid ($3,500 - $7,000)",1372,85,9489,13,0,No,0,Travel_Rarely,9,Moderate (6-15 mi),3,3 - High,1,1 - Low,2,2 - Medium,2,2 - Good,1,3,3 - Excellent,7,4,3-5 Years,3,1,3,2,8,Yes,1
1190,32,30-39,Female,Divorced,Sales,Sales Representative,1,1,1 - Below College,Life Sciences,2827,"Low (<$3,500)",862,76,14947,12,3,No,0,Non-Travel,2,Near (1-5 mi),1,1 - Low,3,3 - High,3,3 - High,3,3 - Better,3,3,3 - Excellent,1,1,1-2 Years,0,0,0,3,1,No,0
1191,56,50+,Female,Divorced,Research & Development,Manager,5,4,4 - Master,Technical Degree,19943,"Executive (>$12,000)",718,92,18575,13,1,No,0,Travel_Rarely,4,Near (1-5 mi),1,1 - Low,4,4 - Very High,4,4 - Very High,3,3 - Better,3,3,3 - Excellent,28,5,3-5 Years,2,4,2,2,4,No,0
1192,29,Under 30,Female,Married,Research & Development,Laboratory Technician,1,1,1 - Below College,Medical,3131,"Low (<$3,500)",1401,54,26342,13,1,No,0,Travel_Rarely,6,Moderate (6-15 mi),4,4 - Very High,2,2 - Medium,1,1 - Low,3,3 - Better,3,3,3 - Excellent,10,10,6-10 Years,8,0,8,5,1,No,0
1193,19,Under 30,Male,Single,Research & Development,Research Scientist,1,2,2 - College,Life Sciences,2552,"Low (<$3,500)",645,54,7172,25,0,No,0,Travel_Rarely,9,Moderate (6-15 mi),1,1 - Low,3,3 - High,3,3 - High,3,3 - Better,3,4,4 - Outstanding,1,1,1-2 Years,1,0,0,4,1,No,0
1195,45,40-49,Female,Married,Research & Development,Research Scientist,1,3,3 - Bachelor,Medical,4477,"Mid ($3,500 - $7,000)",1457,83,20100,19,1,Yes,1,Travel_Rarely,7,Moderate (6-15 mi),3,3 - High,1,1 - Low,3,3 - High,2,2 - Good,3,3,3 - Excellent,7,3,3-5 Years,2,0,2,2,4,No,0
1196,37,30-39,Female,Married,Research & Development,Manufacturing Director,2,3,3 - Bachelor,Life Sciences,6474,"Mid ($3,500 - $7,000)",977,56,9961,13,1,No,0,Travel_Rarely,1,Near (1-5 mi),4,4 - Very High,4,4 - Very High,2,2 - Medium,2,2 - Good,2,3,3 - Excellent,14,14,10+ Years,8,3,11,2,1,No,0
1198,20,Under 30,Male,Single,Research & Development,Laboratory Technician,1,3,3 - Bachelor,Life Sciences,3033,"Low (<$3,500)",805,87,12828,12,0,No,0,Travel_Rarely,3,Near (1-5 mi),3,3 - High,1,1 - Low,1,1 - Low,2,2 - Good,2,3,3 - Excellent,2,2,1-2 Years,2,1,2,2,1,No,0
1200,44,40-49,Male,Single,Research & Development,Research Scientist,1,4,4 - Master,Life Sciences,2936,"Low (<$3,500)",1097,96,10826,11,0,Yes,1,Travel_Rarely,10,Moderate (6-15 mi),3,3 - High,3,3 - High,3,3 - High,3,3 - Better,3,3,3 - Excellent,6,6,6-10 Years,4,0,2,4,1,Yes,1
1201,53,50+,Female,Divorced,Research & Development,Manager,5,2,2 - College,Medical,18606,"Executive (>$12,000)",1223,50,18640,18,1,No,0,Travel_Rarely,7,Moderate (6-15 mi),3,3 - High,4,4 - Very High,2,2 - Medium,3,3 - Better,3,3,3 - Excellent,26,7,6-10 Years,7,4,7,6,3,No,0
1202,29,Under 30,Female,Married,Research & Development,Research Scientist,1,1,1 - Below College,Life Sciences,2168,"Low (<$3,500)",942,69,26933,18,1,Yes,1,Travel_Rarely,15,Moderate (6-15 mi),4,4 - Very High,2,2 - Medium,1,1 - Low,2,2 - Good,1,3,3 - Excellent,6,5,3-5 Years,4,1,3,2,0,No,0
1203,22,Under 30,Male,Married,Research & Development,Research Scientist,1,4,4 - Master,Life Sciences,2853,"Low (<$3,500)",1256,48,4223,11,1,Yes,1,Travel_Frequently,3,Near (1-5 mi),4,4 - Very High,3,3 - High,2,2 - Medium,3,3 - Better,2,3,3 - Excellent,1,0,< 1 Year,0,0,0,5,0,Yes,1
1204,46,40-49,Female,Married,Sales,Manager,4,3,3 - Bachelor,Marketing,17048,"Executive (>$12,000)",1402,69,24097,23,0,No,0,Travel_Rarely,2,Near (1-5 mi),1,1 - Low,3,3 - High,1,1 - Low,3,3 - Better,3,4,4 - Outstanding,28,26,10+ Years,15,15,9,2,8,No,0
1206,44,40-49,Male,Single,Research & Development,Research Scientist,1,3,3 - Bachelor,Life Sciences,2290,"Low (<$3,500)",111,74,4279,13,0,No,0,Non-Travel,17,Far (16-25 mi),3,3 - High,4,4 - Very High,4,4 - Very High,3,3 - Better,1,3,3 - Excellent,6,0,< 1 Year,0,0,0,3,2,No,0
1207,33,30-39,Male,Married,Human Resources,Human Resources,1,3,3 - Bachelor,Human Resources,3600,"Mid ($3,500 - $7,000)",147,99,8429,13,1,No,0,Travel_Rarely,2,Near (1-5 mi),3,3 - High,2,2 - Medium,4,4 - Very High,3,3 - Better,3,3,3 - Excellent,5,5,3-5 Years,4,1,4,2,1,No,0
1210,41,40-49,Male,Divorced,Research & Development,Research Scientist,1,2,2 - College,Life Sciences,2107,"Low (<$3,500)",906,95,20293,17,1,No,0,Non-Travel,5,Near (1-5 mi),1,1 - Low,1,1 - Low,1,1 - Low,1,1 - Bad,2,3,3 - Excellent,5,1,1-2 Years,0,0,0,2,6,Yes,1
1211,30,30-39,Male,Divorced,Sales,Sales Executive,2,4,4 - Master,Life Sciences,4115,"Mid ($3,500 - $7,000)",1329,61,13192,19,3,No,0,Travel_Rarely,29,Very Far (26+ mi),1,1 - Low,3,3 - High,3,3 - High,3,3 - Better,3,3,3 - Excellent,8,4,3-5 Years,3,0,3,3,8,No,0
1212,40,40-49,Male,Married,Sales,Sales Executive,2,4,4 - Master,Medical,4327,"Mid ($3,500 - $7,000)",1184,62,25440,12,3,No,0,Travel_Frequently,2,Near (1-5 mi),2,2 - Medium,2,2 - Medium,4,4 - Very High,3,3 - Better,3,3,3 - Excellent,5,0,< 1 Year,0,0,0,2,5,No,0
1215,50,50+,Female,Married,Research & Development,Manager,4,3,3 - Bachelor,Medical,17856,"Executive (>$12,000)",1421,30,9490,22,1,No,0,Travel_Frequently,2,Near (1-5 mi),1,1 - Low,4,4 - Very High,3,3 - High,3,3 - Better,3,4,4 - Outstanding,32,2,1-2 Years,2,2,2,3,2,No,0
1216,28,Under 30,Male,Married,Research & Development,Laboratory Technician,1,4,4 - Master,Medical,3196,"Low (<$3,500)",1179,78,12449,12,3,No,0,Travel_Rarely,19,Far (16-25 mi),1,1 - Low,4,4 - Very High,3,3 - High,3,3 - Better,2,3,3 - Excellent,6,6,6-10 Years,5,3,3,2,1,No,0
1217,46,40-49,Male,Married,Research & Development,Research Director,5,2,2 - College,Life Sciences,19081,"Executive (>$12,000)",1450,52,10849,11,1,No,0,Travel_Rarely,15,Moderate (6-15 mi),2,2 - Medium,4,4 - Very High,1,1 - Low,3,3 - Better,3,3,3 - Excellent,25,4,3-5 Years,2,0,3,2,5,No,0
1218,35,30-39,Male,Married,Sales,Sales Executive,2,4,4 - Master,Life Sciences,8966,"High ($7,001 - $12,000)",1361,94,21026,15,3,Yes,1,Travel_Rarely,17,Far (16-25 mi),1,1 - Low,3,3 - High,4,4 - Very High,3,3 - Better,3,3,3 - Excellent,15,7,6-10 Years,7,1,7,2,3,No,0
1219,24,Under 30,Female,Married,Research & Development,Laboratory Technician,1,2,2 - College,Life Sciences,2210,"Low (<$3,500)",984,97,3372,13,1,No,0,Travel_Rarely,17,Far (16-25 mi),2,2 - Medium,4,4 - Very High,1,1 - Low,1,1 - Bad,3,3,3 - Excellent,1,1,1-2 Years,0,0,0,3,1,Yes,1
1220,33,30-39,Female,Married,Sales,Sales Executive,2,3,3 - Bachelor,Medical,4539,"Mid ($3,500 - $7,000)",1146,82,4905,12,1,No,0,Travel_Frequently,25,Far (16-25 mi),3,3 - High,2,2 - Medium,1,1 - Low,2,2 - Good,3,3,3 - Excellent,10,10,6-10 Years,7,0,1,3,1,No,0
1221,36,30-39,Male,Divorced,Research & Development,Laboratory Technician,1,4,4 - Master,Life Sciences,2741,"Low (<$3,500)",917,60,6865,14,1,No,0,Travel_Rarely,6,Moderate (6-15 mi),3,3 - High,3,3 - High,3,3 - High,3,3 - Better,1,3,3 - Excellent,7,7,6-10 Years,7,1,7,4,1,No,0
1224,30,30-39,Male,Divorced,Research & Development,Laboratory Technician,2,4,4 - Master,Life Sciences,3491,"Low (<$3,500)",853,49,11309,13,3,No,0,Travel_Rarely,7,Moderate (6-15 mi),3,3 - High,3,3 - High,1,1 - Low,2,2 - Good,3,3,3 - Excellent,10,10,6-10 Years,7,8,9,4,1,No,0
1225,44,40-49,Male,Single,Research & Development,Research Scientist,2,4,4 - Master,Other,4541,"Mid ($3,500 - $7,000)",200,32,7744,25,0,No,0,Travel_Rarely,29,Very Far (26+ mi),4,4 - Very High,4,4 - Very High,2,2 - Medium,3,3 - Better,3,4,4 - Outstanding,20,20,10+ Years,11,13,17,3,1,No,0
1226,20,Under 30,Male,Single,Sales,Sales Representative,1,3,3 - Bachelor,Marketing,2678,"Low (<$3,500)",654,43,5050,17,0,No,0,Travel_Rarely,21,Far (16-25 mi),4,4 - Very High,3,3 - High,4,4 - Very High,3,3 - Better,4,3,3 - Excellent,2,2,1-2 Years,1,2,2,2,1,No,0
1228,46,40-49,Male,Divorced,Research & Development,Manufacturing Director,2,4,4 - Master,Technical Degree,7379,"High ($7,001 - $12,000)",150,60,17433,11,1,No,0,Travel_Rarely,2,Near (1-5 mi),4,4 - Very High,4,4 - Very High,3,3 - High,2,2 - Good,3,3,3 - Excellent,12,6,6-10 Years,3,1,4,3,2,No,0
1231,42,40-49,Male,Married,Human Resources,Human Resources,2,5,5 - Doctor,Medical,6272,"Mid ($3,500 - $7,000)",179,79,12858,16,1,No,0,Non-Travel,2,Near (1-5 mi),1,1 - Low,4,4 - Very High,1,1 - Low,4,4 - Best,4,3,3 - Excellent,10,4,3-5 Years,3,0,3,3,7,No,0
1233,60,50+,Male,Divorced,Sales,Sales Executive,2,4,4 - Master,Marketing,5220,"Mid ($3,500 - $7,000)",696,52,10893,18,1,Yes,1,Travel_Rarely,7,Moderate (6-15 mi),4,4 - Very High,2,2 - Medium,2,2 - Medium,3,3 - Better,4,3,3 - Excellent,12,11,10+ Years,7,1,9,3,0,No,0
1234,32,30-39,Female,Married,Research & Development,Laboratory Technician,1,3,3 - Bachelor,Other,2743,"Low (<$3,500)",116,77,7331,20,1,No,0,Travel_Frequently,13,Moderate (6-15 mi),2,2 - Medium,3,3 - High,3,3 - High,3,3 - Better,2,4,4 - Outstanding,2,2,1-2 Years,2,2,2,2,1,No,0
1235,32,30-39,Female,Single,Research & Development,Research Scientist,2,2,2 - College,Life Sciences,4998,"Mid ($3,500 - $7,000)",1316,38,2338,14,0,Yes,1,Travel_Frequently,2,Near (1-5 mi),3,3 - High,4,4 - Very High,4,4 - Very High,3,3 - Better,3,3,3 - Excellent,10,8,6-10 Years,7,0,7,2,4,No,0
1237,36,30-39,Female,Divorced,Research & Development,Manufacturing Director,3,3,3 - Bachelor,Technical Degree,10252,"High ($7,001 - $12,000)",363,77,4235,21,1,Yes,1,Travel_Rarely,1,Near (1-5 mi),1,1 - Low,3,3 - High,3,3 - High,3,3 - Better,1,4,4 - Outstanding,17,7,6-10 Years,7,7,7,2,2,No,0
1238,33,30-39,Male,Married,Research & Development,Research Scientist,1,3,3 - Bachelor,Medical,2781,"Low (<$3,500)",117,60,6311,13,1,No,0,Travel_Rarely,9,Moderate (6-15 mi),4,4 - Very High,1,1 - Low,2,2 - Medium,3,3 - Better,3,3,3 - Excellent,15,14,10+ Years,10,4,10,5,0,No,0
1239,40,40-49,Female,Divorced,Sales,Sales Executive,2,3,3 - Bachelor,Technical Degree,6852,"Mid ($3,500 - $7,000)",107,84,11591,12,1,No,0,Travel_Rarely,10,Moderate (6-15 mi),2,2 - Medium,2,2 - Medium,2,2 - Medium,4,4 - Best,2,3,3 - Excellent,7,5,3-5 Years,1,1,3,2,7,No,0
1240,25,Under 30,Male,Single,Sales,Sales Executive,2,4,4 - Master,Life Sciences,4950,"Mid ($3,500 - $7,000)",1356,57,20623,14,0,No,0,Travel_Rarely,10,Moderate (6-15 mi),4,4 - Very High,3,3 - High,2,2 - Medium,3,3 - Better,3,3,3 - Excellent,5,4,3-5 Years,3,1,1,4,0,No,0
1241,30,30-39,Male,Married,Research & Development,Research Scientist,1,3,3 - Bachelor,Medical,3579,"Mid ($3,500 - $7,000)",1465,63,9369,21,1,Yes,1,Travel_Rarely,1,Near (1-5 mi),2,2 - Medium,4,4 - Very High,1,1 - Low,3,3 - Better,3,4,4 - Outstanding,12,11,10+ Years,9,5,7,2,0,No,0
1242,42,40-49,Female,Married,Research & Development,Research Director,3,5,5 - Doctor,Medical,13191,"Executive (>$12,000)",458,60,23281,17,0,Yes,1,Travel_Frequently,26,Very Far (26+ mi),1,1 - Low,1,1 - Low,3,3 - High,3,3 - Better,3,3,3 - Excellent,20,1,1-2 Years,0,0,0,6,3,No,0
1243,35,30-39,Female,Married,Sales,Sales Executive,3,2,2 - College,Marketing,10377,"High ($7,001 - $12,000)",1212,78,13755,11,1,Yes,1,Non-Travel,8,Moderate (6-15 mi),4,4 - Very High,3,3 - High,2,2 - Medium,2,2 - Good,2,3,3 - Excellent,16,13,10+ Years,2,4,12,6,4,No,0
1244,27,Under 30,Male,Married,Research & Development,Research Scientist,1,3,3 - Bachelor,Life Sciences,2235,"Low (<$3,500)",1103,42,14377,14,2,Yes,1,Travel_Rarely,14,Moderate (6-15 mi),1,1 - Low,1,1 - Low,4,4 - Very High,2,2 - Good,3,3,3 - Excellent,9,9,6-10 Years,7,6,8,3,1,No,0
1245,54,50+,Female,Divorced,Research & Development,Manufacturing Director,3,4,4 - Master,Life Sciences,10502,"High ($7,001 - $12,000)",966,53,9659,17,1,No,0,Travel_Frequently,1,Near (1-5 mi),3,3 - High,4,4 - Very High,1,1 - Low,1,1 - Bad,3,3,3 - Excellent,33,5,3-5 Years,4,1,4,2,7,No,0
1246,44,40-49,Female,Married,Research & Development,Research Scientist,1,1,1 - Below College,Life Sciences,2011,"Low (<$3,500)",1117,72,19982,13,1,No,0,Travel_Rarely,2,Near (1-5 mi),4,4 - Very High,1,1 - Low,4,4 - Very High,3,3 - Better,4,3,3 - Excellent,10,10,6-10 Years,5,7,7,5,1,No,0
1248,19,Under 30,Female,Single,Research & Development,Research Scientist,1,3,3 - Bachelor,Medical,1859,"Low (<$3,500)",504,96,6148,25,0,Yes,1,Non-Travel,10,Moderate (6-15 mi),2,2 - Medium,1,1 - Low,2,2 - Medium,4,4 - Best,2,4,4 - Outstanding,1,1,1-2 Years,1,0,0,2,1,Yes,1
1249,29,Under 30,Female,Divorced,Research & Development,Research Scientist,1,3,3 - Bachelor,Life Sciences,3760,"Mid ($3,500 - $7,000)",1010,97,5598,15,3,No,0,Travel_Rarely,1,Near (1-5 mi),4,4 - Very High,1,1 - Low,1,1 - Low,3,3 - Better,3,3,3 - Excellent,3,3,3-5 Years,2,1,2,5,1,No,0
1250,54,50+,Male,Married,Research & Development,Research Director,4,3,3 - Bachelor,Life Sciences,17779,"Executive (>$12,000)",685,85,23474,14,0,No,0,Travel_Rarely,3,Near (1-5 mi),4,4 - Very High,4,4 - Very High,1,1 - Low,3,3 - Better,3,3,3 - Excellent,36,10,6-10 Years,9,0,9,2,3,No,0
1251,31,30-39,Male,Married,Research & Development,Healthcare Representative,2,2,2 - College,Medical,6833,"Mid ($3,500 - $7,000)",1332,80,17089,12,0,Yes,1,Travel_Rarely,11,Moderate (6-15 mi),1,1 - Low,3,3 - High,4,4 - Very High,2,2 - Good,3,3,3 - Excellent,6,6,6-10 Years,5,0,1,2,1,No,0
1252,31,30-39,Female,Single,Research & Development,Healthcare Representative,2,3,3 - Bachelor,Medical,6812,"Mid ($3,500 - $7,000)",1062,96,17198,19,0,No,0,Travel_Rarely,24,Far (16-25 mi),1,1 - Low,3,3 - High,2,2 - Medium,3,3 - Better,2,3,3 - Excellent,10,10,6-10 Years,9,1,8,2,1,No,0
1254,59,50+,Female,Single,Sales,Sales Executive,2,3,3 - Bachelor,Life Sciences,5171,"Mid ($3,500 - $7,000)",326,48,16490,17,0,No,0,Travel_Rarely,3,Near (1-5 mi),4,4 - Very High,3,3 - High,4,4 - Very High,3,3 - Better,2,3,3 - Excellent,13,6,6-10 Years,1,0,5,2,5,No,0
1255,43,40-49,Male,Married,Research & Development,Research Director,5,3,3 - Bachelor,Life Sciences,19740,"Executive (>$12,000)",920,96,18625,14,1,No,0,Travel_Rarely,3,Near (1-5 mi),4,4 - Very High,3,3 - High,2,2 - Medium,3,3 - Better,1,3,3 - Excellent,25,8,6-10 Years,7,0,7,2,3,No,0
1256,49,40-49,Male,Married,Research & Development,Manager,5,2,2 - College,Medical,18711,"Executive (>$12,000)",1098,85,12124,13,1,No,0,Travel_Rarely,4,Near (1-5 mi),3,3 - High,1,1 - Low,3,3 - High,4,4 - Best,2,3,3 - Excellent,23,1,1-2 Years,0,0,0,2,2,No,0
1257,36,30-39,Male,Married,Research & Development,Research Scientist,1,3,3 - Bachelor,Technical Degree,3692,"Mid ($3,500 - $7,000)",469,46,9256,12,0,No,0,Travel_Frequently,3,Near (1-5 mi),2,2 - Medium,3,3 - High,3,3 - High,2,2 - Good,3,3,3 - Excellent,12,11,10+ Years,10,0,7,2,1,No,0
1258,48,40-49,Male,Single,Research & Development,Laboratory Technician,1,2,2 - College,Technical Degree,2559,"Low (<$3,500)",969,76,16620,11,0,No,0,Travel_Rarely,2,Near (1-5 mi),2,2 - Medium,4,4 - Very High,3,3 - High,2,2 - Good,4,3,3 - Excellent,7,1,1-2 Years,0,0,0,4,5,No,0
1259,27,Under 30,Male,Divorced,Research & Development,Research Scientist,1,2,2 - College,Life Sciences,2517,"Low (<$3,500)",1167,76,3208,11,3,No,0,Travel_Rarely,4,Near (1-5 mi),3,3 - High,1,1 - Low,2,2 - Medium,3,3 - Better,3,3,3 - Excellent,5,5,3-5 Years,3,0,3,2,1,No,0
1260,29,Under 30,Male,Divorced,Research & Development,Healthcare Representative,2,3,3 - Bachelor,Life Sciences,6623,"Mid ($3,500 - $7,000)",1329,82,4204,11,2,Yes,1,Travel_Rarely,7,Moderate (6-15 mi),4,4 - Very High,3,3 - High,2,2 - Medium,3,3 - Better,3,3,3 - Excellent,6,6,6-10 Years,0,1,0,2,1,No,0
1263,48,40-49,Male,Single,Research & Development,Research Director,5,3,3 - Bachelor,Life Sciences,18265,"Executive (>$12,000)",715,76,8733,12,0,No,0,Travel_Rarely,1,Near (1-5 mi),4,4 - Very High,4,4 - Very High,3,3 - High,4,4 - Best,2,3,3 - Excellent,25,1,1-2 Years,0,0,0,3,6,No,0
1264,29,Under 30,Female,Divorced,Research & Development,Research Director,4,3,3 - Bachelor,Life Sciences,16124,"Executive (>$12,000)",694,87,3423,14,2,No,0,Travel_Rarely,1,Near (1-5 mi),4,4 - Very High,4,4 - Very High,2,2 - Medium,2,2 - Good,2,3,3 - Excellent,9,7,6-10 Years,7,1,7,2,3,No,0
1265,34,30-39,Female,Married,Research & Development,Research Scientist,1,3,3 - Bachelor,Technical Degree,2585,"Low (<$3,500)",1320,89,21643,17,0,No,0,Travel_Rarely,20,Far (16-25 mi),3,3 - High,3,3 - High,4,4 - Very High,2,2 - Good,4,3,3 - Excellent,2,1,1-2 Years,0,0,0,5,0,No,0
1267,44,40-49,Male,Married,Sales,Manager,5,3,3 - Bachelor,Marketing,18213,"Executive (>$12,000)",1099,88,8751,11,1,No,0,Travel_Rarely,5,Near (1-5 mi),2,2 - Medium,2,2 - Medium,3,3 - High,3,3 - Better,3,3,3 - Excellent,26,22,10+ Years,9,3,10,5,7,No,0
1268,33,30-39,Male,Divorced,Sales,Sales Executive,3,5,5 - Doctor,Marketing,8380,"High ($7,001 - $12,000)",536,82,21708,14,2,Yes,1,Travel_Rarely,10,Moderate (6-15 mi),3,3 - High,4,4 - Very High,4,4 - Very High,3,3 - Better,4,3,3 - Excellent,10,9,6-10 Years,8,0,8,3,0,No,0
1269,19,Under 30,Female,Single,Research & Development,Research Scientist,1,3,3 - Bachelor,Life Sciences,2994,"Low (<$3,500)",265,57,21221,12,0,Yes,1,Travel_Rarely,25,Far (16-25 mi),4,4 - Very High,2,2 - Medium,4,4 - Very High,3,3 - Better,4,3,3 - Excellent,1,1,1-2 Years,0,0,1,2,1,No,0
1270,23,Under 30,Male,Married,Research & Development,Research Scientist,1,2,2 - College,Life Sciences,1223,"Low (<$3,500)",373,47,16901,22,1,No,0,Travel_Rarely,1,Near (1-5 mi),3,3 - High,4,4 - Very High,4,4 - Very High,3,3 - Better,3,4,4 - Outstanding,1,1,1-2 Years,0,0,1,2,1,No,0
1273,25,Under 30,Male,Single,Sales,Sales Representative,1,1,1 - Below College,Life Sciences,1118,"Low (<$3,500)",599,73,8040,14,0,Yes,1,Travel_Frequently,24,Far (16-25 mi),4,4 - Very High,3,3 - High,4,4 - Very High,3,3 - Better,1,3,3 - Excellent,1,1,1-2 Years,0,1,0,4,1,Yes,1
1275,26,Under 30,Male,Single,Research & Development,Research Scientist,1,2,2 - College,Life Sciences,2875,"Low (<$3,500)",583,53,9973,20,0,Yes,1,Travel_Rarely,4,Near (1-5 mi),4,4 - Very High,3,3 - High,2,2 - Medium,2,2 - Good,3,4,4 - Outstanding,8,8,6-10 Years,5,2,2,2,1,No,0
1277,45,40-49,Female,Single,Sales,Manager,5,3,3 - Bachelor,Marketing,18824,"Executive (>$12,000)",1449,94,2493,16,0,Yes,1,Travel_Rarely,2,Near (1-5 mi),2,2 - Medium,1,1 - Low,1,1 - Low,3,3 - Better,1,3,3 - Excellent,26,24,10+ Years,10,1,11,2,2,Yes,1
1278,55,50+,Male,Divorced,Research & Development,Healthcare Representative,4,1,1 - Below College,Medical,13577,"Executive (>$12,000)",177,37,25592,15,1,Yes,1,Non-Travel,8,Moderate (6-15 mi),2,2 - Medium,4,4 - Very High,4,4 - Very High,3,3 - Better,2,3,3 - Excellent,34,33,10+ Years,9,15,0,3,1,No,0
1279,21,Under 30,Female,Single,Research & Development,Laboratory Technician,1,2,2 - College,Life Sciences,2625,"Low (<$3,500)",251,45,25308,20,0,No,0,Travel_Frequently,10,Moderate (6-15 mi),3,3 - High,1,1 - Low,3,3 - High,1,1 - Bad,2,4,4 - Outstanding,2,2,1-2 Years,2,2,2,2,1,Yes,1
1280,46,40-49,Female,Married,Sales,Manager,5,2,2 - College,Marketing,18789,"Executive (>$12,000)",168,33,9946,14,1,No,0,Travel_Rarely,4,Near (1-5 mi),2,2 - Medium,4,4 - Very High,3,3 - High,3,3 - Better,2,3,3 - Excellent,26,11,10+ Years,4,0,8,2,2,No,0
1281,34,30-39,Female,Single,Sales,Sales Executive,2,3,3 - Bachelor,Marketing,4538,"Mid ($3,500 - $7,000)",131,86,6039,12,0,Yes,1,Travel_Rarely,2,Near (1-5 mi),1,1 - Low,3,3 - High,4,4 - Very High,3,3 - Better,3,3,3 - Excellent,4,3,3-5 Years,2,0,2,3,0,No,0
1282,51,50+,Male,Divorced,Sales,Manager,5,3,3 - Bachelor,Life Sciences,19847,"Executive (>$12,000)",237,83,19196,24,1,Yes,1,Travel_Frequently,9,Moderate (6-15 mi),2,2 - Medium,4,4 - Very High,1,1 - Low,2,2 - Good,3,4,4 - Outstanding,31,29,10+ Years,10,11,10,5,4,No,0
1283,59,50+,Male,Single,Research & Development,Manufacturing Director,3,4,4 - Master,Medical,10512,"High ($7,001 - $12,000)",1429,67,20002,12,0,No,0,Travel_Rarely,18,Far (16-25 mi),4,4 - Very High,4,4 - Very High,4,4 - Very High,2,2 - Good,3,3,3 - Excellent,25,9,6-10 Years,7,5,4,6,6,No,0
1285,34,30-39,Female,Divorced,Research & Development,Laboratory Technician,2,3,3 - Bachelor,Medical,4444,"Mid ($3,500 - $7,000)",135,46,22534,13,2,No,0,Travel_Frequently,19,Far (16-25 mi),2,2 - Medium,3,3 - High,3,3 - High,4,4 - Best,3,3,3 - Excellent,15,11,10+ Years,8,5,10,2,4,No,0
1286,28,Under 30,Male,Single,Research & Development,Laboratory Technician,1,4,4 - Master,Medical,2154,"Low (<$3,500)",791,44,6842,11,0,Yes,1,Travel_Frequently,1,Near (1-5 mi),3,3 - High,4,4 - Very High,3,3 - High,2,2 - Good,3,3,3 - Excellent,5,4,3-5 Years,2,0,2,2,0,No,0
1288,44,40-49,Male,Divorced,Research & Development,Manager,5,2,2 - College,Life Sciences,19190,"Executive (>$12,000)",1199,92,17477,14,2,No,0,Travel_Rarely,4,Near (1-5 mi),1,1 - Low,3,3 - High,4,4 - Very High,2,2 - Good,4,3,3 - Excellent,26,25,10+ Years,9,14,13,4,1,No,0
1289,34,30-39,Male,Married,Human Resources,Human Resources,2,3,3 - Bachelor,Life Sciences,4490,"Mid ($3,500 - $7,000)",648,56,21833,11,2,No,0,Travel_Frequently,11,Moderate (6-15 mi),2,2 - Medium,3,3 - High,4,4 - Very High,4,4 - Best,2,3,3 - Excellent,14,10,6-10 Years,9,1,8,5,4,No,0
1291,35,30-39,Male,Married,Research & Development,Research Scientist,1,1,1 - Below College,Life Sciences,3506,"Mid ($3,500 - $7,000)",735,66,6020,14,0,Yes,1,Travel_Rarely,6,Moderate (6-15 mi),3,3 - High,3,3 - High,4,4 - Very High,3,3 - Better,3,3,3 - Excellent,4,3,3-5 Years,2,2,2,3,0,No,0
1292,42,40-49,Female,Married,Research & Development,Research Scientist,2,4,4 - Master,Medical,2372,"Low (<$3,500)",603,78,5628,16,0,Yes,1,Travel_Rarely,7,Moderate (6-15 mi),2,2 - Medium,2,2 - Medium,4,4 - Very High,3,3 - Better,4,3,3 - Excellent,18,1,1-2 Years,0,0,0,2,6,No,0
1293,43,40-49,Female,Single,Sales,Sales Executive,3,4,4 - Master,Marketing,10231,"High ($7,001 - $12,000)",531,56,20364,14,0,No,0,Travel_Rarely,4,Near (1-5 mi),4,4 - Very High,4,4 - Very High,4,4 - Very High,4,4 - Best,2,3,3 - Excellent,23,21,10+ Years,7,15,17,3,3,No,0
1294,36,30-39,Female,Single,Research & Development,Manufacturing Director,2,4,4 - Master,Life Sciences,5410,"Mid ($3,500 - $7,000)",429,53,2323,11,0,Yes,1,Travel_Rarely,2,Near (1-5 mi),2,2 - Medium,3,3 - High,4,4 - Very High,3,3 - Better,3,3,3 - Excellent,18,16,10+ Years,14,5,12,2,9,No,0
1295,44,40-49,Female,Married,Research & Development,Healthcare Representative,3,3,3 - Bachelor,Medical,7978,"High ($7,001 - $12,000)",621,73,14075,11,1,No,0,Travel_Rarely,15,Moderate (6-15 mi),4,4 - Very High,1,1 - Low,4,4 - Very High,3,3 - Better,3,3,3 - Excellent,10,10,6-10 Years,7,0,5,2,1,Yes,1
1296,28,Under 30,Male,Married,Research & Development,Laboratory Technician,1,3,3 - Bachelor,Life Sciences,3867,"Mid ($3,500 - $7,000)",193,52,14222,12,1,Yes,1,Travel_Frequently,2,Near (1-5 mi),4,4 - Very High,4,4 - Very High,2,2 - Medium,3,3 - Better,2,3,3 - Excellent,2,2,1-2 Years,2,2,2,2,1,No,0
1297,51,50+,Female,Single,Research & Development,Laboratory Technician,1,2,2 - College,Medical,2838,"Low (<$3,500)",968,40,4257,14,0,No,0,Travel_Frequently,6,Moderate (6-15 mi),3,3 - High,2,2 - Medium,2,2 - Medium,2,2 - Good,2,3,3 - Excellent,8,7,6-10 Years,0,7,7,6,0,No,0
1298,30,30-39,Female,Single,Research & Development,Manufacturing Director,2,2,2 - College,Medical,4695,"Mid ($3,500 - $7,000)",879,72,12858,18,0,Yes,1,Non-Travel,9,Moderate (6-15 mi),3,3 - High,3,3 - High,3,3 - High,3,3 - Better,3,3,3 - Excellent,10,8,6-10 Years,4,1,7,3,7,No,0
1299,29,Under 30,Female,Divorced,Research & Development,Laboratory Technician,1,3,3 - Bachelor,Technical Degree,3339,"Low (<$3,500)",806,39,17285,13,2,Yes,1,Travel_Rarely,7,Moderate (6-15 mi),3,3 - High,2,2 - Medium,1,1 - Low,3,3 - Better,3,3,3 - Excellent,10,7,6-10 Years,7,7,7,2,3,Yes,1
1301,28,Under 30,Male,Single,Research & Development,Research Scientist,1,3,3 - Bachelor,Technical Degree,2080,"Low (<$3,500)",640,84,4732,11,0,No,0,Travel_Rarely,1,Near (1-5 mi),1,1 - Low,4,4 - Very High,2,2 - Medium,2,2 - Good,3,3,3 - Excellent,5,3,3-5 Years,2,1,2,2,2,No,0
1303,25,Under 30,Female,Single,Research & Development,Research Scientist,1,3,3 - Bachelor,Medical,2096,"Low (<$3,500)",266,40,18830,18,0,No,0,Travel_Rarely,1,Near (1-5 mi),2,2 - Medium,4,4 - Very High,4,4 - Very High,2,2 - Good,3,3,3 - Excellent,2,2,1-2 Years,2,2,1,3,1,No,0
1304,32,30-39,Male,Married,Sales,Sales Executive,2,3,3 - Bachelor,Medical,6209,"Mid ($3,500 - $7,000)",604,56,11693,15,2,No,0,Travel_Rarely,8,Moderate (6-15 mi),4,4 - Very High,3,3 - High,3,3 - High,4,4 - Best,4,3,3 - Excellent,10,10,6-10 Years,7,0,8,4,1,No,0
1306,45,40-49,Female,Single,Research & Development,Manager,5,3,3 - Bachelor,Medical,18061,"Executive (>$12,000)",364,83,13035,22,0,No,0,Travel_Frequently,25,Far (16-25 mi),2,2 - Medium,2,2 - Medium,3,3 - High,3,3 - Better,3,4,4 - Outstanding,22,0,< 1 Year,0,0,0,4,3,No,0
1307,39,30-39,Female,Divorced,Research & Development,Manager,4,4,4 - Master,Medical,17123,"Executive (>$12,000)",412,94,17334,13,2,Yes,1,Travel_Rarely,13,Moderate (6-15 mi),2,2 - Medium,3,3 - High,4,4 - Very High,3,3 - Better,2,3,3 - Excellent,21,19,10+ Years,9,15,2,4,6,No,0
1308,58,50+,Male,Divorced,Research & Development,Research Scientist,1,4,4 - Master,Life Sciences,2372,"Low (<$3,500)",848,88,26076,12,2,No,0,Travel_Rarely,23,Far (16-25 mi),3,3 - High,1,1 - Low,4,4 - Very High,3,3 - Better,3,3,3 - Excellent,2,2,1-2 Years,2,2,2,3,1,No,0
1309,32,30-39,Male,Married,Research & Development,Laboratory Technician,2,2,2 - College,Life Sciences,4883,"Mid ($3,500 - $7,000)",1089,79,22845,18,1,No,0,Travel_Rarely,7,Moderate (6-15 mi),3,3 - High,4,4 - Very High,1,1 - Low,3,3 - Better,3,3,3 - Excellent,10,10,6-10 Years,4,1,1,3,1,Yes,1
1310,39,30-39,Male,Single,Research & Development,Research Scientist,1,3,3 - Bachelor,Medical,3904,"Mid ($3,500 - $7,000)",360,93,22154,13,0,No,0,Travel_Rarely,23,Far (16-25 mi),1,1 - Low,3,3 - High,1,1 - Low,3,3 - Better,3,3,3 - Excellent,6,5,3-5 Years,2,0,3,2,0,Yes,1
1311,30,30-39,Female,Married,Research & Development,Laboratory Technician,2,3,3 - Bachelor,Technical Degree,4627,"Mid ($3,500 - $7,000)",1138,48,23631,12,1,No,0,Travel_Rarely,6,Moderate (6-15 mi),4,4 - Very High,1,1 - Low,1,1 - Low,3,3 - Better,2,3,3 - Excellent,10,9,6-10 Years,2,6,7,6,0,No,0
1312,36,30-39,Female,Married,Research & Development,Healthcare Representative,3,4,4 - Master,Technical Degree,7094,"High ($7,001 - $12,000)",325,63,5747,12,0,No,0,Travel_Rarely,10,Moderate (6-15 mi),3,3 - High,4,4 - Very High,1,1 - Low,3,3 - Better,3,3,3 - Excellent,10,7,6-10 Years,7,1,7,0,3,No,0
1314,46,40-49,Female,Single,Human Resources,Human Resources,1,2,2 - College,Life Sciences,3423,"Low (<$3,500)",991,44,22957,12,0,No,0,Travel_Rarely,1,Near (1-5 mi),1,1 - Low,4,4 - Very High,3,3 - High,4,4 - Best,3,3,3 - Excellent,10,7,6-10 Years,6,5,7,3,6,No,0
1315,28,Under 30,Female,Married,Research & Development,Laboratory Technician,2,3,3 - Bachelor,Life Sciences,6674,"Mid ($3,500 - $7,000)",1476,55,16392,11,3,No,0,Non-Travel,1,Near (1-5 mi),4,4 - Very High,3,3 - High,1,1 - Low,3,3 - Better,1,3,3 - Excellent,10,9,6-10 Years,8,7,5,6,0,No,0
1317,50,50+,Female,Married,Research & Development,Research Director,4,3,3 - Bachelor,Life Sciences,16880,"Executive (>$12,000)",1322,43,22422,11,0,Yes,1,Travel_Rarely,28,Very Far (26+ mi),1,1 - Low,4,4 - Very High,2,2 - Medium,3,3 - Better,3,3,3 - Excellent,25,3,3-5 Years,2,1,2,2,4,No,0
1318,40,40-49,Male,Single,Sales,Sales Executive,3,4,4 - Master,Marketing,9094,"High ($7,001 - $12,000)",299,57,17235,12,0,Yes,1,Travel_Rarely,25,Far (16-25 mi),2,2 - Medium,4,4 - Very High,3,3 - High,3,3 - Better,2,3,3 - Excellent,9,5,3-5 Years,4,1,0,2,2,Yes,1
1319,52,50+,Male,Single,Sales,Sales Executive,3,3,3 - Bachelor,Life Sciences,8446,"High ($7,001 - $12,000)",1030,64,21534,19,0,Yes,1,Travel_Rarely,5,Near (1-5 mi),2,2 - Medium,2,2 - Medium,3,3 - High,2,2 - Good,3,3,3 - Excellent,10,8,6-10 Years,7,7,7,2,9,Yes,1
1321,30,30-39,Female,Married,Research & Development,Manager,3,4,4 - Master,Medical,11916,"High ($7,001 - $12,000)",634,95,25927,23,2,Yes,1,Travel_Rarely,17,Far (16-25 mi),1,1 - Low,2,2 - Medium,4,4 - Very High,3,3 - Better,3,4,4 - Outstanding,9,9,6-10 Years,1,0,8,2,1,No,0
1322,39,30-39,Male,Single,Research & Development,Manufacturing Director,2,2,2 - College,Life Sciences,4534,"Mid ($3,500 - $7,000)",524,32,13352,11,0,No,0,Travel_Rarely,18,Far (16-25 mi),3,3 - High,1,1 - Low,1,1 - Low,3,3 - Better,3,3,3 - Excellent,9,8,6-10 Years,7,1,7,6,0,No,0
1324,31,30-39,Female,Divorced,Sales,Sales Executive,3,4,4 - Master,Life Sciences,9852,"High ($7,001 - $12,000)",587,57,8935,19,1,Yes,1,Non-Travel,2,Near (1-5 mi),3,3 - High,4,4 - Very High,1,1 - Low,2,2 - Good,3,3,3 - Excellent,10,10,6-10 Years,8,9,6,5,1,No,0
1329,41,40-49,Male,Single,Sales,Sales Executive,2,2,2 - College,Medical,6151,"Mid ($3,500 - $7,000)",256,40,22074,13,0,No,0,Non-Travel,10,Moderate (6-15 mi),2,2 - Medium,3,3 - High,1,1 - Low,3,3 - Better,1,3,3 - Excellent,19,19,10+ Years,2,11,9,4,1,No,0
1331,31,30-39,Female,Single,Sales,Sales Representative,1,3,3 - Bachelor,Life Sciences,2302,"Low (<$3,500)",1060,54,8319,11,0,Yes,1,Travel_Frequently,1,Near (1-5 mi),2,2 - Medium,4,4 - Very High,1,1 - Low,4,4 - Best,3,3,3 - Excellent,3,3,3-5 Years,2,2,2,2,1,Yes,1
1333,44,40-49,Male,Married,Research & Development,Laboratory Technician,1,3,3 - Bachelor,Life Sciences,2362,"Low (<$3,500)",935,89,14669,12,0,No,0,Travel_Rarely,3,Near (1-5 mi),1,1 - Low,1,1 - Low,3,3 - High,4,4 - Best,3,3,3 - Excellent,10,3,3-5 Years,2,1,2,4,4,Yes,1
1334,42,40-49,Male,Married,Research & Development,Manager,4,1,1 - Below College,Life Sciences,17861,"Executive (>$12,000)",495,37,26582,13,0,Yes,1,Non-Travel,2,Near (1-5 mi),3,3 - High,3,3 - High,4,4 - Very High,2,2 - Good,3,3,3 - Excellent,21,20,10+ Years,8,2,10,3,0,No,0
1336,55,50+,Female,Married,Research & Development,Manager,5,2,2 - College,Medical,19187,"Executive (>$12,000)",282,58,6992,14,1,No,0,Travel_Rarely,2,Near (1-5 mi),3,3 - High,4,4 - Very High,4,4 - Very High,3,3 - Better,1,3,3 - Excellent,23,19,10+ Years,9,9,11,5,4,No,0
1338,56,50+,Male,Single,Human Resources,Manager,5,4,4 - Master,Life Sciences,19717,"Executive (>$12,000)",206,99,4022,14,0,No,0,Travel_Rarely,8,Moderate (6-15 mi),2,2 - Medium,4,4 - Very High,1,1 - Low,3,3 - Better,3,3,3 - Excellent,36,7,6-10 Years,3,7,7,4,6,No,0
1340,40,40-49,Male,Divorced,Research & Development,Research Scientist,1,2,2 - College,Life Sciences,3544,"Mid ($3,500 - $7,000)",458,74,8532,16,1,No,0,Non-Travel,16,Far (16-25 mi),3,3 - High,3,3 - High,2,2 - Medium,3,3 - Better,3,3,3 - Excellent,6,4,3-5 Years,2,0,0,0,9,No,0
1344,34,30-39,Male,Divorced,Research & Development,Healthcare Representative,3,3,3 - Bachelor,Life Sciences,8500,"High ($7,001 - $12,000)",943,86,5494,11,1,No,0,Travel_Rarely,9,Moderate (6-15 mi),4,4 - Very High,4,4 - Very High,4,4 - Very High,2,2 - Good,3,3,3 - Excellent,10,9,6-10 Years,7,1,6,0,0,No,0
1346,40,40-49,Male,Single,Research & Development,Research Scientist,2,3,3 - Bachelor,Life Sciences,4661,"Mid ($3,500 - $7,000)",523,98,22455,13,0,No,0,Travel_Rarely,2,Near (1-5 mi),4,4 - Very High,3,3 - High,3,3 - High,3,3 - Better,3,3,3 - Excellent,9,9,6-10 Years,8,8,8,4,1,No,0
1349,41,40-49,Female,Divorced,Sales,Sales Executive,2,3,3 - Bachelor,Marketing,4103,"Mid ($3,500 - $7,000)",1018,66,4297,17,1,No,0,Travel_Frequently,1,Near (1-5 mi),1,1 - Low,3,3 - High,4,4 - Very High,3,3 - Better,3,3,3 - Excellent,10,9,6-10 Years,3,1,7,2,0,No,0
1350,35,30-39,Male,Single,Research & Development,Research Scientist,2,4,4 - Master,Life Sciences,4249,"Mid ($3,500 - $7,000)",482,87,2690,11,0,Yes,1,Travel_Frequently,4,Near (1-5 mi),3,3 - High,3,3 - High,2,2 - Medium,3,3 - Better,3,3,3 - Excellent,9,9,6-10 Years,6,1,1,3,1,No,0
1352,51,50+,Male,Divorced,Human Resources,Manager,4,3,3 - Bachelor,Life Sciences,14026,"Executive (>$12,000)",770,84,17588,11,1,Yes,1,Travel_Rarely,5,Near (1-5 mi),2,2 - Medium,3,3 - High,2,2 - Medium,3,3 - Better,3,3,3 - Excellent,33,33,10+ Years,9,0,10,2,1,No,0
1355,38,30-39,Female,Divorced,Sales,Sales Executive,2,2,2 - College,Life Sciences,6893,"Mid ($3,500 - $7,000)",1009,31,19461,15,1,No,0,Travel_Rarely,2,Near (1-5 mi),1,1 - Low,2,2 - Medium,4,4 - Very High,3,3 - Better,3,3,3 - Excellent,11,7,6-10 Years,7,1,7,3,3,No,0
1356,34,30-39,Female,Single,Sales,Sales Executive,2,2,2 - College,Medical,6125,"Mid ($3,500 - $7,000)",507,66,23553,12,0,No,0,Travel_Rarely,15,Moderate (6-15 mi),1,1 - Low,3,3 - High,4,4 - Very High,4,4 - Best,3,3,3 - Excellent,10,10,6-10 Years,8,9,6,6,1,No,0
1358,25,Under 30,Male,Married,Research & Development,Laboratory Technician,1,1,1 - Below College,Medical,3669,"Mid ($3,500 - $7,000)",882,67,9075,11,3,No,0,Travel_Rarely,19,Far (16-25 mi),4,4 - Very High,4,4 - Very High,3,3 - High,2,2 - Good,3,3,3 - Excellent,7,3,3-5 Years,2,1,2,6,3,No,0
1360,58,50+,Female,Married,Research & Development,Manufacturing Director,3,4,4 - Master,Medical,10008,"High ($7,001 - $12,000)",601,53,12023,14,0,Yes,1,Travel_Rarely,7,Moderate (6-15 mi),1,1 - Low,3,3 - High,4,4 - Very High,2,2 - Good,2,3,3 - Excellent,31,10,6-10 Years,9,5,9,0,7,Yes,1
1361,40,40-49,Male,Married,Research & Development,Laboratory Technician,1,4,4 - Master,Life Sciences,2387,"Low (<$3,500)",329,88,6762,22,1,No,0,Travel_Rarely,1,Near (1-5 mi),2,2 - Medium,2,2 - Medium,3,3 - High,3,3 - Better,3,4,4 - Outstanding,7,4,3-5 Years,2,0,3,3,3,No,0
1362,36,30-39,Female,Married,Sales,Sales Executive,2,3,3 - Bachelor,Marketing,4639,"Mid ($3,500 - $7,000)",607,83,2261,16,1,No,0,Travel_Frequently,7,Moderate (6-15 mi),1,1 - Low,1,1 - Low,4,4 - Very High,2,2 - Good,4,3,3 - Excellent,17,15,10+ Years,7,6,13,2,2,No,0
1363,48,40-49,Male,Single,Research & Development,Manufacturing Director,3,3,3 - Bachelor,Life Sciences,7898,"High ($7,001 - $12,000)",855,54,18706,11,0,No,0,Travel_Rarely,4,Near (1-5 mi),4,4 - Very High,4,4 - Very High,3,3 - High,3,3 - Better,3,3,3 - Excellent,11,10,6-10 Years,9,0,8,2,1,No,0
1364,27,Under 30,Female,Married,Sales,Sales Representative,1,3,3 - Bachelor,Medical,2534,"Low (<$3,500)",1291,98,6527,14,1,No,0,Travel_Rarely,11,Moderate (6-15 mi),4,4 - Very High,3,3 - High,2,2 - Medium,3,3 - Better,4,3,3 - Excellent,5,1,1-2 Years,0,0,0,4,8,No,0
1367,51,50+,Female,Single,Research & Development,Manufacturing Director,4,2,2 - College,Technical Degree,13142,"Executive (>$12,000)",1405,82,24439,16,0,No,0,Travel_Rarely,11,Moderate (6-15 mi),2,2 - Medium,4,4 - Very High,2,2 - Medium,2,2 - Good,2,3,3 - Excellent,29,5,3-5 Years,2,0,3,1,3,No,0
1368,18,Under 30,Female,Single,Research & Development,Laboratory Technician,1,3,3 - Bachelor,Life Sciences,1611,"Low (<$3,500)",1124,97,19305,15,0,No,0,Non-Travel,1,Near (1-5 mi),4,4 - Very High,4,4 - Very High,3,3 - High,4,4 - Best,3,3,3 - Excellent,0,0,< 1 Year,0,0,0,5,1,No,0
1369,35,30-39,Female,Married,Research & Development,Laboratory Technician,2,3,3 - Bachelor,Medical,5363,"Mid ($3,500 - $7,000)",817,60,10846,12,1,No,0,Travel_Rarely,1,Near (1-5 mi),4,4 - Very High,4,4 - Very High,2,2 - Medium,3,3 - Better,2,3,3 - Excellent,10,9,6-10 Years,7,0,0,0,0,No,0
1371,27,Under 30,Male,Single,Sales,Sales Executive,2,1,1 - Below College,Life Sciences,5071,"Mid ($3,500 - $7,000)",793,43,20392,20,0,No,0,Travel_Frequently,2,Near (1-5 mi),4,4 - Very High,4,4 - Very High,2,2 - Medium,3,3 - Better,1,4,4 - Outstanding,8,6,6-10 Years,2,0,0,3,3,No,0
1372,55,50+,Male,Single,Sales,Sales Executive,4,4,4 - Master,Marketing,13695,"Executive (>$12,000)",267,85,9277,17,0,Yes,1,Travel_Rarely,13,Moderate (6-15 mi),3,3 - High,1,1 - Low,3,3 - High,2,2 - Good,4,3,3 - Excellent,24,19,10+ Years,7,3,8,2,6,Yes,1
1373,56,50+,Male,Married,Research & Development,Manufacturing Director,4,3,3 - Bachelor,Life Sciences,13402,"Executive (>$12,000)",1369,68,18235,12,1,Yes,1,Travel_Rarely,23,Far (16-25 mi),2,2 - Medium,4,4 - Very High,1,1 - Low,3,3 - Better,3,3,3 - Excellent,33,19,10+ Years,16,15,9,0,4,No,0
1374,34,30-39,Female,Divorced,Research & Development,Research Scientist,1,1,1 - Below College,Technical Degree,2029,"Low (<$3,500)",999,92,15891,20,3,No,0,Non-Travel,26,Very Far (26+ mi),3,3 - High,1,1 - Low,3,3 - High,3,3 - Better,2,4,4 - Outstanding,5,5,3-5 Years,4,0,0,2,1,No,0
1375,40,40-49,Female,Divorced,Research & Development,Healthcare Representative,2,1,1 - Below College,Medical,6377,"Mid ($3,500 - $7,000)",1202,89,13888,20,3,No,0,Travel_Rarely,2,Near (1-5 mi),3,3 - High,2,2 - Medium,2,2 - Medium,3,3 - Better,4,4,4 - Outstanding,15,12,10+ Years,11,11,8,0,5,No,0
1377,34,30-39,Male,Married,Research & Development,Laboratory Technician,2,3,3 - Bachelor,Medical,5429,"Mid ($3,500 - $7,000)",285,86,17491,13,2,No,0,Travel_Rarely,29,Very Far (26+ mi),3,3 - High,2,2 - Medium,1,1 - Low,3,3 - Better,3,3,3 - Excellent,10,8,6-10 Years,7,7,7,1,4,No,0
1379,31,30-39,Female,Single,Sales,Sales Representative,1,3,3 - Bachelor,Life Sciences,2785,"Low (<$3,500)",703,90,11882,14,0,No,0,Travel_Frequently,2,Near (1-5 mi),4,4 - Very High,3,3 - High,3,3 - High,4,4 - Best,2,3,3 - Excellent,3,1,1-2 Years,0,0,0,3,7,Yes,1
1380,35,30-39,Female,Married,Sales,Sales Executive,2,4,4 - Master,Marketing,4614,"Mid ($3,500 - $7,000)",662,67,23288,18,1,Yes,1,Travel_Frequently,18,Far (16-25 mi),3,3 - High,4,4 - Very High,3,3 - High,2,2 - Good,3,3,3 - Excellent,5,4,3-5 Years,2,3,2,0,0,Yes,1
1382,38,30-39,Male,Divorced,Research & Development,Research Scientist,1,3,3 - Bachelor,Life Sciences,2610,"Low (<$3,500)",693,57,15748,11,3,No,0,Travel_Frequently,7,Moderate (6-15 mi),3,3 - High,4,4 - Very High,4,4 - Very High,3,3 - Better,4,3,3 - Excellent,4,4,3-5 Years,2,0,3,2,1,No,0
1383,34,30-39,Female,Single,Research & Development,Healthcare Representative,2,4,4 - Master,Technical Degree,6687,"Mid ($3,500 - $7,000)",404,98,6163,11,0,No,0,Travel_Rarely,2,Near (1-5 mi),4,4 - Very High,3,3 - High,4,4 - Very High,4,4 - Best,3,3,3 - Excellent,14,14,10+ Years,11,4,11,2,1,No,0
1387,28,Under 30,Male,Married,Sales,Sales Executive,2,3,3 - Bachelor,Life Sciences,4724,"Mid ($3,500 - $7,000)",736,48,24232,11,1,No,0,Travel_Rarely,26,Very Far (26+ mi),1,1 - Low,3,3 - High,3,3 - High,3,3 - Better,2,3,3 - Excellent,5,5,3-5 Years,3,0,4,0,1,No,0
1389,31,30-39,Male,Married,Research & Development,Manufacturing Director,2,4,4 - Master,Medical,6179,"Mid ($3,500 - $7,000)",330,98,21057,15,2,Yes,1,Travel_Rarely,22,Far (16-25 mi),3,3 - High,4,4 - Very High,4,4 - Very High,2,2 - Good,3,3,3 - Excellent,10,10,6-10 Years,2,6,7,3,1,Yes,1
1390,39,30-39,Male,Married,Sales,Sales Executive,2,4,4 - Master,Life Sciences,6120,"Mid ($3,500 - $7,000)",1498,44,3567,12,2,Yes,1,Travel_Rarely,21,Far (16-25 mi),4,4 - Very High,1,1 - Low,4,4 - Very High,4,4 - Best,2,3,3 - Excellent,8,5,3-5 Years,4,1,4,2,3,No,0
1391,51,50+,Male,Married,Sales,Sales Executive,3,3,3 - Bachelor,Marketing,10596,"High ($7,001 - $12,000)",541,52,15395,11,0,No,0,Travel_Frequently,2,Near (1-5 mi),2,2 - Medium,2,2 - Medium,2,2 - Medium,3,3 - Better,3,3,3 - Excellent,14,4,3-5 Years,2,3,2,5,2,No,0
1392,41,40-49,Female,Divorced,Research & Development,Research Scientist,2,3,3 - Bachelor,Life Sciences,5467,"Mid ($3,500 - $7,000)",1200,75,13953,14,2,Yes,1,Travel_Frequently,22,Far (16-25 mi),4,4 - Very High,4,4 - Very High,1,1 - Low,2,2 - Good,3,3,3 - Excellent,12,6,6-10 Years,2,3,3,4,3,No,0
1394,37,30-39,Male,Married,Research & Development,Research Scientist,1,1,1 - Below College,Life Sciences,2996,"Low (<$3,500)",1439,54,5182,15,0,Yes,1,Travel_Rarely,4,Near (1-5 mi),3,3 - High,3,3 - High,4,4 - Very High,3,3 - Better,3,3,3 - Excellent,8,6,6-10 Years,4,1,3,2,7,No,0
1395,33,30-39,Male,Married,Sales,Sales Executive,2,1,1 - Below College,Life Sciences,9998,"High ($7,001 - $12,000)",1111,61,19293,13,0,No,0,Travel_Frequently,5,Near (1-5 mi),4,4 - Very High,2,2 - Medium,1,1 - Low,4,4 - Best,3,3,3 - Excellent,8,5,3-5 Years,4,1,2,2,6,No,0
1396,32,30-39,Male,Married,Sales,Sales Executive,2,1,1 - Below College,Marketing,4078,"Mid ($3,500 - $7,000)",499,36,20497,13,3,Yes,1,Travel_Rarely,2,Near (1-5 mi),2,2 - Medium,3,3 - High,1,1 - Low,2,2 - Good,3,3,3 - Excellent,4,3,3-5 Years,2,1,2,3,0,No,0
1397,39,30-39,Male,Married,Research & Development,Healthcare Representative,3,2,2 - College,Life Sciences,10920,"High ($7,001 - $12,000)",1485,71,3449,21,1,No,0,Non-Travel,25,Far (16-25 mi),3,3 - High,3,3 - High,2,2 - Medium,3,3 - Better,3,4,4 - Outstanding,13,6,6-10 Years,4,0,5,2,3,No,0
1399,25,Under 30,Male,Married,Sales,Sales Executive,2,1,1 - Below College,Life Sciences,6232,"Mid ($3,500 - $7,000)",1372,93,12477,11,0,No,0,Travel_Rarely,18,Far (16-25 mi),3,3 - High,1,1 - Low,2,2 - Medium,2,2 - Good,4,3,3 - Excellent,6,3,3-5 Years,2,1,2,3,2,No,0
1401,52,50+,Female,Married,Research & Development,Manufacturing Director,4,2,2 - College,Medical,13247,"Executive (>$12,000)",322,59,9731,11,1,Yes,1,Travel_Frequently,28,Very Far (26+ mi),3,3 - High,4,4 - Very High,2,2 - Medium,2,2 - Good,4,3,3 - Excellent,24,5,3-5 Years,3,0,2,3,2,No,0
1402,43,40-49,Female,Single,Research & Development,Research Scientist,2,3,3 - Bachelor,Medical,4081,"Mid ($3,500 - $7,000)",930,73,20003,14,0,Yes,1,Travel_Rarely,6,Moderate (6-15 mi),3,3 - High,1,1 - Low,1,1 - Low,1,1 - Bad,2,3,3 - Excellent,20,20,10+ Years,7,1,8,3,1,No,0
1403,27,Under 30,Female,Married,Sales,Sales Executive,2,3,3 - Bachelor,Marketing,5769,"Mid ($3,500 - $7,000)",205,98,7100,11,0,Yes,1,Travel_Rarely,10,Moderate (6-15 mi),4,4 - Very High,4,4 - Very High,4,4 - Very High,3,3 - Better,2,3,3 - Excellent,6,6,6-10 Years,2,4,4,3,1,No,0
1405,27,Under 30,Female,Single,Research & Development,Research Scientist,1,4,4 - Master,Life Sciences,2394,"Low (<$3,500)",135,51,25681,13,0,Yes,1,Travel_Rarely,17,Far (16-25 mi),3,3 - High,4,4 - Very High,4,4 - Very High,3,3 - Better,3,3,3 - Excellent,8,8,6-10 Years,2,7,7,2,1,Yes,1
1407,26,Under 30,Male,Single,Research & Development,Research Scientist,1,1,1 - Below College,Medical,3904,"Mid ($3,500 - $7,000)",683,36,4050,12,0,No,0,Travel_Rarely,2,Near (1-5 mi),4,4 - Very High,1,1 - Low,4,4 - Very High,3,3 - Better,2,3,3 - Excellent,5,4,3-5 Years,3,1,1,2,0,No,0
1408,42,40-49,Female,Married,Human Resources,Manager,4,3,3 - Bachelor,Human Resources,16799,"Executive (>$12,000)",1147,31,16616,14,1,No,0,Travel_Rarely,10,Moderate (6-15 mi),1,1 - Low,3,3 - High,3,3 - High,3,3 - Better,3,3,3 - Excellent,21,20,10+ Years,7,0,9,5,0,No,0
1409,52,50+,Female,Married,Research & Development,Laboratory Technician,1,4,4 - Master,Other,2950,"Low (<$3,500)",258,54,17363,13,0,No,0,Travel_Rarely,8,Moderate (6-15 mi),1,1 - Low,3,3 - High,3,3 - High,1,1 - Bad,3,3,3 - Excellent,12,5,3-5 Years,4,0,4,2,9,No,0
1411,37,30-39,Female,Single,Research & Development,Laboratory Technician,1,3,3 - Bachelor,Medical,3629,"Mid ($3,500 - $7,000)",1462,94,19106,18,0,No,0,Travel_Rarely,11,Moderate (6-15 mi),3,3 - High,1,1 - Low,1,1 - Low,3,3 - Better,3,3,3 - Excellent,8,3,3-5 Years,2,0,2,6,4,No,0
1412,35,30-39,Male,Single,Research & Development,Manufacturing Director,3,2,2 - College,Life Sciences,9362,"High ($7,001 - $12,000)",200,60,19944,11,0,No,0,Travel_Frequently,18,Far (16-25 mi),4,4 - Very High,3,3 - High,3,3 - High,3,3 - Better,3,3,3 - Excellent,10,2,1-2 Years,2,2,2,2,2,No,0
1415,25,Under 30,Male,Married,Research & Development,Laboratory Technician,1,3,3 - Bachelor,Technical Degree,3229,"Low (<$3,500)",949,81,4910,11,1,No,0,Travel_Rarely,1,Near (1-5 mi),4,4 - Very High,1,1 - Low,2,2 - Medium,2,2 - Good,3,3,3 - Excellent,7,3,3-5 Years,2,0,2,2,4,No,0
1417,26,Under 30,Male,Single,Research & Development,Laboratory Technician,1,3,3 - Bachelor,Other,3578,"Mid ($3,500 - $7,000)",652,100,23577,12,0,No,0,Travel_Rarely,7,Moderate (6-15 mi),1,1 - Low,3,3 - High,4,4 - Very High,3,3 - Better,4,3,3 - Excellent,8,7,6-10 Years,7,0,7,2,0,No,0
1419,29,Under 30,Male,Single,Human Resources,Human Resources,3,3,3 - Bachelor,Other,7988,"High ($7,001 - $12,000)",332,51,9769,13,0,No,0,Travel_Rarely,17,Far (16-25 mi),1,1 - Low,2,2 - Medium,1,1 - Low,2,2 - Good,2,3,3 - Excellent,10,10,6-10 Years,9,0,9,3,1,No,0
1420,49,40-49,Male,Single,Research & Development,Laboratory Technician,2,2,2 - College,Life Sciences,4284,"Mid ($3,500 - $7,000)",1475,97,22710,20,0,No,0,Travel_Frequently,28,Very Far (26+ mi),1,1 - Low,1,1 - Low,1,1 - Low,3,3 - Better,2,4,4 - Outstanding,20,4,3-5 Years,3,1,3,2,3,Yes,1
1421,29,Under 30,Female,Single,Research & Development,Healthcare Representative,3,1,1 - Below College,Other,7553,"High ($7,001 - $12,000)",337,84,22930,12,0,Yes,1,Travel_Frequently,14,Moderate (6-15 mi),4,4 - Very High,3,3 - High,1,1 - Low,3,3 - Better,3,3,3 - Excellent,9,8,6-10 Years,7,7,7,1,0,Yes,1
1422,54,50+,Female,Single,Research & Development,Research Director,4,3,3 - Bachelor,Medical,17328,"Executive (>$12,000)",971,54,5652,19,0,No,0,Travel_Rarely,1,Near (1-5 mi),4,4 - Very High,4,4 - Very High,4,4 - Very High,2,2 - Good,3,3,3 - Excellent,29,20,10+ Years,7,12,7,3,6,No,0
1423,58,50+,Female,Married,Research & Development,Research Director,5,3,3 - Bachelor,Medical,19701,"Executive (>$12,000)",1055,76,22456,21,1,Yes,1,Travel_Rarely,1,Near (1-5 mi),1,1 - Low,4,4 - Very High,3,3 - High,3,3 - Better,3,4,4 - Outstanding,32,9,6-10 Years,8,1,5,3,3,No,0
1424,55,50+,Male,Divorced,Research & Development,Research Director,4,4,4 - Master,Medical,14732,"Executive (>$12,000)",1136,81,12414,13,2,No,0,Travel_Rarely,1,Near (1-5 mi),4,4 - Very High,2,2 - Medium,4,4 - Very High,4,4 - Best,4,3,3 - Excellent,31,7,6-10 Years,7,0,0,4,2,No,0
1425,36,30-39,Female,Single,Sales,Sales Executive,2,4,4 - Master,Marketing,9278,"High ($7,001 - $12,000)",1174,99,20763,16,0,Yes,1,Travel_Rarely,3,Near (1-5 mi),2,2 - Medium,1,1 - Low,4,4 - Very High,3,3 - Better,3,3,3 - Excellent,15,5,3-5 Years,4,0,1,3,3,No,0
1427,31,30-39,Female,Single,Sales,Sales Representative,1,4,4 - Master,Life Sciences,1359,"Low (<$3,500)",667,50,16154,12,0,No,0,Travel_Frequently,1,Near (1-5 mi),3,3 - High,2,2 - Medium,2,2 - Medium,3,3 - Better,1,3,3 - Excellent,1,1,1-2 Years,0,0,0,3,1,Yes,1
1428,30,30-39,Female,Divorced,Sales,Sales Executive,2,4,4 - Master,Marketing,4779,"Mid ($3,500 - $7,000)",855,73,12761,14,2,No,0,Travel_Rarely,7,Moderate (6-15 mi),1,1 - Low,4,4 - Very High,2,2 - Medium,3,3 - Better,3,3,3 - Excellent,8,3,3-5 Years,2,0,2,3,7,No,0
1430,31,30-39,Female,Single,Research & Development,Research Director,4,5,5 - Doctor,Life Sciences,16422,"Executive (>$12,000)",182,93,8847,11,0,No,0,Travel_Rarely,8,Moderate (6-15 mi),2,2 - Medium,1,1 - Low,3,3 - High,4,4 - Best,3,3,3 - Excellent,9,3,3-5 Years,2,1,0,3,3,No,0
1431,34,30-39,Male,Divorced,Research & Development,Research Scientist,1,4,4 - Master,Other,2996,"Low (<$3,500)",560,91,20284,14,2,No,0,Travel_Frequently,1,Near (1-5 mi),1,1 - Low,4,4 - Very High,3,3 - High,3,3 - Better,3,3,3 - Excellent,10,4,3-5 Years,3,1,3,2,5,No,0
1433,31,30-39,Female,Single,Research & Development,Research Scientist,1,3,3 - Bachelor,Life Sciences,1261,"Low (<$3,500)",202,34,22262,12,0,No,0,Travel_Rarely,8,Moderate (6-15 mi),2,2 - Medium,1,1 - Low,3,3 - High,4,4 - Best,2,3,3 - Excellent,1,1,1-2 Years,0,0,0,3,1,Yes,1
1434,27,Under 30,Male,Married,Research & Development,Laboratory Technician,1,1,1 - Below College,Life Sciences,2099,"Low (<$3,500)",1377,91,7679,14,0,No,0,Travel_Rarely,11,Moderate (6-15 mi),1,1 - Low,2,2 - Medium,2,2 - Medium,4,4 - Best,3,3,3 - Excellent,6,5,3-5 Years,0,1,4,3,0,No,0
1435,36,30-39,Male,Single,Research & Development,Laboratory Technician,2,4,4 - Master,Life Sciences,5810,"Mid ($3,500 - $7,000)",172,37,22604,16,0,No,0,Travel_Rarely,4,Near (1-5 mi),4,4 - Very High,1,1 - Low,3,3 - High,2,2 - Good,2,3,3 - Excellent,10,10,6-10 Years,4,1,8,2,1,No,0
1436,36,30-39,Female,Married,Sales,Sales Executive,2,4,4 - Master,Marketing,5647,"Mid ($3,500 - $7,000)",329,98,13494,13,2,No,0,Travel_Rarely,16,Far (16-25 mi),1,1 - Low,3,3 - High,1,1 - Low,2,2 - Good,2,3,3 - Excellent,11,3,3-5 Years,2,0,2,3,4,No,0
1438,47,40-49,Male,Married,Research & Development,Research Scientist,1,3,3 - Bachelor,Technical Degree,3420,"Low (<$3,500)",465,74,10205,12,1,No,0,Travel_Rarely,1,Near (1-5 mi),4,4 - Very High,1,1 - Low,3,3 - High,2,2 - Good,3,3,3 - Excellent,17,6,6-10 Years,5,1,2,2,7,No,0
1439,25,Under 30,Male,Married,Sales,Sales Representative,1,2,2 - College,Life Sciences,4400,"Mid ($3,500 - $7,000)",383,68,15182,12,0,No,0,Travel_Rarely,9,Moderate (6-15 mi),1,1 - Low,1,1 - Low,1,1 - Low,3,3 - Better,2,3,3 - Excellent,6,3,3-5 Years,2,2,2,2,3,Yes,1
1440,37,30-39,Male,Single,Research & Development,Laboratory Technician,1,2,2 - College,Technical Degree,3500,"Mid ($3,500 - $7,000)",1413,84,25470,14,0,No,0,Non-Travel,5,Near (1-5 mi),3,3 - High,3,3 - High,1,1 - Low,1,1 - Bad,4,3,3 - Excellent,7,6,6-10 Years,5,1,3,2,0,No,0
1441,56,50+,Female,Married,Research & Development,Research Scientist,1,2,2 - College,Life Sciences,2066,"Low (<$3,500)",1255,90,10494,22,1,No,0,Travel_Rarely,1,Near (1-5 mi),1,1 - Low,1,1 - Low,4,4 - Very High,4,4 - Best,3,4,4 - Outstanding,5,3,3-5 Years,2,1,0,3,2,No,0
1443,47,40-49,Female,Married,Research & Development,Research Director,4,4,4 - Master,Medical,17169,"Executive (>$12,000)",359,82,26703,19,2,No,0,Travel_Rarely,2,Near (1-5 mi),3,3 - High,1,1 - Low,2,2 - Medium,4,4 - Best,3,3,3 - Excellent,26,20,10+ Years,17,5,6,2,3,No,0
1445,24,Under 30,Female,Married,Sales,Sales Executive,2,1,1 - Below College,Medical,4162,"Mid ($3,500 - $7,000)",1476,42,15211,12,2,Yes,1,Travel_Rarely,4,Near (1-5 mi),3,3 - High,4,4 - Very High,3,3 - High,3,3 - Better,3,3,3 - Excellent,5,5,3-5 Years,4,0,3,3,1,No,0
1446,32,30-39,Male,Married,Sales,Sales Executive,2,5,5 - Doctor,Marketing,9204,"High ($7,001 - $12,000)",601,97,23343,12,1,No,0,Travel_Rarely,7,Moderate (6-15 mi),4,4 - Very High,4,4 - Very High,3,3 - High,2,2 - Good,3,3,3 - Excellent,7,4,3-5 Years,3,0,3,3,4,No,0
1447,34,30-39,Female,Married,Research & Development,Laboratory Technician,1,3,3 - Bachelor,Life Sciences,3294,"Low (<$3,500)",401,86,3708,17,1,No,0,Travel_Rarely,1,Near (1-5 mi),2,2 - Medium,4,4 - Very High,1,1 - Low,2,2 - Good,2,3,3 - Excellent,7,5,3-5 Years,4,0,2,2,5,No,0
1448,41,40-49,Male,Married,Research & Development,Research Scientist,1,5,5 - Doctor,Medical,2127,"Low (<$3,500)",1283,90,5561,12,0,Yes,1,Travel_Rarely,5,Near (1-5 mi),3,3 - High,2,2 - Medium,1,1 - Low,2,2 - Good,4,3,3 - Excellent,7,4,3-5 Years,2,0,3,5,2,No,0
1449,40,40-49,Male,Divorced,Research & Development,Laboratory Technician,2,4,4 - Master,Other,3975,"Mid ($3,500 - $7,000)",663,81,23099,11,2,No,0,Non-Travel,9,Moderate (6-15 mi),3,3 - High,3,3 - High,3,3 - High,4,4 - Best,3,3,3 - Excellent,11,8,6-10 Years,7,0,7,2,3,No,0
1453,31,30-39,Male,Divorced,Sales,Sales Executive,3,2,2 - College,Life Sciences,10793,"High ($7,001 - $12,000)",326,31,8386,18,1,No,0,Travel_Rarely,8,Moderate (6-15 mi),4,4 - Very High,1,1 - Low,1,1 - Low,3,3 - Better,3,3,3 - Excellent,13,13,10+ Years,7,9,9,5,1,No,0
1457,46,40-49,Male,Divorced,Sales,Sales Executive,3,3,3 - Bachelor,Marketing,10096,"High ($7,001 - $12,000)",377,52,15986,11,1,No,0,Travel_Rarely,9,Moderate (6-15 mi),4,4 - Very High,1,1 - Low,1,1 - Low,4,4 - Best,3,3,3 - Excellent,28,7,6-10 Years,7,4,3,1,4,Yes,1
1458,39,30-39,Female,Single,Research & Development,Laboratory Technician,1,3,3 - Bachelor,Life Sciences,3646,"Mid ($3,500 - $7,000)",592,54,17181,23,0,Yes,1,Non-Travel,2,Near (1-5 mi),1,1 - Low,1,1 - Low,2,2 - Medium,4,4 - Best,2,4,4 - Outstanding,11,1,1-2 Years,0,0,0,2,2,Yes,1
1459,31,30-39,Female,Single,Research & Development,Manufacturing Director,3,5,5 - Doctor,Life Sciences,7446,"High ($7,001 - $12,000)",1445,100,8931,11,0,No,0,Travel_Frequently,1,Near (1-5 mi),2,2 - Medium,3,3 - High,1,1 - Low,3,3 - Better,4,3,3 - Excellent,10,10,6-10 Years,8,4,7,2,1,Yes,1
1460,45,40-49,Male,Divorced,Research & Development,Healthcare Representative,3,3,3 - Bachelor,Medical,10851,"High ($7,001 - $12,000)",1038,95,19863,18,1,Yes,1,Travel_Rarely,20,Far (16-25 mi),1,1 - Low,2,2 - Medium,2,2 - Medium,3,3 - Better,1,3,3 - Excellent,24,7,6-10 Years,7,0,7,2,2,No,0
1461,31,30-39,Female,Single,Human Resources,Human Resources,1,2,2 - College,Medical,2109,"Low (<$3,500)",1398,96,24609,18,0,No,0,Travel_Rarely,8,Moderate (6-15 mi),2,2 - Medium,4,4 - Very High,4,4 - Very High,3,3 - Better,4,3,3 - Excellent,8,3,3-5 Years,2,0,2,3,9,No,0
1464,31,30-39,Male,Married,Research & Development,Laboratory Technician,1,3,3 - Bachelor,Life Sciences,3722,"Mid ($3,500 - $7,000)",523,94,21081,13,1,Yes,1,Travel_Frequently,2,Near (1-5 mi),4,4 - Very High,2,2 - Medium,3,3 - High,1,1 - Bad,3,3,3 - Excellent,7,2,1-2 Years,2,2,2,2,6,Yes,1
1465,45,40-49,Male,Married,Research & Development,Manufacturing Director,3,3,3 - Bachelor,Technical Degree,9380,"High ($7,001 - $12,000)",1448,55,14720,18,2,Yes,1,Travel_Rarely,29,Very Far (26+ mi),4,4 - Very High,2,2 - Medium,4,4 - Very High,4,4 - Best,3,3,3 - Excellent,10,3,3-5 Years,1,1,2,4,4,No,0
1466,48,40-49,Male,Divorced,Sales,Sales Executive,2,3,3 - Bachelor,Marketing,5486,"Mid ($3,500 - $7,000)",1221,96,24795,11,3,No,0,Travel_Rarely,7,Moderate (6-15 mi),1,1 - Low,3,3 - High,1,1 - Low,3,3 - Better,3,3,3 - Excellent,15,2,1-2 Years,2,2,2,3,4,No,0
1467,34,30-39,Female,Married,Human Resources,Human Resources,1,4,4 - Master,Technical Degree,2742,"Low (<$3,500)",1107,52,3072,15,0,No,0,Travel_Rarely,9,Moderate (6-15 mi),3,3 - High,1,1 - Low,4,4 - Very High,3,3 - Better,3,3,3 - Excellent,2,2,1-2 Years,2,2,2,0,1,Yes,1
1468,40,40-49,Male,Divorced,Research & Development,Research Director,3,1,1 - Below College,Medical,13757,"Executive (>$12,000)",218,55,25178,11,1,No,0,Non-Travel,8,Moderate (6-15 mi),2,2 - Medium,4,4 - Very High,3,3 - High,3,3 - Better,2,3,3 - Excellent,16,9,6-10 Years,8,4,8,5,2,No,0
1469,28,Under 30,Male,Single,Sales,Sales Executive,2,3,3 - Bachelor,Medical,8463,"High ($7,001 - $12,000)",866,84,23490,18,0,No,0,Travel_Rarely,5,Near (1-5 mi),1,1 - Low,4,4 - Very High,4,4 - Very High,3,3 - Better,3,3,3 - Excellent,6,5,3-5 Years,4,1,3,4,0,No,0
1471,44,40-49,Male,Single,Research & Development,Laboratory Technician,1,3,3 - Bachelor,Life Sciences,3162,"Low (<$3,500)",981,90,7973,14,0,No,0,Non-Travel,5,Near (1-5 mi),3,3 - High,3,3 - High,4,4 - Very High,3,3 - Better,2,3,3 - Excellent,7,5,3-5 Years,2,0,3,5,3,No,0
1472,53,50+,Male,Single,Research & Development,Research Director,4,3,3 - Bachelor,Medical,16598,"Executive (>$12,000)",447,39,19764,12,0,No,0,Travel_Rarely,2,Near (1-5 mi),2,2 - Medium,4,4 - Very High,2,2 - Medium,2,2 - Good,4,3,3 - Excellent,35,9,6-10 Years,8,8,8,2,4,No,0
1473,49,40-49,Male,Married,Research & Development,Healthcare Representative,2,4,4 - Master,Technical Degree,6651,"Mid ($3,500 - $7,000)",1495,96,21534,14,1,No,0,Travel_Rarely,5,Near (1-5 mi),3,3 - High,1,1 - Low,2,2 - Medium,2,2 - Good,3,3,3 - Excellent,20,3,3-5 Years,2,1,2,0,2,No,0
1474,40,40-49,Male,Divorced,Research & Development,Research Scientist,1,3,3 - Bachelor,Medical,2345,"Low (<$3,500)",896,68,8045,14,1,No,0,Travel_Rarely,2,Near (1-5 mi),3,3 - High,3,3 - High,3,3 - High,4,4 - Best,3,3,3 - Excellent,8,3,3-5 Years,1,1,2,3,2,No,0
1475,44,40-49,Male,Single,Research & Development,Research Scientist,1,3,3 - Bachelor,Life Sciences,3420,"Low (<$3,500)",1467,49,21158,13,0,No,0,Travel_Rarely,20,Far (16-25 mi),2,2 - Medium,4,4 - Very High,3,3 - High,2,2 - Good,3,3,3 - Excellent,6,5,3-5 Years,2,1,3,3,1,No,0
1477,33,30-39,Male,Married,Sales,Sales Executive,2,3,3 - Bachelor,Medical,4373,"Mid ($3,500 - $7,000)",430,54,17456,14,2,No,0,Travel_Frequently,7,Moderate (6-15 mi),1,1 - Low,4,4 - Very High,1,1 - Low,3,3 - Better,3,3,3 - Excellent,5,4,3-5 Years,3,0,3,2,0,No,0
1478,34,30-39,Male,Single,Sales,Sales Executive,2,3,3 - Bachelor,Other,4759,"Mid ($3,500 - $7,000)",1326,81,15891,18,0,No,0,Travel_Rarely,3,Near (1-5 mi),1,1 - Low,4,4 - Very High,4,4 - Very High,3,3 - Better,1,3,3 - Excellent,15,13,10+ Years,9,3,12,2,3,No,0
1479,30,30-39,Male,Married,Sales,Sales Executive,2,1,1 - Below College,Life Sciences,5301,"Mid ($3,500 - $7,000)",1358,96,2939,15,2,No,0,Travel_Rarely,16,Far (16-25 mi),3,3 - High,4,4 - Very High,3,3 - High,2,2 - Good,3,3,3 - Excellent,4,2,1-2 Years,1,2,2,2,8,No,0
1480,42,40-49,Female,Single,Research & Development,Laboratory Technician,1,2,2 - College,Medical,3673,"Mid ($3,500 - $7,000)",748,74,16458,13,0,No,0,Travel_Frequently,9,Moderate (6-15 mi),4,4 - Very High,1,1 - Low,3,3 - High,3,3 - Better,3,3,3 - Excellent,12,12,10+ Years,9,5,8,3,1,No,0
1481,44,40-49,Female,Married,Sales,Sales Executive,2,5,5 - Doctor,Marketing,4768,"Mid ($3,500 - $7,000)",383,79,9282,12,1,No,0,Travel_Frequently,1,Near (1-5 mi),3,3 - High,1,1 - Low,3,3 - High,2,2 - Good,3,3,3 - Excellent,11,1,1-2 Years,0,0,0,4,7,No,0
1482,30,30-39,Male,Divorced,Research & Development,Research Scientist,1,3,3 - Bachelor,Technical Degree,1274,"Low (<$3,500)",990,64,7152,13,2,No,0,Non-Travel,7,Moderate (6-15 mi),3,3 - High,3,3 - High,2,2 - Medium,2,2 - Good,3,3,3 - Excellent,1,1,1-2 Years,0,0,0,2,1,No,0
1483,57,50+,Male,Married,Research & Development,Research Scientist,2,2,2 - College,Life Sciences,4900,"Mid ($3,500 - $7,000)",405,93,2721,24,1,No,0,Travel_Rarely,1,Near (1-5 mi),3,3 - High,2,2 - Medium,1,1 - Low,2,2 - Good,4,4,4 - Outstanding,13,12,10+ Years,9,2,8,2,0,No,0
1484,49,40-49,Male,Divorced,Research & Development,Healthcare Representative,3,4,4 - Master,Life Sciences,10466,"High ($7,001 - $12,000)",1490,35,20948,14,2,No,0,Travel_Rarely,7,Moderate (6-15 mi),2,2 - Medium,3,3 - High,2,2 - Medium,3,3 - Better,3,3,3 - Excellent,29,8,6-10 Years,7,0,7,3,3,No,0
1485,34,30-39,Male,Divorced,Research & Development,Research Director,4,3,3 - Bachelor,Medical,17007,"Executive (>$12,000)",829,71,11929,14,2,No,0,Travel_Frequently,15,Moderate (6-15 mi),1,1 - Low,2,2 - Medium,4,4 - Very High,2,2 - Good,3,3,3 - Excellent,16,14,10+ Years,8,6,9,3,7,No,0
1486,28,Under 30,Male,Married,Sales,Sales Representative,1,3,3 - Bachelor,Technical Degree,2909,"Low (<$3,500)",1496,92,15747,15,1,No,0,Travel_Frequently,1,Near (1-5 mi),3,3 - High,1,1 - Low,4,4 - Very High,4,4 - Best,3,3,3 - Excellent,5,3,3-5 Years,2,1,2,3,3,Yes,1
1487,29,Under 30,Female,Single,Sales,Sales Executive,2,3,3 - Bachelor,Technical Degree,5765,"Mid ($3,500 - $7,000)",115,51,17485,11,0,No,0,Travel_Frequently,13,Moderate (6-15 mi),2,2 - Medium,1,1 - Low,1,1 - Low,1,1 - Bad,3,3,3 - Excellent,7,5,3-5 Years,3,0,0,4,5,Yes,1
1489,34,30-39,Female,Single,Sales,Sales Executive,2,4,4 - Master,Medical,4599,"Mid ($3,500 - $7,000)",790,40,7815,23,0,Yes,1,Travel_Rarely,24,Far (16-25 mi),2,2 - Medium,1,1 - Low,3,3 - High,4,4 - Best,2,4,4 - Outstanding,16,15,10+ Years,9,10,10,2,0,Yes,1
1492,35,30-39,Male,Married,Sales,Sales Representative,1,1,1 - Below College,Life Sciences,2404,"Low (<$3,500)",660,76,16192,13,1,No,0,Travel_Rarely,7,Moderate (6-15 mi),3,3 - High,4,4 - Very High,1,1 - Low,3,3 - Better,3,3,3 - Excellent,1,1,1-2 Years,0,0,0,3,1,No,0
1494,24,Under 30,Male,Single,Research & Development,Laboratory Technician,1,3,3 - Bachelor,Medical,3172,"Low (<$3,500)",381,89,16998,11,0,Yes,1,Travel_Frequently,9,Moderate (6-15 mi),1,1 - Low,2,2 - Medium,3,3 - High,2,2 - Good,3,3,3 - Excellent,4,0,< 1 Year,0,0,0,2,2,Yes,1
1495,24,Under 30,Female,Married,Sales,Sales Representative,1,2,2 - College,Life Sciences,2033,"Low (<$3,500)",830,78,7103,13,1,No,0,Non-Travel,13,Moderate (6-15 mi),2,2 - Medium,4,4 - Very High,3,3 - High,3,3 - Better,3,3,3 - Excellent,1,1,1-2 Years,0,0,0,2,1,No,0
1496,44,40-49,Male,Single,Research & Development,Manufacturing Director,3,1,1 - Below College,Medical,10209,"High ($7,001 - $12,000)",1193,86,19719,18,0,Yes,1,Travel_Frequently,2,Near (1-5 mi),3,3 - High,2,2 - Medium,2,2 - Medium,2,2 - Good,3,3,3 - Excellent,16,2,1-2 Years,2,2,2,2,5,No,0
1497,29,Under 30,Male,Divorced,Sales,Sales Executive,2,3,3 - Bachelor,Life Sciences,8620,"High ($7,001 - $12,000)",1246,77,23757,14,2,No,0,Travel_Rarely,19,Far (16-25 mi),3,3 - High,3,3 - High,3,3 - High,3,3 - Better,2,3,3 - Excellent,10,10,6-10 Years,7,0,4,3,1,No,0
1499,30,30-39,Male,Divorced,Human Resources,Human Resources,1,3,3 - Bachelor,Life Sciences,2064,"Low (<$3,500)",330,46,15428,21,1,No,0,Travel_Rarely,1,Near (1-5 mi),3,3 - High,3,3 - High,1,1 - Low,4,4 - Best,3,4,4 - Outstanding,6,5,3-5 Years,3,1,3,3,0,No,0
1501,55,50+,Male,Married,Research & Development,Healthcare Representative,2,4,4 - Master,Life Sciences,4035,"Mid ($3,500 - $7,000)",1229,30,16143,16,0,Yes,1,Travel_Rarely,4,Near (1-5 mi),3,3 - High,4,4 - Very High,2,2 - Medium,3,3 - Better,3,3,3 - Excellent,4,3,3-5 Years,2,1,2,2,0,No,0
1502,33,30-39,Female,Married,Research & Development,Laboratory Technician,1,4,4 - Master,Medical,3838,"Mid ($3,500 - $7,000)",1099,82,8192,11,0,No,0,Travel_Rarely,4,Near (1-5 mi),2,2 - Medium,1,1 - Low,4,4 - Very High,3,3 - Better,2,3,3 - Excellent,8,5,3-5 Years,4,0,2,5,8,No,0
1503,47,40-49,Female,Married,Sales,Sales Executive,2,3,3 - Bachelor,Medical,4591,"Mid ($3,500 - $7,000)",571,78,24200,17,1,Yes,1,Travel_Rarely,14,Moderate (6-15 mi),3,3 - High,3,3 - High,3,3 - High,2,2 - Good,3,3,3 - Excellent,11,5,3-5 Years,4,1,2,4,3,No,0
1504,28,Under 30,Male,Single,Research & Development,Laboratory Technician,1,2,2 - College,Medical,2561,"Low (<$3,500)",289,38,5355,11,0,No,0,Travel_Frequently,2,Near (1-5 mi),1,1 - Low,3,3 - High,3,3 - High,2,2 - Good,2,3,3 - Excellent,8,0,< 1 Year,0,0,0,2,7,Yes,1
1506,28,Under 30,Male,Divorced,Research & Development,Research Scientist,1,3,3 - Bachelor,Life Sciences,1563,"Low (<$3,500)",1423,72,12530,14,1,No,0,Travel_Rarely,1,Near (1-5 mi),3,3 - High,1,1 - Low,4,4 - Very High,1,1 - Bad,2,3,3 - Excellent,1,1,1-2 Years,0,0,0,2,1,No,0
1507,28,Under 30,Male,Single,Sales,Sales Executive,2,3,3 - Bachelor,Life Sciences,4898,"Mid ($3,500 - $7,000)",467,55,11827,14,0,No,0,Travel_Frequently,7,Moderate (6-15 mi),1,1 - Low,3,3 - High,4,4 - Very High,3,3 - Better,3,3,3 - Excellent,5,4,3-5 Years,2,1,3,5,0,No,0
1509,49,40-49,Female,Married,Research & Development,Laboratory Technician,2,2,2 - College,Medical,4789,"Mid ($3,500 - $7,000)",271,43,23070,25,1,No,0,Travel_Rarely,3,Near (1-5 mi),1,1 - Low,3,3 - High,1,1 - Low,3,3 - Better,2,4,4 - Outstanding,10,3,3-5 Years,2,1,2,3,4,No,0
1513,29,Under 30,Female,Married,Research & Development,Laboratory Technician,1,1,1 - Below College,Life Sciences,3180,"Low (<$3,500)",410,97,4668,13,3,No,0,Travel_Frequently,2,Near (1-5 mi),2,2 - Medium,4,4 - Very High,3,3 - High,3,3 - Better,3,3,3 - Excellent,4,3,3-5 Years,2,0,2,3,0,No,0
1514,28,Under 30,Male,Married,Research & Development,Manufacturing Director,2,1,1 - Below College,Life Sciences,6549,"Mid ($3,500 - $7,000)",1083,96,3173,14,2,No,0,Travel_Rarely,29,Very Far (26+ mi),2,2 - Medium,3,3 - High,2,2 - Medium,2,2 - Good,1,3,3 - Excellent,8,8,6-10 Years,6,1,7,2,1,No,0
1515,33,30-39,Male,Single,Research & Development,Healthcare Representative,2,5,5 - Doctor,Life Sciences,6388,"Mid ($3,500 - $7,000)",516,69,22049,17,0,Yes,1,Travel_Rarely,8,Moderate (6-15 mi),3,3 - High,4,4 - Very High,1,1 - Low,3,3 - Better,3,3,3 - Excellent,14,0,< 1 Year,0,0,0,6,2,No,0
1516,32,30-39,Male,Single,Research & Development,Manager,3,3,3 - Bachelor,Medical,11244,"High ($7,001 - $12,000)",495,64,21072,25,0,No,0,Travel_Rarely,10,Moderate (6-15 mi),4,4 - Very High,3,3 - High,2,2 - Medium,4,4 - Best,3,4,4 - Outstanding,10,5,3-5 Years,2,0,0,5,2,No,0
1520,54,50+,Female,Divorced,Research & Development,Manager,4,4,4 - Master,Medical,16032,"Executive (>$12,000)",1050,87,24456,20,1,No,0,Travel_Frequently,11,Moderate (6-15 mi),4,4 - Very High,2,2 - Medium,1,1 - Low,3,3 - Better,3,4,4 - Outstanding,26,14,10+ Years,9,1,12,2,3,No,0
1522,29,Under 30,Male,Single,Research & Development,Research Scientist,1,4,4 - Master,Technical Degree,2362,"Low (<$3,500)",224,100,7568,13,0,No,0,Travel_Rarely,1,Near (1-5 mi),1,1 - Low,1,1 - Low,3,3 - High,1,1 - Bad,2,3,3 - Excellent,11,9,6-10 Years,7,0,7,2,6,Yes,1
1523,44,40-49,Male,Married,Research & Development,Research Director,4,3,3 - Bachelor,Life Sciences,16328,"Executive (>$12,000)",136,32,22074,13,1,No,0,Travel_Rarely,28,Very Far (26+ mi),1,1 - Low,4,4 - Very High,3,3 - High,4,4 - Best,3,3,3 - Excellent,24,20,10+ Years,6,14,17,1,3,No,0
1525,39,30-39,Female,Single,Research & Development,Manufacturing Director,3,3,3 - Bachelor,Life Sciences,8376,"High ($7,001 - $12,000)",1089,32,9150,18,0,No,0,Travel_Rarely,6,Moderate (6-15 mi),2,2 - Medium,2,2 - Medium,4,4 - Very High,3,3 - Better,3,3,3 - Excellent,9,2,1-2 Years,0,2,2,3,4,No,0
1527,46,40-49,Female,Married,Sales,Manager,4,3,3 - Bachelor,Life Sciences,16606,"Executive (>$12,000)",228,51,11380,12,1,No,0,Travel_Rarely,3,Near (1-5 mi),2,2 - Medium,3,3 - High,4,4 - Very High,4,4 - Best,3,3,3 - Excellent,23,13,10+ Years,12,5,1,2,8,No,0
1529,35,30-39,Female,Single,Research & Development,Healthcare Representative,3,3,3 - Bachelor,Life Sciences,8606,"High ($7,001 - $12,000)",1029,91,21195,19,0,No,0,Travel_Rarely,16,Far (16-25 mi),2,2 - Medium,4,4 - Very High,4,4 - Very High,1,1 - Bad,2,3,3 - Excellent,11,11,10+ Years,8,3,3,3,1,No,0
1533,23,Under 30,Male,Single,Research & Development,Laboratory Technician,2,1,1 - Below College,Life Sciences,2272,"Low (<$3,500)",507,97,24812,14,0,No,0,Travel_Rarely,20,Far (16-25 mi),3,3 - High,1,1 - Low,2,2 - Medium,3,3 - Better,3,3,3 - Excellent,5,4,3-5 Years,3,1,2,2,0,No,0
1534,40,40-49,Male,Single,Research & Development,Laboratory Technician,1,4,4 - Master,Life Sciences,2018,"Low (<$3,500)",676,86,21831,14,0,No,0,Travel_Rarely,9,Moderate (6-15 mi),1,1 - Low,4,4 - Very High,2,2 - Medium,1,1 - Bad,3,3,3 - Excellent,15,5,3-5 Years,4,1,0,3,3,Yes,1
1535,34,30-39,Male,Married,Sales,Sales Executive,3,3,3 - Bachelor,Technical Degree,7083,"High ($7,001 - $12,000)",971,64,12288,14,0,Yes,1,Travel_Rarely,1,Near (1-5 mi),3,3 - High,4,4 - Very High,4,4 - Very High,3,3 - Better,2,3,3 - Excellent,10,10,6-10 Years,9,8,6,3,1,No,0
1537,31,30-39,Female,Single,Research & Development,Research Scientist,1,3,3 - Bachelor,Life Sciences,4084,"Mid ($3,500 - $7,000)",561,33,4156,12,0,No,0,Travel_Frequently,3,Near (1-5 mi),3,3 - High,4,4 - Very High,1,1 - Low,1,1 - Bad,3,3,3 - Excellent,7,7,6-10 Years,2,7,7,2,1,Yes,1
1539,50,50+,Male,Single,Research & Development,Research Director,4,5,5 - Doctor,Medical,14411,"Executive (>$12,000)",333,88,24450,13,0,Yes,1,Travel_Frequently,22,Far (16-25 mi),4,4 - Very High,3,3 - High,4,4 - Very High,3,3 - Better,1,3,3 - Excellent,32,32,10+ Years,6,13,9,2,1,No,0
1541,34,30-39,Male,Married,Sales,Sales Representative,1,2,2 - College,Technical Degree,2308,"Low (<$3,500)",1440,55,4944,25,1,Yes,1,Travel_Rarely,7,Moderate (6-15 mi),3,3 - High,2,2 - Medium,2,2 - Medium,3,3 - Better,3,4,4 - Outstanding,12,11,10+ Years,10,5,7,4,0,No,0
1542,42,40-49,Male,Married,Research & Development,Laboratory Technician,1,3,3 - Bachelor,Medical,4841,"Mid ($3,500 - $7,000)",1210,68,24052,14,1,No,0,Travel_Rarely,2,Near (1-5 mi),2,2 - Medium,3,3 - High,2,2 - Medium,3,3 - Better,2,3,3 - Excellent,4,1,1-2 Years,0,0,0,3,4,No,0
1543,37,30-39,Male,Married,Research & Development,Research Scientist,2,3,3 - Bachelor,Medical,4285,"Mid ($3,500 - $7,000)",674,47,3031,17,0,No,0,Travel_Rarely,13,Moderate (6-15 mi),4,4 - Very High,1,1 - Low,1,1 - Low,3,3 - Better,3,3,3 - Excellent,10,10,6-10 Years,8,3,7,2,1,No,0
1544,29,Under 30,Female,Married,Research & Development,Healthcare Representative,2,1,1 - Below College,Other,9715,"High ($7,001 - $12,000)",441,39,7288,13,1,No,0,Travel_Rarely,8,Moderate (6-15 mi),1,1 - Low,3,3 - High,3,3 - High,3,3 - Better,1,3,3 - Excellent,9,7,6-10 Years,7,0,7,3,3,No,0
1545,33,30-39,Male,Single,Research & Development,Manufacturing Director,2,3,3 - Bachelor,Life Sciences,4320,"Mid ($3,500 - $7,000)",575,44,24152,13,0,No,0,Travel_Rarely,25,Far (16-25 mi),2,2 - Medium,4,4 - Very High,4,4 - Very High,3,3 - Better,2,3,3 - Excellent,5,5,3-5 Years,3,0,2,2,1,No,0
1546,45,40-49,Male,Married,Research & Development,Research Scientist,1,3,3 - Bachelor,Technical Degree,2132,"Low (<$3,500)",950,97,4585,20,1,No,0,Travel_Rarely,28,Very Far (26+ mi),4,4 - Very High,4,4 - Very High,4,4 - Very High,3,3 - Better,3,4,4 - Outstanding,8,5,3-5 Years,4,0,3,3,4,No,0
1547,42,40-49,Male,Married,Research & Development,Healthcare Representative,3,3,3 - Bachelor,Life Sciences,10124,"High ($7,001 - $12,000)",288,40,18611,14,1,Yes,1,Travel_Frequently,2,Near (1-5 mi),4,4 - Very High,4,4 - Very High,3,3 - High,1,1 - Bad,3,3,3 - Excellent,24,20,10+ Years,8,13,9,3,2,No,0
1548,40,40-49,Male,Married,Sales,Sales Executive,2,2,2 - College,Medical,5473,"Mid ($3,500 - $7,000)",1342,47,19345,12,0,No,0,Travel_Rarely,9,Moderate (6-15 mi),1,1 - Low,1,1 - Low,4,4 - Very High,4,4 - Best,3,3,3 - Excellent,9,8,6-10 Years,4,7,1,5,0,No,0
1549,33,30-39,Male,Married,Research & Development,Laboratory Technician,2,4,4 - Master,Life Sciences,5207,"Mid ($3,500 - $7,000)",589,79,22949,12,1,Yes,1,Travel_Rarely,28,Very Far (26+ mi),3,3 - High,2,2 - Medium,2,2 - Medium,3,3 - Better,3,3,3 - Excellent,15,15,10+ Years,14,5,7,3,1,No,0
1550,40,40-49,Male,Single,Human Resources,Manager,4,2,2 - College,Medical,16437,"Executive (>$12,000)",898,38,17381,21,0,Yes,1,Travel_Rarely,6,Moderate (6-15 mi),4,4 - Very High,3,3 - High,4,4 - Very High,3,3 - Better,3,4,4 - Outstanding,21,21,10+ Years,7,7,7,2,1,No,0
1551,24,Under 30,Male,Divorced,Research & Development,Laboratory Technician,1,2,2 - College,Technical Degree,2296,"Low (<$3,500)",350,57,10036,14,3,No,0,Travel_Rarely,21,Far (16-25 mi),1,1 - Low,3,3 - High,2,2 - Medium,3,3 - Better,2,3,3 - Excellent,2,1,1-2 Years,1,0,0,3,0,No,0
1552,40,40-49,Male,Divorced,Research & Development,Healthcare Representative,2,2,2 - College,Life Sciences,4069,"Mid ($3,500 - $7,000)",1142,72,8841,18,0,Yes,1,Non-Travel,8,Moderate (6-15 mi),4,4 - Very High,4,4 - Very High,3,3 - High,3,3 - Better,3,3,3 - Excellent,8,2,1-2 Years,2,2,2,2,3,No,0
1553,45,40-49,Male,Divorced,Research & Development,Healthcare Representative,3,4,4 - Master,Technical Degree,7441,"High ($7,001 - $12,000)",538,66,20933,12,3,No,0,Travel_Rarely,1,Near (1-5 mi),2,2 - Medium,1,1 - Low,1,1 - Low,3,3 - Better,3,3,3 - Excellent,10,10,6-10 Years,8,7,7,4,1,No,0
1554,35,30-39,Female,Married,Sales,Sales Representative,1,4,4 - Master,Life Sciences,2430,"Low (<$3,500)",1402,98,26204,23,2,No,0,Travel_Rarely,28,Very Far (26+ mi),3,3 - High,2,2 - Medium,1,1 - Low,3,3 - Better,2,4,4 - Outstanding,6,5,3-5 Years,3,4,2,5,0,No,0
1555,32,30-39,Female,Married,Research & Development,Research Scientist,2,2,2 - College,Life Sciences,5878,"Mid ($3,500 - $7,000)",824,67,15624,12,1,No,0,Travel_Rarely,5,Near (1-5 mi),2,2 - Medium,4,4 - Very High,1,1 - Low,3,3 - Better,2,3,3 - Excellent,12,7,6-10 Years,1,2,5,2,3,No,0
1556,36,30-39,Male,Single,Sales,Sales Representative,1,4,4 - Master,Life Sciences,2644,"Low (<$3,500)",1157,70,17001,21,0,Yes,1,Travel_Rarely,2,Near (1-5 mi),4,4 - Very High,3,3 - High,4,4 - Very High,2,2 - Good,3,4,4 - Outstanding,7,3,3-5 Years,2,1,2,3,3,No,0
1557,48,40-49,Female,Divorced,Sales,Sales Executive,2,4,4 - Master,Life Sciences,6439,"Mid ($3,500 - $7,000)",492,96,13693,14,1,No,0,Travel_Rarely,16,Far (16-25 mi),3,3 - High,3,3 - High,3,3 - High,3,3 - Better,3,3,3 - Excellent,18,8,6-10 Years,7,7,7,2,8,No,0
1558,29,Under 30,Male,Married,Research & Development,Research Scientist,1,3,3 - Bachelor,Life Sciences,2451,"Low (<$3,500)",598,91,22376,18,2,No,0,Travel_Rarely,9,Moderate (6-15 mi),3,3 - High,3,3 - High,1,1 - Low,2,2 - Good,4,3,3 - Excellent,5,1,1-2 Years,0,0,0,2,6,No,0
1560,33,30-39,Male,Married,Sales,Sales Executive,2,4,4 - Master,Life Sciences,6392,"Mid ($3,500 - $7,000)",1242,46,10589,13,1,No,0,Travel_Rarely,8,Moderate (6-15 mi),1,1 - Low,1,1 - Low,4,4 - Very High,1,1 - Bad,3,3,3 - Excellent,8,2,1-2 Years,2,2,2,6,2,No,0
1562,30,30-39,Male,Married,Sales,Sales Executive,2,3,3 - Bachelor,Life Sciences,9714,"High ($7,001 - $12,000)",740,64,5323,11,1,No,0,Travel_Rarely,1,Near (1-5 mi),1,1 - Low,2,2 - Medium,4,4 - Very High,3,3 - Better,2,3,3 - Excellent,10,10,6-10 Years,8,6,7,4,1,Yes,1
1563,38,30-39,Male,Married,Human Resources,Human Resources,2,4,4 - Master,Human Resources,6077,"Mid ($3,500 - $7,000)",888,71,14814,11,0,No,0,Travel_Frequently,10,Moderate (6-15 mi),3,3 - High,3,3 - High,3,3 - High,3,3 - Better,3,3,3 - Excellent,10,6,6-10 Years,3,1,2,2,3,No,0
1564,35,30-39,Male,Single,Research & Development,Laboratory Technician,1,3,3 - Bachelor,Medical,2450,"Low (<$3,500)",992,68,21731,19,0,No,0,Travel_Rarely,1,Near (1-5 mi),1,1 - Low,4,4 - Very High,2,2 - Medium,3,3 - Better,2,3,3 - Excellent,3,3,3-5 Years,0,1,2,3,1,No,0
1568,30,30-39,Male,Married,Sales,Sales Executive,3,4,4 - Master,Technical Degree,9250,"High ($7,001 - $12,000)",1288,33,17799,12,1,No,0,Travel_Rarely,29,Very Far (26+ mi),2,2 - Medium,3,3 - High,2,2 - Medium,3,3 - Better,3,3,3 - Excellent,9,4,3-5 Years,2,1,3,3,3,No,0
1569,35,30-39,Female,Divorced,Research & Development,Laboratory Technician,1,3,3 - Bachelor,Life Sciences,2074,"Low (<$3,500)",104,69,26619,12,1,Yes,1,Travel_Rarely,2,Near (1-5 mi),1,1 - Low,1,1 - Low,4,4 - Very High,3,3 - Better,3,3,3 - Excellent,1,1,1-2 Years,0,0,0,2,1,Yes,1
1572,53,50+,Female,Married,Research & Development,Manufacturing Director,3,5,5 - Doctor,Technical Degree,10169,"High ($7,001 - $12,000)",607,78,14618,16,1,No,0,Travel_Rarely,2,Near (1-5 mi),4,4 - Very High,3,3 - High,2,2 - Medium,3,3 - Better,2,3,3 - Excellent,34,33,10+ Years,7,1,9,4,0,Yes,1
1573,38,30-39,Male,Married,Research & Development,Manufacturing Director,2,3,3 - Bachelor,Medical,4855,"Mid ($3,500 - $7,000)",903,81,7653,11,2,No,0,Travel_Rarely,2,Near (1-5 mi),2,2 - Medium,3,3 - High,1,1 - Low,3,3 - Better,3,3,3 - Excellent,7,5,3-5 Years,2,1,4,2,4,Yes,1
1574,32,30-39,Male,Married,Research & Development,Research Scientist,2,4,4 - Master,Technical Degree,4087,"Mid ($3,500 - $7,000)",1200,62,25174,14,1,No,0,Non-Travel,1,Near (1-5 mi),1,1 - Low,4,4 - Very High,2,2 - Medium,2,2 - Good,3,3,3 - Excellent,9,6,6-10 Years,5,1,2,3,4,No,0
1576,48,40-49,Female,Married,Research & Development,Research Scientist,1,4,4 - Master,Other,2367,"Low (<$3,500)",1108,65,16530,12,1,No,0,Travel_Rarely,15,Moderate (6-15 mi),1,1 - Low,3,3 - High,4,4 - Very High,2,2 - Good,3,3,3 - Excellent,10,8,6-10 Years,2,7,6,3,8,No,0
1577,34,30-39,Male,Single,Research & Development,Research Scientist,1,4,4 - Master,Medical,2972,"Low (<$3,500)",479,35,22061,13,0,No,0,Travel_Rarely,7,Moderate (6-15 mi),4,4 - Very High,1,1 - Low,3,3 - High,1,1 - Bad,3,3,3 - Excellent,1,1,1-2 Years,0,0,0,4,1,No,0
1578,55,50+,Male,Married,Sales,Manager,5,5,5 - Doctor,Marketing,19586,"Executive (>$12,000)",685,60,23037,21,1,No,0,Travel_Rarely,26,Very Far (26+ mi),4,4 - Very High,3,3 - High,3,3 - High,3,3 - Better,2,4,4 - Outstanding,36,36,10+ Years,6,2,13,3,1,No,0
1580,34,30-39,Male,Married,Research & Development,Research Scientist,2,4,4 - Master,Life Sciences,5484,"Mid ($3,500 - $7,000)",1351,45,13008,17,1,No,0,Travel_Rarely,1,Near (1-5 mi),4,4 - Very High,2,2 - Medium,2,2 - Medium,2,2 - Good,3,3,3 - Excellent,9,2,1-2 Years,2,2,1,3,9,No,0
1581,26,Under 30,Female,Married,Research & Development,Research Scientist,1,3,3 - Bachelor,Life Sciences,2061,"Low (<$3,500)",474,89,11133,21,0,No,0,Travel_Rarely,3,Near (1-5 mi),4,4 - Very High,1,1 - Low,1,1 - Low,3,3 - Better,3,4,4 - Outstanding,1,1,1-2 Years,0,0,0,5,1,No,0
1582,38,30-39,Male,Married,Sales,Sales Executive,2,3,3 - Bachelor,Life Sciences,9924,"High ($7,001 - $12,000)",1245,80,12355,11,1,No,0,Travel_Rarely,14,Moderate (6-15 mi),2,2 - Medium,3,3 - High,4,4 - Very High,3,3 - Better,3,3,3 - Excellent,10,9,6-10 Years,8,7,7,3,0,No,0
1583,38,30-39,Female,Single,Sales,Sales Executive,2,3,3 - Bachelor,Life Sciences,4198,"Mid ($3,500 - $7,000)",437,90,16379,12,0,No,0,Travel_Rarely,16,Far (16-25 mi),2,2 - Medium,2,2 - Medium,2,2 - Medium,4,4 - Best,3,3,3 - Excellent,8,3,3-5 Years,2,1,2,5,2,No,0
1585,36,30-39,Female,Single,Sales,Sales Executive,2,4,4 - Master,Life Sciences,6815,"Mid ($3,500 - $7,000)",884,73,21447,13,0,No,0,Travel_Rarely,1,Near (1-5 mi),3,3 - High,2,2 - Medium,1,1 - Low,3,3 - Better,3,3,3 - Excellent,15,1,1-2 Years,0,0,0,5,6,No,0
1586,29,Under 30,Male,Single,Research & Development,Laboratory Technician,1,1,1 - Below College,Medical,4723,"Mid ($3,500 - $7,000)",1370,87,16213,18,0,Yes,1,Travel_Rarely,3,Near (1-5 mi),1,1 - Low,2,2 - Medium,4,4 - Very High,3,3 - Better,3,3,3 - Excellent,10,10,6-10 Years,9,1,5,3,1,No,0
1587,35,30-39,Female,Single,Research & Development,Healthcare Representative,2,4,4 - Master,Medical,6142,"Mid ($3,500 - $7,000)",670,51,4223,16,0,Yes,1,Travel_Rarely,10,Moderate (6-15 mi),3,3 - High,1,1 - Low,3,3 - High,3,3 - Better,3,3,3 - Excellent,10,5,3-5 Years,2,0,4,4,3,No,0
1588,39,30-39,Male,Married,Sales,Sales Executive,3,3,3 - Bachelor,Medical,8237,"High ($7,001 - $12,000)",1462,38,4658,11,1,No,0,Travel_Rarely,6,Moderate (6-15 mi),3,3 - High,4,4 - Very High,1,1 - Low,3,3 - Better,4,3,3 - Excellent,11,7,6-10 Years,6,7,6,3,2,No,0
1590,29,Under 30,Male,Divorced,Research & Development,Healthcare Representative,2,1,1 - Below College,Life Sciences,8853,"High ($7,001 - $12,000)",995,87,24483,19,1,No,0,Travel_Frequently,2,Near (1-5 mi),4,4 - Very High,1,1 - Low,4,4 - Very High,4,4 - Best,3,3,3 - Excellent,6,6,6-10 Years,4,1,3,0,1,No,0
1591,50,50+,Male,Married,Sales,Manager,5,3,3 - Bachelor,Marketing,19331,"Executive (>$12,000)",264,59,19519,16,1,Yes,1,Travel_Rarely,9,Moderate (6-15 mi),3,3 - High,3,3 - High,3,3 - High,3,3 - Better,3,3,3 - Excellent,27,1,1-2 Years,0,0,0,2,4,No,0
1592,23,Under 30,Male,Married,Research & Development,Research Scientist,1,3,3 - Bachelor,Technical Degree,2073,"Low (<$3,500)",977,45,12826,16,1,No,0,Travel_Rarely,10,Moderate (6-15 mi),3,3 - High,4,4 - Very High,4,4 - Very High,3,3 - Better,4,3,3 - Excellent,4,2,1-2 Years,2,2,2,2,2,No,0
1594,36,30-39,Male,Married,Research & Development,Laboratory Technician,2,4,4 - Master,Life Sciences,5562,"Mid ($3,500 - $7,000)",1302,80,19711,13,1,Yes,1,Travel_Frequently,6,Moderate (6-15 mi),1,1 - Low,1,1 - Low,4,4 - Very High,3,3 - Better,4,3,3 - Excellent,9,3,3-5 Years,2,0,2,3,3,No,0
1595,42,40-49,Male,Single,Research & Development,Manager,5,2,2 - College,Other,19613,"Executive (>$12,000)",1059,93,26362,22,0,No,0,Travel_Rarely,9,Moderate (6-15 mi),4,4 - Very High,4,4 - Very High,4,4 - Very High,3,3 - Better,2,4,4 - Outstanding,24,1,1-2 Years,0,0,1,2,8,No,0
1596,35,30-39,Male,Married,Research & Development,Laboratory Technician,2,3,3 - Bachelor,Life Sciences,3407,"Low (<$3,500)",750,46,25348,17,2,No,0,Travel_Rarely,28,Very Far (26+ mi),3,3 - High,2,2 - Medium,4,4 - Very High,2,2 - Good,4,3,3 - Excellent,10,10,6-10 Years,9,6,8,3,1,No,0
1597,34,30-39,Male,Married,Research & Development,Healthcare Representative,2,4,4 - Master,Technical Degree,5063,"Mid ($3,500 - $7,000)",653,92,15332,14,1,No,0,Travel_Frequently,10,Moderate (6-15 mi),3,3 - High,4,4 - Very High,2,2 - Medium,2,2 - Good,2,3,3 - Excellent,8,8,6-10 Years,2,7,7,3,1,No,0
1598,40,40-49,Female,Married,Sales,Sales Executive,2,2,2 - College,Life Sciences,4639,"Mid ($3,500 - $7,000)",118,84,11262,15,1,No,0,Travel_Rarely,14,Moderate (6-15 mi),1,1 - Low,4,4 - Very High,3,3 - High,3,3 - Better,3,3,3 - Excellent,5,5,3-5 Years,4,1,2,2,1,No,0
1599,43,40-49,Male,Divorced,Research & Development,Laboratory Technician,1,3,3 - Bachelor,Technical Degree,4876,"Mid ($3,500 - $7,000)",990,87,5855,12,1,No,0,Travel_Rarely,27,Very Far (26+ mi),2,2 - Medium,4,4 - Very High,3,3 - High,3,3 - Better,4,3,3 - Excellent,8,6,6-10 Years,4,0,2,0,5,No,0
1601,35,30-39,Male,Married,Research & Development,Laboratory Technician,1,2,2 - College,Life Sciences,2690,"Low (<$3,500)",1349,63,7713,18,1,No,0,Travel_Rarely,7,Moderate (6-15 mi),4,4 - Very High,3,3 - High,4,4 - Very High,2,2 - Good,2,3,3 - Excellent,1,1,1-2 Years,0,0,1,5,1,No,0
1602,46,40-49,Male,Single,Sales,Manager,4,4,4 - Master,Life Sciences,17567,"Executive (>$12,000)",563,56,3156,15,0,No,0,Travel_Rarely,1,Near (1-5 mi),1,1 - Low,4,4 - Very High,2,2 - Medium,1,1 - Bad,4,3,3 - Excellent,27,26,10+ Years,0,0,12,5,1,No,0
1604,28,Under 30,Male,Married,Research & Development,Laboratory Technician,1,3,3 - Bachelor,Medical,2408,"Low (<$3,500)",329,51,7324,17,3,Yes,1,Travel_Rarely,24,Far (16-25 mi),2,2 - Medium,3,3 - High,3,3 - High,3,3 - Better,3,3,3 - Excellent,1,1,1-2 Years,1,0,0,3,1,Yes,1
1605,22,Under 30,Female,Married,Research & Development,Research Scientist,1,2,2 - College,Other,2814,"Low (<$3,500)",457,85,10293,14,0,Yes,1,Non-Travel,26,Very Far (26+ mi),3,3 - High,2,2 - Medium,2,2 - Medium,2,2 - Good,2,3,3 - Excellent,4,4,3-5 Years,2,1,3,2,1,No,0
1606,50,50+,Male,Married,Research & Development,Healthcare Representative,4,5,5 - Doctor,Medical,11245,"High ($7,001 - $12,000)",1234,41,20689,15,1,Yes,1,Travel_Frequently,20,Far (16-25 mi),3,3 - High,2,2 - Medium,3,3 - High,3,3 - Better,3,3,3 - Excellent,32,30,10+ Years,8,12,13,3,2,No,0
1607,32,30-39,Female,Married,Research & Development,Research Scientist,1,4,4 - Master,Other,3312,"Low (<$3,500)",634,35,18783,17,2,No,0,Travel_Rarely,5,Near (1-5 mi),4,4 - Very High,2,2 - Medium,4,4 - Very High,3,3 - Better,4,3,3 - Excellent,6,3,3-5 Years,2,0,2,3,3,No,0
1608,44,40-49,Female,Divorced,Research & Development,Research Director,5,3,3 - Bachelor,Medical,19049,"Executive (>$12,000)",1313,31,3549,14,1,Yes,1,Travel_Rarely,7,Moderate (6-15 mi),4,4 - Very High,2,2 - Medium,4,4 - Very High,2,2 - Good,3,3,3 - Excellent,23,22,10+ Years,7,1,10,4,0,No,0
1609,30,30-39,Male,Married,Research & Development,Research Scientist,1,3,3 - Bachelor,Medical,2141,"Low (<$3,500)",241,48,5348,12,1,No,0,Travel_Rarely,7,Moderate (6-15 mi),2,2 - Medium,2,2 - Medium,2,2 - Medium,2,2 - Good,2,3,3 - Excellent,6,6,6-10 Years,4,1,1,3,1,No,0
1611,45,40-49,Female,Single,Research & Development,Laboratory Technician,2,5,5 - Doctor,Medical,5769,"Mid ($3,500 - $7,000)",1015,50,23447,14,0,Yes,1,Travel_Rarely,5,Near (1-5 mi),1,1 - Low,3,3 - High,1,1 - Low,3,3 - Better,1,3,3 - Excellent,10,10,6-10 Years,7,1,4,3,1,No,0
1612,45,40-49,Male,Married,Sales,Sales Executive,2,3,3 - Bachelor,Marketing,4385,"Mid ($3,500 - $7,000)",336,52,24162,15,1,No,0,Non-Travel,26,Very Far (26+ mi),1,1 - Low,1,1 - Low,1,1 - Low,3,3 - Better,2,3,3 - Excellent,10,10,6-10 Years,7,4,5,2,1,No,0
1613,31,30-39,Male,Single,Sales,Sales Executive,2,4,4 - Master,Other,5332,"Mid ($3,500 - $7,000)",715,54,21602,13,0,No,0,Travel_Frequently,2,Near (1-5 mi),1,1 - Low,4,4 - Very High,4,4 - Very High,3,3 - Better,3,3,3 - Excellent,10,5,3-5 Years,2,0,3,3,7,No,0
1614,36,30-39,Female,Married,Research & Development,Manufacturing Director,2,4,4 - Master,Life Sciences,4663,"Mid ($3,500 - $7,000)",559,76,12421,12,2,Yes,1,Travel_Rarely,12,Moderate (6-15 mi),3,3 - High,3,3 - High,2,2 - Medium,3,3 - Better,3,3,3 - Excellent,7,3,3-5 Years,2,1,1,2,9,No,0
1615,34,30-39,Male,Divorced,Research & Development,Manufacturing Director,2,4,4 - Master,Life Sciences,4724,"Mid ($3,500 - $7,000)",426,42,17000,13,1,No,0,Travel_Frequently,10,Moderate (6-15 mi),4,4 - Very High,3,3 - High,1,1 - Low,3,3 - Better,4,3,3 - Excellent,9,9,6-10 Years,7,7,2,3,1,No,0
1617,49,40-49,Female,Married,Research & Development,Laboratory Technician,1,4,4 - Master,Life Sciences,3211,"Low (<$3,500)",722,84,22102,14,1,No,0,Travel_Rarely,25,Far (16-25 mi),1,1 - Low,3,3 - High,4,4 - Very High,2,2 - Good,3,3,3 - Excellent,10,9,6-10 Years,6,1,4,3,1,No,0
1618,39,30-39,Male,Married,Research & Development,Manufacturing Director,2,5,5 - Doctor,Medical,5377,"Mid ($3,500 - $7,000)",1387,76,3835,13,3,No,0,Travel_Rarely,10,Moderate (6-15 mi),1,1 - Low,2,2 - Medium,4,4 - Very High,3,3 - Better,3,3,3 - Excellent,10,7,6-10 Years,7,7,7,3,2,No,0
1619,27,Under 30,Male,Divorced,Research & Development,Laboratory Technician,1,3,3 - Bachelor,Other,4066,"Mid ($3,500 - $7,000)",1302,67,16290,11,2,No,0,Travel_Rarely,19,Far (16-25 mi),1,1 - Low,4,4 - Very High,1,1 - Low,3,3 - Better,2,3,3 - Excellent,7,7,6-10 Years,7,0,7,3,1,No,0
1621,35,30-39,Male,Married,Research & Development,Research Scientist,2,5,5 - Doctor,Life Sciences,5208,"Mid ($3,500 - $7,000)",819,48,26312,11,0,No,0,Travel_Rarely,18,Far (16-25 mi),1,1 - Low,2,2 - Medium,4,4 - Very High,3,3 - Better,4,3,3 - Excellent,16,16,10+ Years,15,1,10,2,1,No,0
1622,28,Under 30,Female,Divorced,Research & Development,Manufacturing Director,2,3,3 - Bachelor,Medical,4877,"Mid ($3,500 - $7,000)",580,39,20460,21,1,No,0,Travel_Rarely,27,Very Far (26+ mi),1,1 - Low,2,2 - Medium,2,2 - Medium,2,2 - Good,1,4,4 - Outstanding,6,5,3-5 Years,3,0,0,5,0,No,0
1623,21,Under 30,Male,Single,Research & Development,Research Scientist,1,1,1 - Below College,Medical,3117,"Low (<$3,500)",546,97,26009,18,0,No,0,Travel_Rarely,5,Near (1-5 mi),4,4 - Very High,3,3 - High,3,3 - High,3,3 - Better,3,3,3 - Excellent,3,2,1-2 Years,2,2,2,2,1,No,0
1624,18,Under 30,Female,Single,Sales,Sales Representative,1,2,2 - College,Medical,1569,"Low (<$3,500)",544,70,18420,12,0,Yes,1,Travel_Frequently,3,Near (1-5 mi),4,4 - Very High,2,2 - Medium,3,3 - High,4,4 - Best,3,3,3 - Excellent,0,0,< 1 Year,0,0,0,2,1,Yes,1
1625,47,40-49,Female,Married,Human Resources,Manager,5,4,4 - Master,Life Sciences,19658,"Executive (>$12,000)",1176,98,5220,11,1,No,0,Travel_Rarely,26,Very Far (26+ mi),3,3 - High,4,4 - Very High,3,3 - High,3,3 - Better,3,3,3 - Excellent,27,5,3-5 Years,2,1,0,2,3,No,0
1627,39,30-39,Male,Divorced,Research & Development,Laboratory Technician,2,2,2 - College,Medical,3069,"Low (<$3,500)",170,76,10302,15,1,No,0,Travel_Rarely,3,Near (1-5 mi),3,3 - High,3,3 - High,4,4 - Very High,3,3 - Better,2,3,3 - Excellent,11,10,6-10 Years,8,0,7,3,0,No,0
1628,40,40-49,Female,Married,Research & Development,Manufacturing Director,3,3,3 - Bachelor,Life Sciences,10435,"High ($7,001 - $12,000)",884,80,25800,13,2,No,0,Travel_Rarely,15,Moderate (6-15 mi),3,3 - High,1,1 - Low,4,4 - Very High,3,3 - Better,2,3,3 - Excellent,18,18,10+ Years,15,14,12,2,1,No,0
1630,35,30-39,Female,Married,Research & Development,Healthcare Representative,2,4,4 - Master,Life Sciences,4148,"Mid ($3,500 - $7,000)",208,52,12250,12,1,No,0,Non-Travel,8,Moderate (6-15 mi),3,3 - High,3,3 - High,4,4 - Very High,3,3 - Better,3,3,3 - Excellent,15,14,10+ Years,11,2,9,5,1,No,0
1631,37,30-39,Male,Married,Research & Development,Manufacturing Director,2,3,3 - Bachelor,Life Sciences,5768,"Mid ($3,500 - $7,000)",671,85,26493,17,3,No,0,Travel_Rarely,19,Far (16-25 mi),3,3 - High,3,3 - High,1,1 - Low,2,2 - Good,3,3,3 - Excellent,9,4,3-5 Years,3,0,2,2,3,No,0
1633,39,30-39,Female,Single,Research & Development,Manufacturing Director,2,3,3 - Bachelor,Medical,5042,"Mid ($3,500 - $7,000)",711,81,3140,13,0,No,0,Travel_Frequently,4,Near (1-5 mi),3,3 - High,1,1 - Low,4,4 - Very High,1,1 - Bad,3,3,3 - Excellent,10,9,6-10 Years,2,3,8,2,0,No,0
1635,45,40-49,Female,Divorced,Research & Development,Manufacturing Director,2,2,2 - College,Other,5770,"Mid ($3,500 - $7,000)",1329,59,5388,19,2,No,0,Travel_Rarely,2,Near (1-5 mi),4,4 - Very High,4,4 - Very High,1,1 - Low,3,3 - Better,2,3,3 - Excellent,10,10,6-10 Years,7,3,9,3,1,No,0
1638,38,30-39,Female,Married,Research & Development,Manufacturing Director,3,2,2 - College,Medical,7756,"High ($7,001 - $12,000)",397,54,14199,19,1,Yes,1,Travel_Rarely,2,Near (1-5 mi),3,3 - High,4,4 - Very High,4,4 - Very High,4,4 - Best,2,3,3 - Excellent,10,5,3-5 Years,4,0,2,6,3,No,0
1639,35,30-39,Male,Married,Sales,Sales Executive,3,3,3 - Bachelor,Medical,10306,"High ($7,001 - $12,000)",737,55,21530,17,0,No,0,Travel_Rarely,10,Moderate (6-15 mi),1,1 - Low,4,4 - Very High,3,3 - High,3,3 - Better,2,3,3 - Excellent,15,13,10+ Years,12,6,0,3,9,Yes,1
1640,37,30-39,Female,Married,Research & Development,Research Scientist,1,3,3 - Bachelor,Medical,3936,"Mid ($3,500 - $7,000)",1470,71,9953,11,1,No,0,Travel_Rarely,10,Moderate (6-15 mi),2,2 - Medium,2,2 - Medium,1,1 - Low,1,1 - Bad,3,3,3 - Excellent,8,8,6-10 Years,4,7,7,2,1,No,0
1641,40,40-49,Female,Single,Research & Development,Manufacturing Director,3,3,3 - Bachelor,Life Sciences,7945,"High ($7,001 - $12,000)",448,84,19948,15,0,Yes,1,Travel_Rarely,16,Far (16-25 mi),4,4 - Very High,3,3 - High,4,4 - Very High,2,2 - Good,3,3,3 - Excellent,18,4,3-5 Years,2,3,3,2,6,No,0
1642,44,40-49,Male,Married,Human Resources,Human Resources,2,5,5 - Doctor,Human Resources,5743,"Mid ($3,500 - $7,000)",602,37,10503,11,0,Yes,1,Travel_Frequently,1,Near (1-5 mi),4,4 - Very High,1,1 - Low,3,3 - High,3,3 - Better,3,3,3 - Excellent,14,10,6-10 Years,7,0,2,3,4,No,0
1644,48,40-49,Male,Married,Research & Development,Manager,4,5,5 - Doctor,Medical,15202,"Executive (>$12,000)",365,89,5602,25,1,No,0,Travel_Frequently,4,Near (1-5 mi),4,4 - Very High,3,3 - High,2,2 - Medium,3,3 - Better,2,4,4 - Outstanding,23,2,1-2 Years,2,2,2,3,2,No,0
1645,35,30-39,Male,Divorced,Sales,Sales Executive,2,2,2 - College,Medical,5440,"Mid ($3,500 - $7,000)",763,59,22098,14,2,Yes,1,Travel_Rarely,15,Moderate (6-15 mi),4,4 - Very High,1,1 - Low,4,4 - Very High,2,2 - Good,1,3,3 - Excellent,7,2,1-2 Years,2,2,2,2,6,Yes,1
1646,24,Under 30,Female,Single,Research & Development,Research Scientist,1,1,1 - Below College,Technical Degree,3760,"Mid ($3,500 - $7,000)",567,32,17218,13,0,Yes,1,Travel_Frequently,2,Near (1-5 mi),4,4 - Very High,1,1 - Low,3,3 - High,3,3 - Better,3,3,3 - Excellent,6,6,6-10 Years,3,1,3,2,1,No,0
1647,27,Under 30,Female,Married,Research & Development,Research Scientist,1,3,3 - Bachelor,Medical,3517,"Mid ($3,500 - $7,000)",486,86,22490,17,0,No,0,Travel_Rarely,8,Moderate (6-15 mi),3,3 - High,2,2 - Medium,1,1 - Low,3,3 - Better,4,3,3 - Excellent,5,3,3-5 Years,2,0,2,0,7,No,0
1648,27,Under 30,Male,Single,Research & Development,Research Scientist,1,3,3 - Bachelor,Medical,2580,"Low (<$3,500)",591,87,6297,13,0,No,0,Travel_Frequently,2,Near (1-5 mi),4,4 - Very High,4,4 - Very High,3,3 - High,2,2 - Good,3,3,3 - Excellent,6,4,3-5 Years,2,1,2,0,2,No,0
1649,40,40-49,Male,Single,Research & Development,Laboratory Technician,1,3,3 - Bachelor,Life Sciences,2166,"Low (<$3,500)",1329,73,3339,14,0,Yes,1,Travel_Rarely,7,Moderate (6-15 mi),1,1 - Low,1,1 - Low,2,2 - Medium,1,1 - Bad,3,3,3 - Excellent,10,4,3-5 Years,2,0,3,3,3,Yes,1
1650,29,Under 30,Male,Single,Sales,Sales Executive,2,3,3 - Bachelor,Medical,5869,"Mid ($3,500 - $7,000)",469,42,23413,11,0,No,0,Travel_Rarely,10,Moderate (6-15 mi),3,3 - High,3,3 - High,3,3 - High,3,3 - Better,2,3,3 - Excellent,8,5,3-5 Years,2,1,4,2,9,No,0
1651,36,30-39,Female,Married,Research & Development,Healthcare Representative,3,4,4 - Master,Life Sciences,8008,"High ($7,001 - $12,000)",711,42,22792,12,2,No,0,Travel_Rarely,5,Near (1-5 mi),1,1 - Low,2,2 - Medium,3,3 - High,3,3 - Better,3,3,3 - Excellent,9,3,3-5 Years,2,0,2,6,4,No,0
1653,25,Under 30,Male,Divorced,Research & Development,Manufacturing Director,2,1,1 - Below College,Life Sciences,5206,"Mid ($3,500 - $7,000)",772,77,4973,17,2,No,0,Travel_Frequently,2,Near (1-5 mi),3,3 - High,4,4 - Very High,3,3 - High,3,3 - Better,4,3,3 - Excellent,7,7,6-10 Years,7,0,7,6,1,No,0
1654,39,30-39,Male,Married,Research & Development,Manufacturing Director,2,3,3 - Bachelor,Medical,5295,"Mid ($3,500 - $7,000)",492,66,7693,21,0,No,0,Travel_Rarely,12,Moderate (6-15 mi),2,2 - Medium,4,4 - Very High,3,3 - High,3,3 - Better,3,4,4 - Outstanding,7,5,3-5 Years,4,1,0,3,4,No,0
1655,49,40-49,Female,Married,Research & Development,Research Director,4,4,4 - Master,Other,16413,"Executive (>$12,000)",301,72,3498,16,2,No,0,Travel_Rarely,22,Far (16-25 mi),2,2 - Medium,1,1 - Low,2,2 - Medium,3,3 - Better,3,3,3 - Excellent,27,4,3-5 Years,2,1,2,2,3,No,0
1656,50,50+,Female,Divorced,Research & Development,Research Director,3,5,5 - Doctor,Life Sciences,13269,"Executive (>$12,000)",813,50,21981,15,3,No,0,Travel_Rarely,17,Far (16-25 mi),1,1 - Low,4,4 - Very High,3,3 - High,3,3 - Better,2,3,3 - Excellent,19,14,10+ Years,11,1,11,3,5,No,0
1657,20,Under 30,Female,Single,Sales,Sales Representative,1,3,3 - Bachelor,Medical,2783,"Low (<$3,500)",1141,31,13251,19,0,No,0,Travel_Rarely,2,Near (1-5 mi),3,3 - High,3,3 - High,1,1 - Low,3,3 - Better,3,3,3 - Excellent,2,2,1-2 Years,2,2,2,3,1,No,0
1658,34,30-39,Female,Divorced,Research & Development,Research Scientist,2,3,3 - Bachelor,Life Sciences,5433,"Mid ($3,500 - $7,000)",1130,66,19332,12,1,No,0,Travel_Rarely,3,Near (1-5 mi),2,2 - Medium,4,4 - Very High,3,3 - High,3,3 - Better,3,3,3 - Excellent,11,11,10+ Years,8,7,9,2,1,No,0
1659,36,30-39,Male,Single,Research & Development,Laboratory Technician,1,3,3 - Bachelor,Life Sciences,2013,"Low (<$3,500)",311,77,10950,11,0,No,0,Travel_Rarely,7,Moderate (6-15 mi),2,2 - Medium,1,1 - Low,3,3 - High,3,3 - Better,3,3,3 - Excellent,15,4,3-5 Years,3,1,3,4,2,No,0
1661,49,40-49,Female,Married,Research & Development,Healthcare Representative,4,1,1 - Below College,Life Sciences,13966,"Executive (>$12,000)",465,41,11652,19,1,Yes,1,Travel_Rarely,6,Moderate (6-15 mi),3,3 - High,3,3 - High,2,2 - Medium,3,3 - Better,2,3,3 - Excellent,30,15,10+ Years,11,2,12,3,2,No,0
1662,36,30-39,Female,Married,Research & Development,Manufacturing Director,2,4,4 - Master,Medical,4374,"Mid ($3,500 - $7,000)",894,33,15411,15,0,No,0,Non-Travel,1,Near (1-5 mi),3,3 - High,4,4 - Very High,3,3 - High,3,3 - Better,2,3,3 - Excellent,4,3,3-5 Years,2,1,2,6,0,No,0
1664,36,30-39,Male,Divorced,Research & Development,Healthcare Representative,2,2,2 - College,Life Sciences,6842,"Mid ($3,500 - $7,000)",1040,79,26308,20,1,No,0,Travel_Rarely,3,Near (1-5 mi),1,1 - Low,4,4 - Very High,1,1 - Low,3,3 - Better,4,4,4 - Outstanding,13,5,3-5 Years,4,0,4,3,6,No,0
1665,54,50+,Female,Married,Research & Development,Manager,4,5,5 - Doctor,Medical,17426,"Executive (>$12,000)",584,91,18685,25,1,No,0,Travel_Rarely,22,Far (16-25 mi),3,3 - High,2,2 - Medium,3,3 - High,3,3 - Better,3,4,4 - Outstanding,36,10,6-10 Years,8,4,7,6,3,No,0
1666,43,40-49,Male,Married,Research & Development,Research Director,4,2,2 - College,Life Sciences,17603,"Executive (>$12,000)",1291,65,3525,24,1,No,0,Travel_Rarely,15,Moderate (6-15 mi),3,3 - High,3,3 - High,1,1 - Low,3,3 - Better,2,4,4 - Outstanding,14,14,10+ Years,10,6,11,3,1,No,0
1667,35,30-39,Male,Single,Sales,Sales Executive,2,4,4 - Master,Other,4581,"Mid ($3,500 - $7,000)",880,36,10414,24,0,Yes,1,Travel_Frequently,12,Moderate (6-15 mi),4,4 - Very High,4,4 - Very High,1,1 - Low,4,4 - Best,3,4,4 - Outstanding,13,11,10+ Years,9,6,7,2,3,Yes,1
1668,38,30-39,Male,Married,Research & Development,Research Scientist,2,3,3 - Bachelor,Life Sciences,4735,"Mid ($3,500 - $7,000)",1189,90,9867,15,2,No,0,Travel_Frequently,1,Near (1-5 mi),4,4 - Very High,4,4 - Very High,4,4 - Very High,4,4 - Best,3,3,3 - Excellent,19,13,10+ Years,11,2,9,4,7,No,0
1669,29,Under 30,Male,Divorced,Sales,Sales Executive,2,3,3 - Bachelor,Medical,4187,"Mid ($3,500 - $7,000)",991,43,3356,13,1,Yes,1,Travel_Rarely,5,Near (1-5 mi),2,2 - Medium,1,1 - Low,2,2 - Medium,2,2 - Good,2,3,3 - Excellent,10,10,6-10 Years,0,0,9,3,1,No,0
1670,33,30-39,Male,Divorced,Sales,Sales Executive,2,4,4 - Master,Medical,5505,"Mid ($3,500 - $7,000)",392,93,3921,14,2,No,0,Travel_Rarely,2,Near (1-5 mi),4,4 - Very High,4,4 - Very High,3,3 - High,3,3 - Better,3,3,3 - Excellent,6,6,6-10 Years,2,0,4,5,1,No,0
1671,32,30-39,Male,Divorced,Research & Development,Research Scientist,2,3,3 - Bachelor,Medical,5470,"Mid ($3,500 - $7,000)",977,45,25518,13,2,No,0,Travel_Rarely,2,Near (1-5 mi),2,2 - Medium,4,4 - Very High,3,3 - High,2,2 - Good,3,3,3 - Excellent,10,9,6-10 Years,5,1,6,4,0,No,0
1673,31,30-39,Female,Married,Sales,Sales Executive,2,4,4 - Master,Life Sciences,5476,"Mid ($3,500 - $7,000)",1112,67,22589,11,2,No,0,Travel_Rarely,5,Near (1-5 mi),4,4 - Very High,1,1 - Low,1,1 - Low,3,3 - Better,3,3,3 - Excellent,10,10,6-10 Years,0,0,2,2,1,No,0
1674,49,40-49,Female,Divorced,Research & Development,Laboratory Technician,1,3,3 - Bachelor,Medical,2587,"Low (<$3,500)",464,74,24941,16,1,Yes,1,Travel_Rarely,16,Far (16-25 mi),1,1 - Low,4,4 - Very High,2,2 - Medium,2,2 - Good,3,3,3 - Excellent,17,2,1-2 Years,2,2,2,2,4,No,0
1675,38,30-39,Female,Single,Research & Development,Laboratory Technician,1,3,3 - Bachelor,Medical,2440,"Low (<$3,500)",148,42,23826,22,0,No,0,Travel_Frequently,2,Near (1-5 mi),2,2 - Medium,4,4 - Very High,2,2 - Medium,3,3 - Better,2,4,4 - Outstanding,4,4,3-5 Years,3,3,3,3,1,No,0
1676,47,40-49,Female,Divorced,Sales,Manager,4,4,4 - Master,Life Sciences,15972,"Executive (>$12,000)",1225,47,21086,14,3,No,0,Travel_Rarely,2,Near (1-5 mi),2,2 - Medium,2,2 - Medium,3,3 - High,3,3 - Better,4,3,3 - Excellent,29,3,3-5 Years,2,1,2,2,6,No,0
1677,49,40-49,Male,Single,Research & Development,Manager,4,3,3 - Bachelor,Life Sciences,15379,"Executive (>$12,000)",809,36,22384,14,0,No,0,Travel_Rarely,1,Near (1-5 mi),3,3 - High,3,3 - High,1,1 - Low,3,3 - Better,3,3,3 - Excellent,23,8,6-10 Years,7,0,0,2,4,No,0
1678,41,40-49,Male,Single,Sales,Sales Executive,3,2,2 - College,Life Sciences,7082,"High ($7,001 - $12,000)",1206,80,11591,16,0,Yes,1,Travel_Rarely,23,Far (16-25 mi),3,3 - High,4,4 - Very High,4,4 - Very High,3,3 - Better,3,3,3 - Excellent,21,2,1-2 Years,0,0,2,2,3,No,0
1680,20,Under 30,Male,Single,Sales,Sales Representative,1,1,1 - Below College,Life Sciences,2728,"Low (<$3,500)",727,54,21082,11,0,No,0,Travel_Rarely,9,Moderate (6-15 mi),1,1 - Low,4,4 - Very High,1,1 - Low,3,3 - Better,3,3,3 - Excellent,2,2,1-2 Years,2,0,2,3,1,No,0
1681,33,30-39,Female,Divorced,Sales,Sales Executive,2,3,3 - Bachelor,Life Sciences,5368,"Mid ($3,500 - $7,000)",530,36,16130,25,1,Yes,1,Non-Travel,16,Far (16-25 mi),4,4 - Very High,3,3 - High,3,3 - High,3,3 - Better,3,4,4 - Outstanding,7,6,6-10 Years,5,1,2,2,1,No,0
1682,36,30-39,Male,Married,Research & Development,Healthcare Representative,2,4,4 - Master,Life Sciences,5347,"Mid ($3,500 - $7,000)",1351,80,7419,14,2,No,0,Travel_Rarely,26,Very Far (26+ mi),3,3 - High,1,1 - Low,2,2 - Medium,2,2 - Good,3,3,3 - Excellent,10,3,3-5 Years,2,0,2,2,6,No,0
1683,44,40-49,Female,Divorced,Human Resources,Human Resources,1,3,3 - Bachelor,Life Sciences,3195,"Low (<$3,500)",528,44,4167,18,3,Yes,1,Travel_Rarely,1,Near (1-5 mi),4,4 - Very High,3,3 - High,1,1 - Low,3,3 - Better,3,3,3 - Excellent,8,2,1-2 Years,2,2,2,2,4,No,0
1684,23,Under 30,Male,Single,Research & Development,Laboratory Technician,1,1,1 - Below College,Medical,3989,"Mid ($3,500 - $7,000)",1320,93,20586,11,0,Yes,1,Travel_Rarely,8,Moderate (6-15 mi),3,3 - High,4,4 - Very High,1,1 - Low,3,3 - Better,2,3,3 - Excellent,5,5,3-5 Years,4,1,2,2,1,Yes,1
1687,38,30-39,Female,Married,Research & Development,Laboratory Technician,1,2,2 - College,Medical,3306,"Low (<$3,500)",1495,87,26176,19,1,No,0,Travel_Rarely,4,Near (1-5 mi),3,3 - High,4,4 - Very High,4,4 - Very High,2,2 - Good,3,3,3 - Excellent,7,0,< 1 Year,0,0,0,5,7,No,0
1689,53,50+,Male,Married,Research & Development,Healthcare Representative,3,4,4 - Master,Medical,7005,"High ($7,001 - $12,000)",1395,48,3458,15,0,No,0,Travel_Rarely,24,Far (16-25 mi),4,4 - Very High,2,2 - Medium,3,3 - High,3,3 - Better,4,3,3 - Excellent,11,4,3-5 Years,3,1,2,2,3,No,0
1691,48,40-49,Female,Married,Sales,Sales Representative,1,2,2 - College,Medical,2655,"Low (<$3,500)",708,95,11740,11,2,Yes,1,Travel_Frequently,7,Moderate (6-15 mi),3,3 - High,4,4 - Very High,3,3 - High,3,3 - Better,3,3,3 - Excellent,19,9,6-10 Years,7,7,7,3,2,Yes,1
1692,32,30-39,Male,Single,Research & Development,Laboratory Technician,1,4,4 - Master,Life Sciences,1393,"Low (<$3,500)",1259,95,24852,12,0,No,0,Travel_Rarely,2,Near (1-5 mi),2,2 - Medium,4,4 - Very High,1,1 - Low,3,3 - Better,3,3,3 - Excellent,1,1,1-2 Years,0,0,0,2,1,Yes,1
1693,26,Under 30,Male,Single,Research & Development,Laboratory Technician,1,3,3 - Bachelor,Medical,2570,"Low (<$3,500)",786,76,11925,20,0,No,0,Non-Travel,7,Moderate (6-15 mi),4,4 - Very High,4,4 - Very High,3,3 - High,3,3 - Better,3,4,4 - Outstanding,7,7,6-10 Years,7,5,7,5,1,No,0
1694,55,50+,Male,Divorced,Research & Development,Research Scientist,1,3,3 - Bachelor,Technical Degree,3537,"Mid ($3,500 - $7,000)",1441,94,23737,12,1,No,0,Travel_Rarely,22,Far (16-25 mi),2,2 - Medium,1,1 - Low,4,4 - Very High,3,3 - Better,2,3,3 - Excellent,8,4,3-5 Years,2,1,2,1,5,No,0
1696,34,30-39,Male,Married,Research & Development,Laboratory Technician,2,2,2 - College,Medical,3986,"Mid ($3,500 - $7,000)",1157,57,11912,14,1,No,0,Travel_Rarely,5,Near (1-5 mi),4,4 - Very High,2,2 - Medium,3,3 - High,4,4 - Best,2,3,3 - Excellent,15,15,10+ Years,10,4,13,3,1,No,0
1697,60,50+,Male,Divorced,Research & Development,Healthcare Representative,3,4,4 - Master,Medical,10883,"High ($7,001 - $12,000)",370,92,20467,20,1,No,0,Travel_Rarely,1,Near (1-5 mi),4,4 - Very High,3,3 - High,3,3 - High,4,4 - Best,1,4,4 - Outstanding,19,1,1-2 Years,0,0,0,2,3,No,0
1698,33,30-39,Male,Married,Research & Development,Laboratory Technician,1,3,3 - Bachelor,Medical,2028,"Low (<$3,500)",267,79,13637,18,3,No,0,Travel_Rarely,21,Far (16-25 mi),2,2 - Medium,2,2 - Medium,4,4 - Very High,3,3 - Better,4,3,3 - Excellent,14,14,10+ Years,11,2,13,6,1,No,0
1700,37,30-39,Male,Divorced,Sales,Sales Executive,2,4,4 - Master,Medical,9525,"High ($7,001 - $12,000)",1278,31,7677,14,2,No,0,Travel_Frequently,1,Near (1-5 mi),4,4 - Very High,3,3 - High,3,3 - High,2,2 - Good,1,3,3 - Excellent,6,6,6-10 Years,3,1,3,2,1,No,0
1701,34,30-39,Female,Married,Research & Development,Research Scientist,1,3,3 - Bachelor,Life Sciences,2929,"Low (<$3,500)",678,35,20338,12,0,No,0,Travel_Rarely,19,Far (16-25 mi),4,4 - Very High,2,2 - Medium,2,2 - Medium,3,3 - Better,2,3,3 - Excellent,10,10,6-10 Years,9,8,7,3,1,No,0
1702,23,Under 30,Male,Divorced,Sales,Sales Representative,1,3,3 - Bachelor,Life Sciences,2275,"Low (<$3,500)",427,99,25103,21,1,Yes,1,Travel_Rarely,7,Moderate (6-15 mi),4,4 - Very High,3,3 - High,2,2 - Medium,3,3 - Better,3,4,4 - Outstanding,3,3,3-5 Years,2,0,2,2,1,Yes,1
1703,44,40-49,Female,Married,Research & Development,Healthcare Representative,3,3,3 - Bachelor,Life Sciences,7879,"High ($7,001 - $12,000)",921,96,14810,19,1,Yes,1,Travel_Rarely,2,Near (1-5 mi),4,4 - Very High,3,3 - High,2,2 - Medium,3,3 - Better,4,3,3 - Excellent,9,8,6-10 Years,7,6,7,2,1,No,0
1704,35,30-39,Male,Single,Research & Development,Research Scientist,1,4,4 - Master,Medical,4930,"Mid ($3,500 - $7,000)",146,79,13970,14,0,Yes,1,Travel_Frequently,2,Near (1-5 mi),4,4 - Very High,1,1 - Low,3,3 - High,4,4 - Best,2,3,3 - Excellent,6,5,3-5 Years,4,1,4,2,0,No,0
1706,43,40-49,Male,Married,Sales,Sales Executive,2,3,3 - Bachelor,Medical,7847,"High ($7,001 - $12,000)",1179,73,6069,17,1,Yes,1,Travel_Rarely,2,Near (1-5 mi),4,4 - Very High,4,4 - Very High,1,1 - Low,3,3 - Better,3,3,3 - Excellent,10,10,6-10 Years,9,8,8,3,1,No,0
1707,24,Under 30,Male,Married,Research & Development,Research Scientist,1,3,3 - Bachelor,Medical,4401,"Mid ($3,500 - $7,000)",581,62,17616,16,1,No,0,Travel_Rarely,9,Moderate (6-15 mi),3,3 - High,3,3 - High,4,4 - Very High,3,3 - Better,4,3,3 - Excellent,5,5,3-5 Years,3,0,4,1,1,No,0
1708,41,40-49,Male,Single,Sales,Sales Executive,3,3,3 - Bachelor,Marketing,9241,"High ($7,001 - $12,000)",918,35,15869,12,0,No,0,Travel_Rarely,6,Moderate (6-15 mi),3,3 - High,4,4 - Very High,2,2 - Medium,3,3 - Better,3,3,3 - Excellent,10,10,6-10 Years,8,8,7,3,1,No,0
1709,29,Under 30,Female,Married,Research & Development,Laboratory Technician,1,4,4 - Master,Medical,2974,"Low (<$3,500)",1082,43,25412,17,1,No,0,Travel_Rarely,9,Moderate (6-15 mi),3,3 - High,4,4 - Very High,3,3 - High,3,3 - Better,3,3,3 - Excellent,9,5,3-5 Years,3,1,2,2,9,No,0
1710,36,30-39,Female,Single,Sales,Sales Representative,2,4,4 - Master,Life Sciences,4502,"Mid ($3,500 - $7,000)",530,51,7439,15,0,No,0,Travel_Rarely,2,Near (1-5 mi),4,4 - Very High,3,3 - High,3,3 - High,2,2 - Good,3,3,3 - Excellent,17,13,10+ Years,7,6,7,2,3,No,0
1712,45,40-49,Male,Married,Research & Development,Healthcare Representative,3,1,1 - Below College,Life Sciences,10748,"High ($7,001 - $12,000)",1238,74,3395,23,1,No,0,Non-Travel,1,Near (1-5 mi),3,3 - High,3,3 - High,4,4 - Very High,2,2 - Good,2,4,4 - Outstanding,25,23,10+ Years,15,14,4,3,3,No,0
1714,24,Under 30,Male,Married,Human Resources,Human Resources,1,1,1 - Below College,Human Resources,1555,"Low (<$3,500)",240,58,11585,11,1,No,0,Travel_Rarely,22,Far (16-25 mi),3,3 - High,4,4 - Very High,3,3 - High,3,3 - Better,1,3,3 - Excellent,1,1,1-2 Years,0,0,0,2,1,Yes,1
1716,47,40-49,Male,Married,Sales,Sales Executive,4,3,3 - Bachelor,Life Sciences,12936,"Executive (>$12,000)",1093,82,24164,11,0,No,0,Travel_Frequently,9,Moderate (6-15 mi),3,3 - High,3,3 - High,3,3 - High,1,1 - Bad,1,3,3 - Excellent,25,23,10+ Years,5,14,10,3,7,Yes,1
1718,26,Under 30,Male,Married,Research & Development,Laboratory Technician,1,4,4 - Master,Medical,2305,"Low (<$3,500)",390,62,6217,15,3,No,0,Travel_Rarely,17,Far (16-25 mi),3,3 - High,4,4 - Very High,3,3 - High,4,4 - Best,1,3,3 - Excellent,3,3,3-5 Years,2,0,2,3,1,No,0
1719,45,40-49,Female,Single,Research & Development,Research Director,4,2,2 - College,Technical Degree,16704,"Executive (>$12,000)",1005,48,17119,11,0,No,0,Travel_Rarely,28,Very Far (26+ mi),2,2 - Medium,4,4 - Very High,3,3 - High,3,3 - Better,2,3,3 - Excellent,21,21,10+ Years,6,8,6,2,1,No,0
1720,32,30-39,Male,Married,Research & Development,Research Scientist,1,3,3 - Bachelor,Life Sciences,3433,"Low (<$3,500)",585,56,17360,13,1,No,0,Travel_Frequently,10,Moderate (6-15 mi),3,3 - High,1,1 - Low,1,1 - Low,2,2 - Good,3,3,3 - Excellent,10,5,3-5 Years,2,1,3,3,6,No,0
1721,31,30-39,Male,Married,Research & Development,Laboratory Technician,1,4,4 - Master,Life Sciences,3477,"Low (<$3,500)",741,69,18103,14,1,No,0,Travel_Rarely,2,Near (1-5 mi),3,3 - High,2,2 - Medium,4,4 - Very High,4,4 - Best,3,3,3 - Excellent,6,5,3-5 Years,2,0,3,2,1,No,0
1722,41,40-49,Male,Married,Human Resources,Human Resources,2,3,3 - Bachelor,Human Resources,6430,"Mid ($3,500 - $7,000)",552,60,20794,19,1,No,0,Non-Travel,4,Near (1-5 mi),2,2 - Medium,3,3 - High,2,2 - Medium,3,3 - Better,1,3,3 - Excellent,10,3,3-5 Years,2,1,2,4,6,No,0
1724,40,40-49,Female,Married,Research & Development,Manufacturing Director,2,2,2 - College,Life Sciences,6516,"Mid ($3,500 - $7,000)",369,92,5041,16,1,Yes,1,Travel_Rarely,8,Moderate (6-15 mi),1,1 - Low,2,2 - Medium,2,2 - Medium,3,3 - Better,3,3,3 - Excellent,18,1,1-2 Years,0,0,0,3,2,No,0
1725,24,Under 30,Male,Divorced,Research & Development,Laboratory Technician,1,1,1 - Below College,Medical,3907,"Mid ($3,500 - $7,000)",506,91,3622,13,3,No,0,Travel_Rarely,29,Very Far (26+ mi),1,1 - Low,2,2 - Medium,2,2 - Medium,4,4 - Best,3,3,3 - Excellent,6,6,6-10 Years,2,1,2,2,1,No,0
1727,46,40-49,Male,Single,Research & Development,Healthcare Representative,2,4,4 - Master,Life Sciences,5562,"Mid ($3,500 - $7,000)",717,34,9697,14,0,No,0,Travel_Rarely,13,Moderate (6-15 mi),2,2 - Medium,3,3 - High,4,4 - Very High,3,3 - Better,3,3,3 - Excellent,19,10,6-10 Years,7,0,9,3,6,No,0
1728,35,30-39,Male,Married,Research & Development,Manufacturing Director,2,4,4 - Master,Life Sciences,6883,"Mid ($3,500 - $7,000)",1370,49,5151,16,1,No,0,Travel_Rarely,27,Very Far (26+ mi),3,3 - High,4,4 - Very High,2,2 - Medium,3,3 - Better,3,3,3 - Excellent,17,7,6-10 Years,7,0,7,3,2,No,0
1729,30,30-39,Male,Married,Research & Development,Research Scientist,1,1,1 - Below College,Life Sciences,2862,"Low (<$3,500)",793,33,3811,12,1,No,0,Travel_Rarely,16,Far (16-25 mi),4,4 - Very High,2,2 - Medium,2,2 - Medium,2,2 - Good,3,3,3 - Excellent,10,10,6-10 Years,0,0,8,2,1,No,0
1731,47,40-49,Male,Married,Sales,Sales Executive,2,4,4 - Master,Marketing,4978,"Mid ($3,500 - $7,000)",543,87,3536,11,1,No,0,Non-Travel,2,Near (1-5 mi),2,2 - Medium,3,3 - High,4,4 - Very High,1,1 - Bad,3,3,3 - Excellent,4,1,1-2 Years,0,0,0,3,7,No,0
1732,46,40-49,Male,Divorced,Sales,Sales Executive,3,3,3 - Bachelor,Life Sciences,10368,"High ($7,001 - $12,000)",1277,74,5596,12,1,Yes,1,Travel_Rarely,2,Near (1-5 mi),4,4 - Very High,3,3 - High,2,2 - Medium,2,2 - Good,3,3,3 - Excellent,13,10,6-10 Years,6,0,3,5,4,No,0
1733,36,30-39,Male,Divorced,Sales,Sales Executive,2,5,5 - Doctor,Marketing,6134,"Mid ($3,500 - $7,000)",1456,96,8658,13,3,Yes,1,Travel_Rarely,13,Moderate (6-15 mi),1,1 - Low,2,2 - Medium,2,2 - Medium,3,3 - Better,2,3,3 - Excellent,16,2,1-2 Years,2,2,2,3,5,Yes,1
1734,32,30-39,Male,Single,Sales,Sales Executive,2,2,2 - College,Life Sciences,6735,"Mid ($3,500 - $7,000)",964,34,12147,15,0,No,0,Travel_Rarely,1,Near (1-5 mi),2,2 - Medium,1,1 - Low,2,2 - Medium,3,3 - Better,1,3,3 - Excellent,10,0,< 1 Year,0,0,0,2,6,Yes,1
1735,23,Under 30,Female,Single,Research & Development,Laboratory Technician,1,1,1 - Below College,Medical,3295,"Low (<$3,500)",160,51,12862,13,0,No,0,Travel_Rarely,4,Near (1-5 mi),2,2 - Medium,3,3 - High,3,3 - High,1,1 - Bad,3,3,3 - Excellent,3,3,3-5 Years,2,1,2,3,1,No,0
1736,31,30-39,Female,Single,Research & Development,Manufacturing Director,2,1,1 - Below College,Technical Degree,5238,"Mid ($3,500 - $7,000)",163,30,6670,20,0,No,0,Travel_Frequently,24,Far (16-25 mi),4,4 - Very High,4,4 - Very High,4,4 - Very High,2,2 - Good,3,4,4 - Outstanding,9,5,3-5 Years,4,1,4,3,2,No,0
1737,39,30-39,Male,Married,Research & Development,Laboratory Technician,2,3,3 - Bachelor,Life Sciences,6472,"Mid ($3,500 - $7,000)",792,77,8989,15,1,Yes,1,Non-Travel,1,Near (1-5 mi),4,4 - Very High,4,4 - Very High,4,4 - Very High,3,3 - Better,3,3,3 - Excellent,9,9,6-10 Years,8,5,8,2,1,No,0
1739,32,30-39,Male,Married,Sales,Sales Executive,3,3,3 - Bachelor,Life Sciences,9610,"High ($7,001 - $12,000)",371,80,3840,13,1,No,0,Travel_Rarely,19,Far (16-25 mi),3,3 - High,4,4 - Very High,3,3 - High,1,1 - Bad,1,3,3 - Excellent,10,4,3-5 Years,3,0,2,2,3,No,0
1740,40,40-49,Male,Single,Sales,Manager,5,4,4 - Master,Medical,19833,"Executive (>$12,000)",611,88,4349,14,0,No,0,Travel_Rarely,7,Moderate (6-15 mi),2,2 - Medium,2,2 - Medium,2,2 - Medium,2,2 - Good,3,3,3 - Excellent,21,21,10+ Years,8,12,8,3,1,No,0
1744,45,40-49,Female,Married,Human Resources,Human Resources,3,3,3 - Bachelor,Life Sciences,9756,"High ($7,001 - $12,000)",176,56,6595,21,2,No,0,Travel_Rarely,4,Near (1-5 mi),3,3 - High,3,3 - High,3,3 - High,4,4 - Best,1,4,4 - Outstanding,9,5,3-5 Years,0,0,3,2,4,No,0
1745,30,30-39,Female,Single,Research & Development,Research Scientist,1,4,4 - Master,Technical Degree,4968,"Mid ($3,500 - $7,000)",1312,78,26427,16,0,No,0,Travel_Frequently,2,Near (1-5 mi),1,1 - Low,4,4 - Very High,4,4 - Very High,3,3 - Better,2,3,3 - Excellent,10,9,6-10 Years,7,0,7,2,0,No,0
1746,24,Under 30,Male,Married,Human Resources,Human Resources,1,3,3 - Bachelor,Medical,2145,"Low (<$3,500)",897,59,2097,14,1,No,0,Travel_Frequently,10,Moderate (6-15 mi),4,4 - Very High,1,1 - Low,4,4 - Very High,3,3 - Better,3,3,3 - Excellent,3,2,1-2 Years,2,2,1,2,0,No,0
1747,30,30-39,Female,Divorced,Human Resources,Human Resources,1,3,3 - Bachelor,Human Resources,2180,"Low (<$3,500)",600,66,9732,11,1,No,0,Travel_Frequently,8,Moderate (6-15 mi),4,4 - Very High,3,3 - High,3,3 - High,2,2 - Good,2,3,3 - Excellent,6,4,3-5 Years,2,1,2,0,6,Yes,1
1749,31,30-39,Male,Married,Sales,Sales Executive,2,3,3 - Bachelor,Technical Degree,8346,"High ($7,001 - $12,000)",1003,51,20943,19,1,No,0,Travel_Rarely,5,Near (1-5 mi),3,3 - High,1,1 - Low,3,3 - High,3,3 - Better,3,3,3 - Excellent,6,5,3-5 Years,2,0,2,3,1,No,0
1751,27,Under 30,Female,Single,Research & Development,Research Scientist,1,3,3 - Bachelor,Medical,3445,"Low (<$3,500)",1054,67,6152,11,0,No,0,Travel_Rarely,8,Moderate (6-15 mi),4,4 - Very High,3,3 - High,3,3 - High,2,2 - Good,3,3,3 - Excellent,6,6,6-10 Years,2,1,4,5,1,No,0
1752,29,Under 30,Female,Single,Sales,Sales Representative,1,3,3 - Bachelor,Marketing,2760,"Low (<$3,500)",428,52,14630,13,0,No,0,Travel_Rarely,9,Moderate (6-15 mi),2,2 - Medium,2,2 - Medium,3,3 - High,3,3 - Better,1,3,3 - Excellent,2,2,1-2 Years,2,2,2,3,1,Yes,1
1753,29,Under 30,Male,Single,Research & Development,Healthcare Representative,2,3,3 - Bachelor,Life Sciences,6294,"Mid ($3,500 - $7,000)",461,70,23060,12,0,Yes,1,Travel_Frequently,1,Near (1-5 mi),3,3 - High,4,4 - Very High,4,4 - Very High,4,4 - Best,4,3,3 - Excellent,10,3,3-5 Years,2,0,2,5,8,No,0
1754,30,30-39,Male,Divorced,Sales,Sales Executive,3,2,2 - College,Marketing,7140,"High ($7,001 - $12,000)",979,94,3088,11,1,No,0,Travel_Rarely,15,Moderate (6-15 mi),1,1 - Low,3,3 - High,1,1 - Low,3,3 - Better,2,3,3 - Excellent,12,7,6-10 Years,7,1,7,2,2,No,0
1755,34,30-39,Male,Married,Research & Development,Research Scientist,1,4,4 - Master,Medical,2932,"Low (<$3,500)",181,97,5586,14,3,Yes,1,Travel_Rarely,2,Near (1-5 mi),4,4 - Very High,4,4 - Very High,1,1 - Low,3,3 - Better,4,3,3 - Excellent,6,5,3-5 Years,0,1,2,3,0,No,0
1756,33,30-39,Female,Single,Sales,Sales Executive,2,3,3 - Bachelor,Marketing,5147,"Mid ($3,500 - $7,000)",1283,62,10697,15,0,No,0,Non-Travel,2,Near (1-5 mi),2,2 - Medium,4,4 - Very High,4,4 - Very High,2,2 - Good,3,3,3 - Excellent,13,11,10+ Years,7,1,7,2,8,No,0
1757,49,40-49,Female,Single,Sales,Sales Executive,2,4,4 - Master,Marketing,4507,"Mid ($3,500 - $7,000)",1313,80,8191,12,0,No,0,Travel_Rarely,11,Moderate (6-15 mi),4,4 - Very High,4,4 - Very High,3,3 - High,4,4 - Best,3,3,3 - Excellent,8,5,3-5 Years,1,0,4,1,3,No,0
1758,33,30-39,Female,Single,Sales,Sales Executive,3,3,3 - Bachelor,Life Sciences,8564,"High ($7,001 - $12,000)",211,74,10092,20,0,Yes,1,Travel_Rarely,16,Far (16-25 mi),1,1 - Low,1,1 - Low,3,3 - High,2,2 - Good,3,4,4 - Outstanding,11,0,< 1 Year,0,0,0,2,2,Yes,1
1760,38,30-39,Female,Married,Research & Development,Laboratory Technician,1,2,2 - College,Medical,2468,"Low (<$3,500)",594,75,15963,14,1,No,0,Travel_Frequently,2,Near (1-5 mi),2,2 - Medium,3,3 - High,2,2 - Medium,2,2 - Good,2,3,3 - Excellent,9,6,6-10 Years,1,0,5,4,4,No,0
1761,31,30-39,Male,Married,Sales,Sales Executive,3,4,4 - Master,Marketing,8161,"High ($7,001 - $12,000)",1079,70,19002,13,3,No,0,Travel_Rarely,16,Far (16-25 mi),3,3 - High,1,1 - Low,1,1 - Low,3,3 - Better,3,3,3 - Excellent,10,1,1-2 Years,0,0,0,2,2,Yes,1
1762,29,Under 30,Female,Divorced,Research & Development,Research Scientist,1,3,3 - Bachelor,Technical Degree,2109,"Low (<$3,500)",590,91,10007,13,1,No,0,Travel_Rarely,4,Near (1-5 mi),1,1 - Low,4,4 - Very High,3,3 - High,3,3 - Better,2,3,3 - Excellent,1,1,1-2 Years,0,0,0,2,1,No,0
1763,30,30-39,Male,Married,Research & Development,Healthcare Representative,2,3,3 - Bachelor,Life Sciences,5294,"Mid ($3,500 - $7,000)",305,58,9128,16,1,No,0,Travel_Rarely,16,Far (16-25 mi),3,3 - High,3,3 - High,3,3 - High,3,3 - Better,4,3,3 - Excellent,10,7,6-10 Years,0,1,7,3,3,No,0
1764,32,30-39,Male,Single,Research & Development,Research Scientist,1,4,4 - Master,Technical Degree,2718,"Low (<$3,500)",953,65,17674,14,0,No,0,Non-Travel,5,Near (1-5 mi),2,2 - Medium,2,2 - Medium,2,2 - Medium,3,3 - Better,3,3,3 - Excellent,12,7,6-10 Years,7,0,7,3,2,No,0
1766,38,30-39,Male,Married,Research & Development,Healthcare Representative,2,3,3 - Bachelor,Medical,5811,"Mid ($3,500 - $7,000)",833,60,24539,16,1,Yes,1,Travel_Rarely,18,Far (16-25 mi),4,4 - Very High,2,2 - Medium,3,3 - High,3,3 - Better,1,3,3 - Excellent,15,1,1-2 Years,0,1,0,2,3,No,0
1767,43,40-49,Male,Married,Research & Development,Research Scientist,1,3,3 - Bachelor,Technical Degree,2437,"Low (<$3,500)",807,38,15587,16,1,Yes,1,Travel_Frequently,17,Far (16-25 mi),3,3 - High,3,3 - High,4,4 - Very High,3,3 - Better,2,3,3 - Excellent,6,1,1-2 Years,0,0,0,4,9,Yes,1
1768,42,40-49,Male,Divorced,Research & Development,Laboratory Technician,1,3,3 - Bachelor,Medical,2766,"Low (<$3,500)",855,57,8952,22,3,No,0,Travel_Rarely,12,Moderate (6-15 mi),2,2 - Medium,2,2 - Medium,2,2 - Medium,2,2 - Good,3,4,4 - Outstanding,7,5,3-5 Years,3,0,4,6,8,No,0
1770,55,50+,Male,Married,Research & Development,Research Director,5,3,3 - Bachelor,Medical,19038,"Executive (>$12,000)",478,60,19805,12,3,No,0,Travel_Rarely,2,Near (1-5 mi),1,1 - Low,3,3 - High,2,2 - Medium,3,3 - Better,2,3,3 - Excellent,34,1,1-2 Years,0,0,0,2,8,No,0
1771,33,30-39,Male,Divorced,Research & Development,Research Scientist,2,3,3 - Bachelor,Technical Degree,3055,"Low (<$3,500)",775,90,6194,15,2,No,0,Non-Travel,4,Near (1-5 mi),2,2 - Medium,4,4 - Very High,4,4 - Very High,2,2 - Good,3,3,3 - Excellent,11,9,6-10 Years,8,1,7,2,5,No,0
1772,41,40-49,Male,Divorced,Research & Development,Laboratory Technician,1,4,4 - Master,Life Sciences,2289,"Low (<$3,500)",548,94,20520,20,2,No,0,Travel_Rarely,9,Moderate (6-15 mi),1,1 - Low,3,3 - High,2,2 - Medium,3,3 - Better,3,4,4 - Outstanding,5,5,3-5 Years,3,0,4,2,1,No,0
1774,34,30-39,Male,Divorced,Sales,Sales Executive,2,3,3 - Bachelor,Life Sciences,4001,"Mid ($3,500 - $7,000)",1375,87,12313,14,1,Yes,1,Non-Travel,10,Moderate (6-15 mi),3,3 - High,4,4 - Very High,3,3 - High,3,3 - Better,3,3,3 - Excellent,15,15,10+ Years,14,0,7,3,1,No,0
1775,53,50+,Female,Married,Research & Development,Manufacturing Director,4,4,4 - Master,Medical,12965,"Executive (>$12,000)",661,60,22308,20,3,Yes,1,Non-Travel,1,Near (1-5 mi),3,3 - High,1,1 - Low,4,4 - Very High,2,2 - Good,2,4,4 - Outstanding,27,3,3-5 Years,2,0,2,2,4,No,0
1778,43,40-49,Male,Single,Human Resources,Human Resources,1,3,3 - Bachelor,Life Sciences,3539,"Mid ($3,500 - $7,000)",244,97,5033,13,0,No,0,Travel_Rarely,2,Near (1-5 mi),4,4 - Very High,2,2 - Medium,2,2 - Medium,3,3 - Better,3,3,3 - Excellent,10,9,6-10 Years,7,1,8,5,0,No,0
1779,34,30-39,Female,Single,Sales,Sales Executive,2,2,2 - College,Life Sciences,6029,"Mid ($3,500 - $7,000)",511,32,25353,12,0,No,0,Travel_Rarely,3,Near (1-5 mi),4,4 - Very High,4,4 - Very High,1,1 - Low,3,3 - Better,1,3,3 - Excellent,6,2,1-2 Years,2,2,2,3,5,No,0
1780,21,Under 30,Male,Single,Sales,Sales Representative,1,1,1 - Below College,Marketing,2679,"Low (<$3,500)",337,31,4567,13,0,No,0,Travel_Rarely,7,Moderate (6-15 mi),2,2 - Medium,2,2 - Medium,2,2 - Medium,3,3 - Better,3,3,3 - Excellent,1,1,1-2 Years,0,1,0,3,1,Yes,1
1782,38,30-39,Female,Married,Research & Development,Laboratory Technician,1,2,2 - College,Other,3702,"Mid ($3,500 - $7,000)",1153,40,16376,11,1,No,0,Travel_Rarely,6,Moderate (6-15 mi),3,3 - High,4,4 - Very High,2,2 - Medium,3,3 - Better,2,3,3 - Excellent,5,5,3-5 Years,4,0,4,3,1,No,0
1783,22,Under 30,Female,Married,Research & Development,Laboratory Technician,1,1,1 - Below College,Medical,2398,"Low (<$3,500)",1294,79,15999,17,0,Yes,1,Travel_Rarely,8,Moderate (6-15 mi),1,1 - Low,3,3 - High,3,3 - High,3,3 - Better,3,3,3 - Excellent,1,1,1-2 Years,0,0,0,6,1,Yes,1
1784,31,30-39,Female,Married,Sales,Sales Executive,2,4,4 - Master,Marketing,5468,"Mid ($3,500 - $7,000)",196,91,13402,14,2,No,0,Travel_Rarely,29,Very Far (26+ mi),4,4 - Very High,1,1 - Low,1,1 - Low,3,3 - Better,2,3,3 - Excellent,13,12,10+ Years,7,5,7,3,1,No,0
1786,51,50+,Female,Married,Research & Development,Manager,3,3,3 - Bachelor,Technical Degree,13116,"Executive (>$12,000)",942,53,22984,11,0,No,0,Travel_Rarely,3,Near (1-5 mi),3,3 - High,1,1 - Low,4,4 - Very High,3,3 - Better,3,3,3 - Excellent,15,2,1-2 Years,2,2,2,2,2,No,0
1787,37,30-39,Male,Married,Sales,Sales Executive,2,2,2 - College,Marketing,4189,"Mid ($3,500 - $7,000)",589,46,8800,14,2,No,0,Travel_Rarely,9,Moderate (6-15 mi),2,2 - Medium,2,2 - Medium,1,1 - Low,3,3 - Better,2,3,3 - Excellent,5,5,3-5 Years,2,0,3,2,1,No,0
1789,46,40-49,Male,Divorced,Research & Development,Research Director,5,4,4 - Master,Medical,19328,"Executive (>$12,000)",734,46,14218,17,1,Yes,1,Travel_Rarely,2,Near (1-5 mi),4,4 - Very High,3,3 - High,3,3 - High,3,3 - Better,3,3,3 - Excellent,24,2,1-2 Years,1,2,2,3,7,No,0
1790,36,30-39,Male,Married,Research & Development,Healthcare Representative,3,3,3 - Bachelor,Life Sciences,8321,"High ($7,001 - $12,000)",1383,90,25949,13,1,Yes,1,Travel_Rarely,10,Moderate (6-15 mi),1,1 - Low,4,4 - Very High,4,4 - Very High,3,3 - Better,3,3,3 - Excellent,15,12,10+ Years,8,5,7,1,7,No,0
1792,44,40-49,Male,Divorced,Research & Development,Research Scientist,1,2,2 - College,Medical,2342,"Low (<$3,500)",429,99,11092,12,3,Yes,1,Travel_Frequently,1,Near (1-5 mi),2,2 - Medium,3,3 - High,3,3 - High,2,2 - Good,3,3,3 - Excellent,6,5,3-5 Years,3,2,3,2,1,Yes,1
1794,37,30-39,Male,Divorced,Human Resources,Human Resources,2,2,2 - College,Other,4071,"Mid ($3,500 - $7,000)",1239,89,12832,13,0,No,0,Travel_Rarely,8,Moderate (6-15 mi),2,2 - Medium,3,3 - High,3,3 - High,2,2 - Good,3,3,3 - Excellent,19,10,6-10 Years,0,4,7,4,2,No,0
1797,35,30-39,Male,Single,Sales,Sales Executive,2,3,3 - Bachelor,Life Sciences,5813,"Mid ($3,500 - $7,000)",303,84,13492,18,0,Yes,1,Travel_Rarely,27,Very Far (26+ mi),4,4 - Very High,3,3 - High,4,4 - Very High,3,3 - Better,3,3,3 - Excellent,10,10,6-10 Years,7,7,7,2,1,Yes,1
1798,33,30-39,Male,Married,Research & Development,Research Scientist,1,4,4 - Master,Life Sciences,3143,"Low (<$3,500)",867,90,6076,19,1,No,0,Travel_Rarely,8,Moderate (6-15 mi),1,1 - Low,4,4 - Very High,2,2 - Medium,3,3 - Better,4,3,3 - Excellent,14,10,6-10 Years,8,7,6,1,6,No,0
1799,28,Under 30,Male,Married,Research & Development,Research Scientist,1,3,3 - Bachelor,Life Sciences,2044,"Low (<$3,500)",1181,82,5531,11,1,No,0,Travel_Rarely,1,Near (1-5 mi),4,4 - Very High,3,3 - High,3,3 - High,4,4 - Best,3,3,3 - Excellent,5,5,3-5 Years,3,0,3,6,1,No,0
1800,39,30-39,Male,Single,Research & Development,Research Director,3,1,1 - Below College,Medical,13464,"Executive (>$12,000)",1253,65,7914,21,0,No,0,Travel_Rarely,10,Moderate (6-15 mi),3,3 - High,3,3 - High,3,3 - High,3,3 - Better,3,4,4 - Outstanding,9,4,3-5 Years,3,2,2,3,7,No,0
1801,46,40-49,Male,Single,Sales,Sales Executive,2,2,2 - College,Life Sciences,7991,"High ($7,001 - $12,000)",849,98,25166,15,0,No,0,Non-Travel,26,Very Far (26+ mi),2,2 - Medium,2,2 - Medium,3,3 - High,3,3 - Better,2,3,3 - Excellent,6,2,1-2 Years,2,2,2,3,8,No,0
1802,40,40-49,Female,Married,Research & Development,Laboratory Technician,1,2,2 - College,Life Sciences,3377,"Low (<$3,500)",616,99,25605,17,1,No,0,Travel_Rarely,2,Near (1-5 mi),1,1 - Low,3,3 - High,4,4 - Very High,2,2 - Good,3,3,3 - Excellent,7,4,3-5 Years,3,0,2,5,4,No,0
1803,42,40-49,Male,Married,Research & Development,Healthcare Representative,2,3,3 - Bachelor,Medical,5538,"Mid ($3,500 - $7,000)",1128,95,5696,18,2,No,0,Travel_Rarely,13,Moderate (6-15 mi),1,1 - Low,2,2 - Medium,3,3 - High,2,2 - Good,4,3,3 - Excellent,10,0,< 1 Year,0,0,0,2,5,No,0
1804,35,30-39,Male,Divorced,Research & Development,Manufacturing Director,2,2,2 - College,Medical,5762,"Mid ($3,500 - $7,000)",1180,90,24442,14,1,No,0,Non-Travel,2,Near (1-5 mi),4,4 - Very High,2,2 - Medium,3,3 - High,3,3 - Better,3,3,3 - Excellent,15,7,6-10 Years,7,1,7,6,2,No,0
1805,38,30-39,Male,Divorced,Human Resources,Human Resources,1,3,3 - Bachelor,Human Resources,2592,"Low (<$3,500)",1336,100,7129,13,3,No,0,Non-Travel,2,Near (1-5 mi),2,2 - Medium,1,1 - Low,4,4 - Very High,3,3 - Better,3,3,3 - Excellent,13,11,10+ Years,10,3,8,3,5,No,0
1807,34,30-39,Male,Married,Research & Development,Laboratory Technician,2,4,4 - Master,Life Sciences,5346,"Mid ($3,500 - $7,000)",234,93,6208,17,1,No,0,Travel_Frequently,9,Moderate (6-15 mi),1,1 - Low,4,4 - Very High,3,3 - High,2,2 - Good,3,3,3 - Excellent,11,7,6-10 Years,1,0,7,3,4,Yes,1
1809,37,30-39,Male,Single,Research & Development,Manufacturing Director,2,4,4 - Master,Medical,4213,"Mid ($3,500 - $7,000)",370,58,4992,15,0,No,0,Travel_Rarely,10,Moderate (6-15 mi),1,1 - Low,4,4 - Very High,2,2 - Medium,1,1 - Bad,3,3,3 - Excellent,10,10,6-10 Years,3,0,8,4,1,Yes,1
1812,39,30-39,Male,Divorced,Sales,Sales Executive,2,3,3 - Bachelor,Life Sciences,4127,"Mid ($3,500 - $7,000)",766,83,19188,18,1,No,0,Travel_Frequently,20,Far (16-25 mi),4,4 - Very High,3,3 - High,4,4 - Very High,3,3 - Better,3,3,3 - Excellent,7,2,1-2 Years,1,2,2,6,2,No,0
1813,43,40-49,Male,Single,Research & Development,Research Scientist,1,3,3 - Bachelor,Life Sciences,2438,"Low (<$3,500)",343,52,24978,13,0,No,0,Non-Travel,9,Moderate (6-15 mi),3,3 - High,1,1 - Low,3,3 - High,2,2 - Good,3,3,3 - Excellent,7,3,3-5 Years,2,1,2,2,4,No,0
1814,41,40-49,Male,Single,Research & Development,Healthcare Representative,2,3,3 - Bachelor,Life Sciences,6870,"Mid ($3,500 - $7,000)",447,85,15530,12,0,No,0,Travel_Rarely,5,Near (1-5 mi),2,2 - Medium,2,2 - Medium,1,1 - Low,1,1 - Bad,4,3,3 - Excellent,11,3,3-5 Years,2,1,2,3,3,No,0
1815,41,40-49,Female,Divorced,Sales,Sales Executive,3,1,1 - Below College,Marketing,10447,"High ($7,001 - $12,000)",796,81,26458,13,1,Yes,1,Travel_Rarely,4,Near (1-5 mi),3,3 - High,3,3 - High,4,4 - Very High,4,4 - Best,3,3,3 - Excellent,23,22,10+ Years,14,13,5,3,0,No,0
1816,30,30-39,Female,Single,Research & Development,Manufacturing Director,3,3,3 - Bachelor,Medical,9667,"High ($7,001 - $12,000)",1092,64,2739,14,0,No,0,Travel_Rarely,10,Moderate (6-15 mi),3,3 - High,1,1 - Low,2,2 - Medium,3,3 - Better,3,3,3 - Excellent,9,7,6-10 Years,7,0,2,3,9,No,0
1818,26,Under 30,Female,Married,Human Resources,Human Resources,1,2,2 - College,Medical,2148,"Low (<$3,500)",920,69,6889,11,0,Yes,1,Travel_Rarely,20,Far (16-25 mi),2,2 - Medium,4,4 - Very High,3,3 - High,3,3 - Better,3,3,3 - Excellent,6,5,3-5 Years,1,1,4,3,0,Yes,1
1821,46,40-49,Female,Married,Research & Development,Healthcare Representative,2,2,2 - College,Medical,8926,"High ($7,001 - $12,000)",261,66,10842,22,1,No,0,Travel_Rarely,21,Far (16-25 mi),2,2 - Medium,4,4 - Very High,4,4 - Very High,4,4 - Best,3,4,4 - Outstanding,13,9,6-10 Years,7,3,7,2,4,Yes,1
1822,40,40-49,Female,Divorced,Research & Development,Healthcare Representative,2,3,3 - Bachelor,Life Sciences,6513,"Mid ($3,500 - $7,000)",1194,52,9060,17,1,No,0,Travel_Rarely,1,Near (1-5 mi),4,4 - Very High,3,3 - High,4,4 - Very High,3,3 - Better,3,3,3 - Excellent,12,5,3-5 Years,3,0,3,3,4,No,0
1823,34,30-39,Male,Married,Sales,Sales Executive,2,2,2 - College,Technical Degree,6799,"Mid ($3,500 - $7,000)",810,92,22128,21,2,No,0,Travel_Rarely,8,Moderate (6-15 mi),3,3 - High,2,2 - Medium,3,3 - High,3,3 - Better,4,4,4 - Outstanding,10,10,6-10 Years,8,4,8,5,1,No,0
1824,58,50+,Male,Divorced,Sales,Manager,4,3,3 - Bachelor,Medical,16291,"Executive (>$12,000)",350,52,22577,22,1,No,0,Non-Travel,2,Near (1-5 mi),2,2 - Medium,2,2 - Medium,4,4 - Very High,2,2 - Good,3,4,4 - Outstanding,37,16,10+ Years,9,14,14,0,4,No,0
1826,35,30-39,Male,Married,Research & Development,Laboratory Technician,1,4,4 - Master,Medical,2705,"Low (<$3,500)",185,91,9696,16,1,No,0,Travel_Rarely,23,Far (16-25 mi),3,3 - High,2,2 - Medium,2,2 - Medium,4,4 - Best,1,3,3 - Excellent,6,5,3-5 Years,4,0,3,2,0,No,0
1827,47,40-49,Female,Divorced,Research & Development,Manufacturing Director,3,3,3 - Bachelor,Life Sciences,10333,"High ($7,001 - $12,000)",1001,92,19271,12,1,Yes,1,Travel_Rarely,4,Near (1-5 mi),2,2 - Medium,3,3 - High,3,3 - High,3,3 - Better,2,3,3 - Excellent,28,22,10+ Years,11,14,10,4,8,No,0
1829,40,40-49,Female,Divorced,Research & Development,Healthcare Representative,2,3,3 - Bachelor,Life Sciences,4448,"Mid ($3,500 - $7,000)",750,47,10748,12,1,No,0,Travel_Rarely,12,Moderate (6-15 mi),1,1 - Low,2,2 - Medium,2,2 - Medium,3,3 - Better,3,3,3 - Excellent,15,7,6-10 Years,4,7,7,3,2,No,0
1830,54,50+,Female,Married,Research & Development,Research Scientist,2,4,4 - Master,Medical,6854,"Mid ($3,500 - $7,000)",431,68,15696,15,1,No,0,Travel_Rarely,7,Moderate (6-15 mi),4,4 - Very High,4,4 - Very High,2,2 - Medium,2,2 - Good,3,3,3 - Excellent,14,7,6-10 Years,1,1,7,2,4,No,0
1833,31,30-39,Female,Married,Sales,Sales Executive,3,4,4 - Master,Marketing,9637,"High ($7,001 - $12,000)",1125,68,8277,14,2,No,0,Travel_Frequently,7,Moderate (6-15 mi),1,1 - Low,1,1 - Low,4,4 - Very High,3,3 - Better,3,3,3 - Excellent,9,3,3-5 Years,2,2,2,3,2,No,0
1834,28,Under 30,Female,Married,Research & Development,Research Scientist,1,3,3 - Bachelor,Medical,3591,"Mid ($3,500 - $7,000)",1217,67,12719,25,1,No,0,Travel_Rarely,1,Near (1-5 mi),1,1 - Low,3,3 - High,3,3 - High,3,3 - Better,3,4,4 - Outstanding,3,3,3-5 Years,2,1,2,3,1,No,0
1835,38,30-39,Female,Married,Sales,Sales Representative,2,4,4 - Master,Marketing,5405,"Mid ($3,500 - $7,000)",723,77,4244,20,2,Yes,1,Travel_Rarely,2,Near (1-5 mi),4,4 - Very High,2,2 - Medium,1,1 - Low,2,2 - Good,1,4,4 - Outstanding,20,4,3-5 Years,2,0,3,4,2,No,0
1836,26,Under 30,Male,Single,Sales,Sales Executive,2,3,3 - Bachelor,Medical,4684,"Mid ($3,500 - $7,000)",572,46,9125,13,0,No,0,Travel_Rarely,10,Moderate (6-15 mi),4,4 - Very High,3,3 - High,1,1 - Low,3,3 - Better,3,3,3 - Excellent,5,5,3-5 Years,3,1,2,4,1,No,0
1837,58,50+,Male,Married,Research & Development,Research Director,4,4,4 - Master,Life Sciences,15787,"Executive (>$12,000)",1216,87,21624,14,0,Yes,1,Travel_Frequently,15,Moderate (6-15 mi),3,3 - High,1,1 - Low,2,2 - Medium,3,3 - Better,3,3,3 - Excellent,23,2,1-2 Years,2,2,2,3,2,No,0
1839,18,Under 30,Female,Single,Research & Development,Research Scientist,1,3,3 - Bachelor,Medical,1514,"Low (<$3,500)",1431,33,8018,16,0,No,0,Non-Travel,14,Moderate (6-15 mi),3,3 - High,2,2 - Medium,3,3 - High,1,1 - Bad,3,3,3 - Excellent,0,0,< 1 Year,0,0,0,4,1,No,0
1842,31,30-39,Male,Married,Human Resources,Human Resources,1,5,5 - Doctor,Human Resources,2956,"Low (<$3,500)",359,89,21495,17,0,No,0,Travel_Rarely,18,Far (16-25 mi),1,1 - Low,4,4 - Very High,3,3 - High,3,3 - Better,4,3,3 - Excellent,2,1,1-2 Years,0,0,0,4,0,Yes,1
1844,29,Under 30,Male,Divorced,Human Resources,Human Resources,1,3,3 - Bachelor,Human Resources,2335,"Low (<$3,500)",350,56,3157,15,3,Yes,1,Travel_Rarely,13,Moderate (6-15 mi),1,1 - Low,1,1 - Low,4,4 - Very High,3,3 - Better,2,3,3 - Excellent,4,2,1-2 Years,2,2,0,3,4,Yes,1
1845,45,40-49,Female,Married,Sales,Sales Executive,2,4,4 - Master,Life Sciences,5154,"Mid ($3,500 - $7,000)",589,67,19665,22,2,No,0,Non-Travel,2,Near (1-5 mi),3,3 - High,3,3 - High,2,2 - Medium,4,4 - Best,3,4,4 - Outstanding,10,8,6-10 Years,7,5,7,3,4,No,0
1847,36,30-39,Female,Married,Research & Development,Research Scientist,2,4,4 - Master,Other,6962,"Mid ($3,500 - $7,000)",430,73,19573,22,1,Yes,1,Travel_Rarely,2,Near (1-5 mi),2,2 - Medium,4,4 - Very High,4,4 - Very High,3,3 - Better,3,4,4 - Outstanding,15,1,1-2 Years,0,0,0,2,4,No,0
1849,43,40-49,Male,Married,Sales,Sales Executive,2,4,4 - Master,Life Sciences,5675,"Mid ($3,500 - $7,000)",1422,92,19246,20,1,No,0,Travel_Frequently,2,Near (1-5 mi),4,4 - Very High,1,1 - Low,3,3 - High,3,3 - Better,3,4,4 - Outstanding,7,7,6-10 Years,7,7,7,5,1,No,0
1850,27,Under 30,Female,Single,Research & Development,Laboratory Technician,1,2,2 - College,Life Sciences,2379,"Low (<$3,500)",1297,53,19826,14,0,Yes,1,Travel_Frequently,5,Near (1-5 mi),4,4 - Very High,4,4 - Very High,3,3 - High,2,2 - Good,3,3,3 - Excellent,6,5,3-5 Years,4,0,2,3,0,No,0
1852,29,Under 30,Male,Married,Research & Development,Laboratory Technician,1,1,1 - Below College,Medical,3812,"Mid ($3,500 - $7,000)",574,40,7003,13,0,No,0,Travel_Frequently,20,Far (16-25 mi),4,4 - Very High,4,4 - Very High,2,2 - Medium,4,4 - Best,3,3,3 - Excellent,11,11,10+ Years,8,3,10,3,1,No,0
1853,32,30-39,Male,Single,Sales,Sales Executive,2,4,4 - Master,Marketing,4648,"Mid ($3,500 - $7,000)",1318,79,26075,13,0,No,0,Travel_Frequently,10,Moderate (6-15 mi),4,4 - Very High,4,4 - Very High,3,3 - High,4,4 - Best,3,3,3 - Excellent,4,0,< 1 Year,0,0,0,2,8,No,0
1854,42,40-49,Male,Married,Research & Development,Research Scientist,1,4,4 - Master,Technical Degree,2936,"Low (<$3,500)",355,38,6161,22,2,No,0,Non-Travel,10,Moderate (6-15 mi),3,3 - High,3,3 - High,2,2 - Medium,2,2 - Good,3,4,4 - Outstanding,10,6,6-10 Years,3,3,3,1,3,No,0
1856,47,40-49,Female,Single,Research & Development,Laboratory Technician,1,4,4 - Master,Life Sciences,2105,"Low (<$3,500)",207,64,5411,12,0,No,0,Travel_Rarely,9,Moderate (6-15 mi),3,3 - High,2,2 - Medium,3,3 - High,3,3 - Better,3,3,3 - Excellent,7,2,1-2 Years,2,2,0,2,4,No,0
1857,46,40-49,Male,Divorced,Research & Development,Manufacturing Director,3,2,2 - College,Life Sciences,8578,"High ($7,001 - $12,000)",706,82,19989,14,1,No,0,Travel_Rarely,2,Near (1-5 mi),4,4 - Very High,4,4 - Very High,3,3 - High,2,2 - Good,3,3,3 - Excellent,12,9,6-10 Years,8,4,7,4,3,No,0
1858,28,Under 30,Male,Divorced,Human Resources,Human Resources,1,2,2 - College,Life Sciences,2706,"Low (<$3,500)",280,43,10494,15,1,No,0,Non-Travel,1,Near (1-5 mi),4,4 - Very High,3,3 - High,2,2 - Medium,3,3 - Better,3,3,3 - Excellent,3,3,3-5 Years,2,2,2,2,1,No,0
1859,29,Under 30,Male,Divorced,Research & Development,Healthcare Representative,2,1,1 - Below College,Life Sciences,6384,"Mid ($3,500 - $7,000)",726,93,21143,17,2,No,0,Travel_Rarely,29,Very Far (26+ mi),3,3 - High,4,4 - Very High,4,4 - Very High,3,3 - Better,1,3,3 - Excellent,11,7,6-10 Years,0,1,6,3,8,No,0
1860,42,40-49,Male,Single,Research & Development,Laboratory Technician,1,3,3 - Bachelor,Life Sciences,3968,"Mid ($3,500 - $7,000)",1142,81,13624,13,0,No,0,Travel_Rarely,8,Moderate (6-15 mi),3,3 - High,4,4 - Very High,4,4 - Very High,3,3 - Better,3,3,3 - Excellent,8,0,< 1 Year,0,0,0,3,4,No,0
1862,32,30-39,Male,Single,Sales,Sales Executive,2,4,4 - Master,Marketing,9907,"High ($7,001 - $12,000)",414,82,26186,12,0,Yes,1,Travel_Rarely,2,Near (1-5 mi),2,2 - Medium,3,3 - High,3,3 - High,2,2 - Good,2,3,3 - Excellent,7,2,1-2 Years,2,2,2,3,7,Yes,1
1863,46,40-49,Female,Divorced,Sales,Sales Executive,4,3,3 - Bachelor,Technical Degree,13225,"Executive (>$12,000)",1319,45,7739,12,1,No,0,Travel_Rarely,3,Near (1-5 mi),1,1 - Low,1,1 - Low,4,4 - Very High,3,3 - Better,4,3,3 - Excellent,25,19,10+ Years,17,2,8,5,2,No,0
1864,27,Under 30,Female,Married,Sales,Sales Representative,2,1,1 - Below College,Medical,3540,"Mid ($3,500 - $7,000)",728,36,7018,21,1,No,0,Travel_Rarely,23,Far (16-25 mi),3,3 - High,2,2 - Medium,4,4 - Very High,3,3 - Better,2,4,4 - Outstanding,9,9,6-10 Years,8,5,8,5,1,No,0
1865,29,Under 30,Male,Married,Human Resources,Human Resources,1,1,1 - Below College,Medical,2804,"Low (<$3,500)",352,87,15434,11,0,No,0,Travel_Rarely,6,Moderate (6-15 mi),2,2 - Medium,4,4 - Very High,4,4 - Very High,3,3 - Better,2,3,3 - Excellent,1,1,1-2 Years,0,0,0,3,1,No,0
1866,43,40-49,Female,Married,Research & Development,Manager,5,3,3 - Bachelor,Medical,19392,"Executive (>$12,000)",823,81,22539,13,0,No,0,Travel_Rarely,6,Moderate (6-15 mi),3,3 - High,1,1 - Low,4,4 - Very High,3,3 - Better,2,3,3 - Excellent,21,16,10+ Years,12,6,14,2,7,No,0
1867,48,40-49,Male,Married,Research & Development,Research Director,5,3,3 - Bachelor,Life Sciences,19665,"Executive (>$12,000)",1224,91,13583,12,0,No,0,Travel_Rarely,10,Moderate (6-15 mi),2,2 - Medium,4,4 - Very High,4,4 - Very High,3,3 - Better,2,3,3 - Excellent,29,22,10+ Years,10,12,9,3,4,No,0
1868,29,Under 30,Male,Single,Research & Development,Research Scientist,1,2,2 - College,Life Sciences,2439,"Low (<$3,500)",459,73,14753,24,0,Yes,1,Travel_Frequently,24,Far (16-25 mi),4,4 - Very High,4,4 - Very High,2,2 - Medium,2,2 - Good,2,4,4 - Outstanding,1,1,1-2 Years,0,1,0,3,1,Yes,1
1869,46,40-49,Female,Married,Sales,Sales Executive,3,3,3 - Bachelor,Life Sciences,7314,"High ($7,001 - $12,000)",1254,64,14011,21,3,No,0,Travel_Rarely,10,Moderate (6-15 mi),2,2 - Medium,3,3 - High,3,3 - High,3,3 - Better,3,4,4 - Outstanding,14,8,6-10 Years,7,0,7,2,5,Yes,1
1870,27,Under 30,Female,Married,Research & Development,Research Scientist,1,3,3 - Bachelor,Life Sciences,4774,"Mid ($3,500 - $7,000)",1131,77,23844,19,1,No,0,Travel_Frequently,15,Moderate (6-15 mi),1,1 - Low,4,4 - Very High,4,4 - Very High,2,2 - Good,2,3,3 - Excellent,8,7,6-10 Years,6,7,3,2,0,No,0
1871,39,30-39,Male,Divorced,Research & Development,Research Scientist,2,4,4 - Master,Other,3902,"Mid ($3,500 - $7,000)",835,41,5141,14,3,No,0,Travel_Rarely,19,Far (16-25 mi),4,4 - Very High,4,4 - Very High,2,2 - Medium,3,3 - Better,3,3,3 - Excellent,7,2,1-2 Years,2,2,2,2,8,No,0
1873,55,50+,Male,Married,Research & Development,Research Scientist,1,4,4 - Master,Technical Degree,2662,"Low (<$3,500)",836,98,7975,20,1,No,0,Travel_Rarely,2,Near (1-5 mi),4,4 - Very High,2,2 - Medium,2,2 - Medium,4,4 - Best,2,4,4 - Outstanding,19,5,3-5 Years,2,0,4,2,8,No,0
1875,28,Under 30,Female,Married,Sales,Sales Representative,1,3,3 - Bachelor,Medical,2856,"Low (<$3,500)",1172,78,3692,19,1,No,0,Travel_Rarely,3,Near (1-5 mi),2,2 - Medium,2,2 - Medium,4,4 - Very High,3,3 - Better,3,3,3 - Excellent,1,1,1-2 Years,0,0,0,3,1,No,0
1876,30,30-39,Male,Single,Sales,Sales Representative,1,3,3 - Bachelor,Medical,1081,"Low (<$3,500)",945,89,16019,13,0,No,0,Travel_Rarely,9,Moderate (6-15 mi),4,4 - Very High,2,2 - Medium,3,3 - High,2,2 - Good,3,3,3 - Excellent,1,1,1-2 Years,0,0,0,3,1,Yes,1
1878,22,Under 30,Male,Single,Research & Development,Research Scientist,1,1,1 - Below College,Life Sciences,2472,"Low (<$3,500)",391,75,26092,23,0,Yes,1,Travel_Rarely,7,Moderate (6-15 mi),2,2 - Medium,4,4 - Very High,1,1 - Low,3,3 - Better,3,4,4 - Outstanding,1,1,1-2 Years,0,0,0,2,1,Yes,1
1880,36,30-39,Female,Married,Sales,Sales Executive,2,4,4 - Master,Technical Degree,5673,"Mid ($3,500 - $7,000)",1266,63,6060,13,1,Yes,1,Travel_Rarely,10,Moderate (6-15 mi),3,3 - High,2,2 - Medium,1,1 - Low,3,3 - Better,2,3,3 - Excellent,10,10,6-10 Years,9,1,7,4,1,No,0
1881,31,30-39,Male,Divorced,Research & Development,Laboratory Technician,2,3,3 - Bachelor,Life Sciences,4197,"Mid ($3,500 - $7,000)",311,89,18624,11,1,No,0,Travel_Rarely,20,Far (16-25 mi),3,3 - High,2,2 - Medium,1,1 - Low,3,3 - Better,3,3,3 - Excellent,10,10,6-10 Years,8,0,2,2,1,No,0
1882,34,30-39,Male,Married,Sales,Sales Executive,3,3,3 - Bachelor,Life Sciences,9713,"High ($7,001 - $12,000)",1480,64,24444,13,3,Yes,1,Travel_Rarely,4,Near (1-5 mi),4,4 - Very High,3,3 - High,4,4 - Very High,3,3 - Better,3,3,3 - Excellent,9,5,3-5 Years,3,1,0,3,2,No,0
1883,29,Under 30,Male,Single,Research & Development,Laboratory Technician,1,3,3 - Bachelor,Life Sciences,2062,"Low (<$3,500)",592,59,19384,14,0,No,0,Travel_Rarely,7,Moderate (6-15 mi),1,1 - Low,4,4 - Very High,2,2 - Medium,3,3 - Better,3,3,3 - Excellent,11,3,3-5 Years,2,1,2,2,3,No,0
1885,37,30-39,Male,Married,Research & Development,Research Scientist,2,4,4 - Master,Medical,4284,"Mid ($3,500 - $7,000)",783,78,13588,22,1,Yes,1,Travel_Rarely,7,Moderate (6-15 mi),1,1 - Low,4,4 - Very High,3,3 - High,3,3 - Better,3,4,4 - Outstanding,16,5,3-5 Years,3,0,4,2,5,No,0
1886,35,30-39,Female,Married,Research & Development,Manufacturing Director,2,2,2 - College,Other,4788,"Mid ($3,500 - $7,000)",219,44,25388,11,0,Yes,1,Travel_Rarely,16,Far (16-25 mi),2,2 - Medium,4,4 - Very High,4,4 - Very High,3,3 - Better,2,3,3 - Excellent,4,3,3-5 Years,2,0,2,2,0,No,0
1888,45,40-49,Female,Married,Research & Development,Manufacturing Director,2,2,2 - College,Life Sciences,5906,"Mid ($3,500 - $7,000)",556,93,23888,13,2,No,0,Travel_Rarely,25,Far (16-25 mi),4,4 - Very High,2,2 - Medium,4,4 - Very High,2,2 - Good,2,3,3 - Excellent,10,9,6-10 Years,8,3,8,2,0,No,0
1890,36,30-39,Male,Single,Human Resources,Human Resources,2,1,1 - Below College,Human Resources,3886,"Mid ($3,500 - $7,000)",1213,94,4223,21,0,No,0,Travel_Frequently,2,Near (1-5 mi),4,4 - Very High,2,2 - Medium,4,4 - Very High,2,2 - Good,2,4,4 - Outstanding,10,10,6-10 Years,1,0,8,2,1,No,0
1892,40,40-49,Male,Divorced,Research & Development,Manager,4,4,4 - Master,Life Sciences,16823,"Executive (>$12,000)",1137,98,18991,11,1,No,0,Travel_Rarely,1,Near (1-5 mi),1,1 - Low,1,1 - Low,1,1 - Low,3,3 - Better,3,3,3 - Excellent,22,19,10+ Years,7,11,16,3,2,No,0
1893,26,Under 30,Female,Married,Research & Development,Research Scientist,1,2,2 - College,Life Sciences,2933,"Low (<$3,500)",482,90,14908,13,1,Yes,1,Travel_Rarely,1,Near (1-5 mi),3,3 - High,2,2 - Medium,3,3 - High,2,2 - Good,2,3,3 - Excellent,1,1,1-2 Years,0,1,0,3,1,No,0
1898,27,Under 30,Female,Single,Sales,Sales Executive,2,2,2 - College,Medical,6500,"Mid ($3,500 - $7,000)",511,89,26997,14,0,No,0,Travel_Rarely,2,Near (1-5 mi),3,3 - High,1,1 - Low,2,2 - Medium,2,2 - Good,4,3,3 - Excellent,9,8,6-10 Years,7,0,7,5,0,No,0
1900,48,40-49,Female,Divorced,Research & Development,Manager,4,3,3 - Bachelor,Medical,17174,"Executive (>$12,000)",117,58,2437,11,1,No,0,Travel_Frequently,22,Far (16-25 mi),4,4 - Very High,4,4 - Very High,2,2 - Medium,3,3 - Better,3,3,3 - Excellent,24,22,10+ Years,17,4,7,3,3,No,0
1903,44,40-49,Male,Married,Research & Development,Healthcare Representative,2,4,4 - Master,Life Sciences,5033,"Mid ($3,500 - $7,000)",170,78,9364,15,1,No,0,Travel_Rarely,1,Near (1-5 mi),1,1 - Low,2,2 - Medium,4,4 - Very High,3,3 - Better,4,3,3 - Excellent,10,2,1-2 Years,0,2,2,5,2,No,0
1905,34,30-39,Male,Married,Research & Development,Research Scientist,1,4,4 - Master,Technical Degree,2307,"Low (<$3,500)",967,85,14460,23,1,Yes,1,Non-Travel,16,Far (16-25 mi),1,1 - Low,4,4 - Very High,2,2 - Medium,3,3 - Better,1,4,4 - Outstanding,5,5,3-5 Years,2,3,0,2,1,Yes,1
1907,56,50+,Male,Single,Research & Development,Laboratory Technician,1,2,2 - College,Life Sciences,2587,"Low (<$3,500)",1162,97,10261,16,0,No,0,Travel_Rarely,24,Far (16-25 mi),4,4 - Very High,1,1 - Low,4,4 - Very High,3,3 - Better,3,3,3 - Excellent,5,4,3-5 Years,2,1,0,3,1,Yes,1
1908,36,30-39,Male,Married,Sales,Sales Executive,2,2,2 - College,Marketing,5507,"Mid ($3,500 - $7,000)",335,33,16822,16,2,No,0,Travel_Rarely,17,Far (16-25 mi),2,2 - Medium,3,3 - High,3,3 - High,1,1 - Bad,2,3,3 - Excellent,12,4,3-5 Years,2,1,3,1,2,No,0
1909,41,40-49,Female,Married,Sales,Sales Executive,2,3,3 - Bachelor,Marketing,4393,"Mid ($3,500 - $7,000)",337,54,26841,21,1,No,0,Travel_Rarely,8,Moderate (6-15 mi),2,2 - Medium,3,3 - High,3,3 - High,3,3 - Better,3,4,4 - Outstanding,14,5,3-5 Years,4,1,4,3,5,No,0
1911,42,40-49,Male,Married,Research & Development,Research Director,3,3,3 - Bachelor,Medical,13348,"Executive (>$12,000)",1396,83,14842,13,1,No,0,Travel_Rarely,6,Moderate (6-15 mi),1,1 - Low,3,3 - High,2,2 - Medium,4,4 - Best,3,3,3 - Excellent,18,13,10+ Years,7,5,7,3,9,No,0
1912,31,30-39,Female,Divorced,Sales,Sales Executive,2,2,2 - College,Medical,6583,"Mid ($3,500 - $7,000)",1079,86,20115,11,1,Yes,1,Travel_Rarely,10,Moderate (6-15 mi),4,4 - Very High,3,3 - High,4,4 - Very High,3,3 - Better,3,3,3 - Excellent,8,5,3-5 Years,2,1,4,2,2,No,0
1915,34,30-39,Female,Married,Sales,Sales Executive,2,1,1 - Below College,Medical,8103,"High ($7,001 - $12,000)",735,75,16495,12,0,Yes,1,Travel_Rarely,3,Near (1-5 mi),4,4 - Very High,4,4 - Very High,3,3 - High,2,2 - Good,2,3,3 - Excellent,9,4,3-5 Years,2,0,1,3,3,No,0
1916,31,30-39,Female,Divorced,Research & Development,Laboratory Technician,1,3,3 - Bachelor,Medical,3978,"Mid ($3,500 - $7,000)",471,62,16031,12,1,No,0,Travel_Rarely,4,Near (1-5 mi),3,3 - High,1,1 - Low,2,2 - Medium,2,2 - Good,4,3,3 - Excellent,4,2,1-2 Years,2,2,2,0,8,No,0
1918,26,Under 30,Male,Married,Research & Development,Laboratory Technician,1,3,3 - Bachelor,Other,2544,"Low (<$3,500)",1096,61,7102,18,1,No,0,Travel_Frequently,6,Moderate (6-15 mi),4,4 - Very High,3,3 - High,1,1 - Low,3,3 - Better,4,3,3 - Excellent,8,7,6-10 Years,7,7,7,3,0,No,0
1922,45,40-49,Male,Single,Research & Development,Healthcare Representative,2,4,4 - Master,Medical,5399,"Mid ($3,500 - $7,000)",1297,44,14511,12,0,No,0,Travel_Frequently,1,Near (1-5 mi),3,3 - High,2,2 - Medium,3,3 - High,3,3 - Better,3,3,3 - Excellent,12,4,3-5 Years,2,0,3,3,4,No,0
1924,33,30-39,Male,Single,Sales,Sales Executive,2,4,4 - Master,Marketing,5487,"Mid ($3,500 - $7,000)",217,43,10410,14,0,No,0,Travel_Rarely,10,Moderate (6-15 mi),3,3 - High,2,2 - Medium,2,2 - Medium,2,2 - Good,3,3,3 - Excellent,10,10,6-10 Years,4,0,9,2,1,No,0
1927,28,Under 30,Male,Married,Sales,Sales Executive,2,2,2 - College,Life Sciences,6834,"Mid ($3,500 - $7,000)",783,42,19255,12,1,Yes,1,Travel_Frequently,1,Near (1-5 mi),4,4 - Very High,3,3 - High,3,3 - High,3,3 - Better,2,3,3 - Excellent,7,7,6-10 Years,7,0,7,2,1,No,0
1928,29,Under 30,Male,Single,Sales,Sales Representative,1,3,3 - Bachelor,Technical Degree,1091,"Low (<$3,500)",746,45,10642,17,0,No,0,Travel_Frequently,24,Far (16-25 mi),1,1 - Low,3,3 - High,4,4 - Very High,3,3 - Better,4,3,3 - Excellent,1,1,1-2 Years,0,0,0,3,1,Yes,1
1929,39,30-39,Female,Married,Sales,Sales Executive,2,4,4 - Master,Life Sciences,5736,"Mid ($3,500 - $7,000)",1251,32,3987,19,1,No,0,Non-Travel,21,Far (16-25 mi),3,3 - High,1,1 - Low,3,3 - High,3,3 - Better,1,3,3 - Excellent,10,3,3-5 Years,2,1,2,1,6,No,0
1931,27,Under 30,Male,Married,Research & Development,Research Scientist,1,4,4 - Master,Technical Degree,2226,"Low (<$3,500)",1354,41,6073,11,1,No,0,Travel_Rarely,2,Near (1-5 mi),2,2 - Medium,2,2 - Medium,3,3 - High,2,2 - Good,3,3,3 - Excellent,6,5,3-5 Years,3,1,2,3,1,No,0
1932,34,30-39,Male,Married,Research & Development,Research Scientist,2,4,4 - Master,Other,5747,"Mid ($3,500 - $7,000)",735,86,26496,15,0,Yes,1,Travel_Frequently,22,Far (16-25 mi),4,4 - Very High,3,3 - High,2,2 - Medium,3,3 - Better,2,3,3 - Excellent,16,15,10+ Years,10,6,11,3,1,No,0
1933,28,Under 30,Female,Single,Sales,Sales Executive,2,2,2 - College,Marketing,9854,"High ($7,001 - $12,000)",1475,84,23352,11,0,Yes,1,Travel_Rarely,13,Moderate (6-15 mi),3,3 - High,4,4 - Very High,4,4 - Very High,3,3 - Better,3,3,3 - Excellent,6,2,1-2 Years,0,2,2,0,3,Yes,1
1934,47,40-49,Male,Married,Research & Development,Research Scientist,2,4,4 - Master,Technical Degree,5467,"Mid ($3,500 - $7,000)",1169,64,2125,18,1,No,0,Non-Travel,14,Moderate (6-15 mi),2,2 - Medium,3,3 - High,3,3 - High,4,4 - Best,3,3,3 - Excellent,16,8,6-10 Years,7,1,7,4,8,No,0
1935,56,50+,Female,Married,Sales,Sales Executive,2,5,5 - Doctor,Marketing,5380,"Mid ($3,500 - $7,000)",1443,89,20328,16,1,No,0,Travel_Rarely,11,Moderate (6-15 mi),1,1 - Low,4,4 - Very High,3,3 - High,3,3 - Better,2,3,3 - Excellent,6,0,< 1 Year,0,0,0,3,4,No,0
1936,39,30-39,Male,Married,Research & Development,Manufacturing Director,2,2,2 - College,Medical,5151,"Mid ($3,500 - $7,000)",867,87,12315,25,1,No,0,Travel_Rarely,9,Moderate (6-15 mi),1,1 - Low,1,1 - Low,4,4 - Very High,3,3 - Better,3,4,4 - Outstanding,10,10,6-10 Years,0,7,9,3,1,No,0
1937,38,30-39,Female,Divorced,Research & Development,Research Scientist,2,3,3 - Bachelor,Medical,2133,"Low (<$3,500)",1394,58,18115,16,1,Yes,1,Travel_Frequently,8,Moderate (6-15 mi),2,2 - Medium,4,4 - Very High,3,3 - High,3,3 - Better,2,3,3 - Excellent,20,20,10+ Years,11,0,7,3,1,No,0
1938,58,50+,Female,Married,Sales,Manager,4,3,3 - Bachelor,Life Sciences,17875,"Executive (>$12,000)",605,72,11761,13,1,Yes,1,Travel_Rarely,21,Far (16-25 mi),4,4 - Very High,4,4 - Very High,3,3 - High,2,2 - Good,3,3,3 - Excellent,29,1,1-2 Years,0,0,0,2,4,No,0
1939,32,30-39,Female,Single,Research & Development,Research Scientist,1,2,2 - College,Life Sciences,2432,"Low (<$3,500)",238,47,15318,14,0,Yes,1,Travel_Frequently,5,Near (1-5 mi),3,3 - High,1,1 - Low,1,1 - Low,3,3 - Better,4,3,3 - Excellent,8,4,3-5 Years,1,0,3,2,3,Yes,1
1940,38,30-39,Male,Divorced,Research & Development,Research Scientist,1,2,2 - College,Life Sciences,4771,"Mid ($3,500 - $7,000)",1206,71,14293,19,2,No,0,Travel_Rarely,9,Moderate (6-15 mi),4,4 - Very High,2,2 - Medium,4,4 - Very High,4,4 - Best,3,3,3 - Excellent,10,5,3-5 Years,2,0,3,0,2,No,0
1941,49,40-49,Male,Married,Research & Development,Research Director,5,1,1 - Below College,Life Sciences,19161,"Executive (>$12,000)",1064,42,13738,15,0,No,0,Travel_Frequently,2,Near (1-5 mi),4,4 - Very High,2,2 - Medium,4,4 - Very High,3,3 - Better,3,3,3 - Excellent,28,5,3-5 Years,4,4,3,3,3,No,0
1943,42,40-49,Male,Divorced,Sales,Sales Executive,2,4,4 - Master,Marketing,5087,"Mid ($3,500 - $7,000)",419,77,2900,12,2,Yes,1,Travel_Rarely,12,Moderate (6-15 mi),4,4 - Very High,2,2 - Medium,3,3 - High,3,3 - Better,3,3,3 - Excellent,14,0,< 1 Year,0,0,0,4,3,No,0
1944,27,Under 30,Female,Married,Human Resources,Human Resources,1,3,3 - Bachelor,Human Resources,2863,"Low (<$3,500)",1337,58,19555,12,0,No,0,Travel_Frequently,22,Far (16-25 mi),2,2 - Medium,1,1 - Low,1,1 - Low,3,3 - Better,2,3,3 - Excellent,1,1,1-2 Years,0,0,0,2,1,Yes,1
1945,35,30-39,Male,Married,Sales,Sales Executive,2,4,4 - Master,Medical,5561,"Mid ($3,500 - $7,000)",682,71,15975,16,1,No,0,Travel_Rarely,18,Far (16-25 mi),1,1 - Low,2,2 - Medium,4,4 - Very High,1,1 - Bad,3,3,3 - Excellent,6,5,3-5 Years,3,0,4,2,0,No,0
1947,28,Under 30,Male,Single,Research & Development,Research Scientist,1,3,3 - Bachelor,Medical,2144,"Low (<$3,500)",1103,49,2122,14,0,No,0,Non-Travel,16,Far (16-25 mi),3,3 - High,3,3 - High,3,3 - High,2,2 - Good,3,3,3 - Excellent,5,5,3-5 Years,3,1,4,3,1,No,0
1948,31,30-39,Male,Divorced,Research & Development,Research Scientist,1,2,2 - College,Medical,3065,"Low (<$3,500)",976,48,3995,13,1,Yes,1,Non-Travel,3,Near (1-5 mi),1,1 - Low,3,3 - High,4,4 - Very High,4,4 - Best,3,3,3 - Excellent,4,4,3-5 Years,2,2,3,3,1,No,0
1949,36,30-39,Male,Married,Research & Development,Laboratory Technician,1,4,4 - Master,Life Sciences,2810,"Low (<$3,500)",1351,66,9238,22,0,No,0,Non-Travel,9,Moderate (6-15 mi),2,2 - Medium,1,1 - Low,2,2 - Medium,3,3 - Better,4,4,4 - Outstanding,5,5,3-5 Years,4,0,2,3,1,No,0
1950,34,30-39,Male,Single,Sales,Sales Executive,3,3,3 - Bachelor,Marketing,9888,"High ($7,001 - $12,000)",937,32,6770,21,0,No,0,Travel_Rarely,1,Near (1-5 mi),4,4 - Very High,1,1 - Low,1,1 - Low,2,2 - Good,3,4,4 - Outstanding,14,14,10+ Years,8,2,1,3,1,No,0
1951,34,30-39,Male,Divorced,Sales,Sales Executive,3,4,4 - Master,Medical,8628,"High ($7,001 - $12,000)",1239,39,22914,18,1,No,0,Travel_Rarely,13,Moderate (6-15 mi),3,3 - High,4,4 - Very High,3,3 - High,2,2 - Good,3,3,3 - Excellent,9,8,6-10 Years,7,1,1,2,1,No,0
1952,26,Under 30,Male,Single,Research & Development,Laboratory Technician,1,3,3 - Bachelor,Medical,2867,"Low (<$3,500)",157,95,20006,13,0,No,0,Travel_Rarely,1,Near (1-5 mi),1,1 - Low,3,3 - High,4,4 - Very High,2,2 - Good,3,3,3 - Excellent,8,7,6-10 Years,7,7,6,6,0,No,0
1954,29,Under 30,Male,Married,Research & Development,Healthcare Representative,2,3,3 - Bachelor,Life Sciences,5373,"Mid ($3,500 - $7,000)",136,89,6225,12,1,No,0,Travel_Rarely,1,Near (1-5 mi),1,1 - Low,1,1 - Low,1,1 - Low,2,2 - Good,3,3,3 - Excellent,6,5,3-5 Years,3,0,2,5,0,No,0
1955,32,30-39,Female,Divorced,Research & Development,Healthcare Representative,2,4,4 - Master,Medical,6667,"Mid ($3,500 - $7,000)",1146,34,16542,18,1,No,0,Non-Travel,15,Moderate (6-15 mi),4,4 - Very High,3,3 - High,2,2 - Medium,3,3 - Better,3,3,3 - Excellent,9,5,3-5 Years,1,1,2,6,5,No,0
1956,31,30-39,Male,Married,Research & Development,Research Scientist,2,3,3 - Bachelor,Life Sciences,5003,"Mid ($3,500 - $7,000)",1125,48,5771,21,0,No,0,Travel_Frequently,1,Near (1-5 mi),1,1 - Low,4,4 - Very High,2,2 - Medium,3,3 - Better,1,4,4 - Outstanding,10,10,6-10 Years,8,8,7,6,1,No,0
1960,28,Under 30,Male,Divorced,Research & Development,Laboratory Technician,1,3,3 - Bachelor,Technical Degree,2367,"Low (<$3,500)",1404,32,18779,12,1,No,0,Travel_Rarely,17,Far (16-25 mi),4,4 - Very High,3,3 - High,1,1 - Low,2,2 - Good,2,3,3 - Excellent,6,4,3-5 Years,1,0,3,2,5,Yes,1
1961,38,30-39,Male,Single,Sales,Sales Representative,1,3,3 - Bachelor,Life Sciences,2858,"Low (<$3,500)",1404,59,11473,14,0,No,0,Travel_Rarely,1,Near (1-5 mi),1,1 - Low,1,1 - Low,1,1 - Low,2,2 - Good,2,3,3 - Excellent,20,1,1-2 Years,0,0,0,3,4,No,0
1962,35,30-39,Female,Married,Sales,Sales Executive,2,4,4 - Master,Life Sciences,5204,"Mid ($3,500 - $7,000)",1224,55,13586,11,0,Yes,1,Travel_Rarely,7,Moderate (6-15 mi),4,4 - Very High,3,3 - High,4,4 - Very High,3,3 - Better,3,3,3 - Excellent,10,10,6-10 Years,8,0,9,2,1,No,0
1965,27,Under 30,Male,Single,Sales,Sales Executive,2,3,3 - Bachelor,Marketing,4105,"Mid ($3,500 - $7,000)",954,44,5099,14,0,No,0,Travel_Rarely,9,Moderate (6-15 mi),4,4 - Very High,4,4 - Very High,1,1 - Low,3,3 - Better,3,3,3 - Excellent,7,7,6-10 Years,7,0,7,5,1,No,0
1966,32,30-39,Male,Single,Research & Development,Manufacturing Director,2,4,4 - Master,Life Sciences,9679,"High ($7,001 - $12,000)",1373,56,10138,24,0,No,0,Travel_Rarely,5,Near (1-5 mi),4,4 - Very High,4,4 - Very High,2,2 - Medium,3,3 - Better,2,4,4 - Outstanding,8,1,1-2 Years,0,0,0,1,8,No,0
1967,31,30-39,Male,Married,Sales,Sales Executive,2,4,4 - Master,Marketing,5617,"Mid ($3,500 - $7,000)",754,63,21075,11,0,Yes,1,Travel_Frequently,26,Very Far (26+ mi),4,4 - Very High,1,1 - Low,3,3 - High,3,3 - Better,3,3,3 - Excellent,10,10,6-10 Years,7,0,8,4,1,Yes,1
1968,53,50+,Male,Single,Sales,Sales Executive,3,4,4 - Master,Life Sciences,10448,"High ($7,001 - $12,000)",1168,66,5843,13,0,Yes,1,Travel_Rarely,24,Far (16-25 mi),1,1 - Low,1,1 - Low,2,2 - Medium,2,2 - Good,3,3,3 - Excellent,15,2,1-2 Years,2,2,2,2,6,Yes,1
1969,54,50+,Female,Married,Research & Development,Research Scientist,2,2,2 - College,Life Sciences,2897,"Low (<$3,500)",155,67,22474,11,2,No,0,Travel_Rarely,9,Moderate (6-15 mi),3,3 - High,1,1 - Low,3,3 - High,2,2 - Good,3,3,3 - Excellent,9,4,3-5 Years,3,2,3,6,3,No,0
1970,33,30-39,Male,Divorced,Research & Development,Healthcare Representative,2,2,2 - College,Life Sciences,5968,"Mid ($3,500 - $7,000)",1303,36,18079,20,3,No,0,Travel_Frequently,7,Moderate (6-15 mi),3,3 - High,4,4 - Very High,3,3 - High,3,3 - Better,3,4,4 - Outstanding,9,9,6-10 Years,7,2,8,2,1,No,0
1971,43,40-49,Male,Married,Research & Development,Healthcare Representative,3,3,3 - Bachelor,Life Sciences,7510,"High ($7,001 - $12,000)",574,30,16873,17,1,No,0,Travel_Rarely,11,Moderate (6-15 mi),3,3 - High,1,1 - Low,2,2 - Medium,3,3 - Better,3,3,3 - Excellent,10,10,6-10 Years,9,0,9,1,1,No,0
1972,38,30-39,Male,Married,Human Resources,Human Resources,1,4,4 - Master,Other,2991,"Low (<$3,500)",1444,88,5224,11,1,Yes,1,Travel_Frequently,1,Near (1-5 mi),2,2 - Medium,4,4 - Very High,2,2 - Medium,3,3 - Better,3,3,3 - Excellent,7,6,6-10 Years,2,1,2,2,0,No,0
1973,55,50+,Male,Married,Human Resources,Manager,5,4,4 - Master,Human Resources,19636,"Executive (>$12,000)",189,71,25811,18,1,Yes,1,Travel_Rarely,26,Very Far (26+ mi),2,2 - Medium,3,3 - High,1,1 - Low,3,3 - Better,4,3,3 - Excellent,35,10,6-10 Years,9,1,4,0,4,No,0
1974,31,30-39,Female,Divorced,Research & Development,Laboratory Technician,1,1,1 - Below College,Medical,1129,"Low (<$3,500)",1276,59,17536,11,3,Yes,1,Travel_Rarely,2,Near (1-5 mi),4,4 - Very High,4,4 - Very High,3,3 - High,3,3 - Better,1,3,3 - Excellent,1,1,1-2 Years,0,0,0,4,1,No,0
1975,39,30-39,Male,Single,Sales,Sales Executive,4,4,4 - Master,Marketing,13341,"Executive (>$12,000)",119,77,25098,12,0,No,0,Travel_Rarely,15,Moderate (6-15 mi),1,1 - Low,2,2 - Medium,1,1 - Low,3,3 - Better,3,3,3 - Excellent,21,20,10+ Years,8,11,10,3,0,No,0
1976,42,40-49,Male,Single,Research & Development,Research Scientist,2,2,2 - College,Life Sciences,4332,"Mid ($3,500 - $7,000)",335,37,14811,12,0,No,0,Non-Travel,23,Far (16-25 mi),3,3 - High,4,4 - Very High,4,4 - Very High,3,3 - Better,2,3,3 - Excellent,20,20,10+ Years,9,3,7,2,1,No,0
1979,31,30-39,Female,Married,Research & Development,Research Director,3,3,3 - Bachelor,Medical,11031,"High ($7,001 - $12,000)",697,40,26862,20,1,No,0,Non-Travel,10,Moderate (6-15 mi),3,3 - High,3,3 - High,3,3 - High,4,4 - Best,3,4,4 - Outstanding,13,11,10+ Years,7,4,8,2,4,No,0
1980,54,50+,Female,Single,Research & Development,Manufacturing Director,2,3,3 - Bachelor,Medical,4440,"Mid ($3,500 - $7,000)",157,77,25198,19,0,Yes,1,Travel_Rarely,10,Moderate (6-15 mi),1,1 - Low,3,3 - High,4,4 - Very High,3,3 - Better,3,3,3 - Excellent,9,5,3-5 Years,2,1,4,3,6,No,0
1981,24,Under 30,Male,Single,Research & Development,Healthcare Representative,2,2,2 - College,Life Sciences,4617,"Mid ($3,500 - $7,000)",771,45,14120,12,0,No,0,Travel_Rarely,1,Near (1-5 mi),3,3 - High,2,2 - Medium,2,2 - Medium,2,2 - Good,2,3,3 - Excellent,4,4,3-5 Years,3,1,2,2,1,No,0
1982,23,Under 30,Male,Single,Research & Development,Laboratory Technician,1,2,2 - College,Other,2647,"Low (<$3,500)",571,78,13672,13,0,No,0,Travel_Rarely,12,Moderate (6-15 mi),4,4 - Very High,4,4 - Very High,3,3 - High,4,4 - Best,3,3,3 - Excellent,5,5,3-5 Years,2,1,4,6,1,No,0
1985,40,40-49,Female,Married,Research & Development,Laboratory Technician,2,3,3 - Bachelor,Technical Degree,6323,"Mid ($3,500 - $7,000)",692,73,26849,11,1,No,0,Travel_Frequently,11,Moderate (6-15 mi),3,3 - High,4,4 - Very High,1,1 - Low,4,4 - Best,3,3,3 - Excellent,10,10,6-10 Years,9,9,4,2,1,No,0
1986,40,40-49,Female,Married,Sales,Sales Executive,2,2,2 - College,Marketing,5677,"Mid ($3,500 - $7,000)",444,92,4258,14,1,No,0,Travel_Rarely,2,Near (1-5 mi),2,2 - Medium,2,2 - Medium,3,3 - High,3,3 - Better,3,3,3 - Excellent,15,11,10+ Years,8,5,10,4,3,No,0
1987,25,Under 30,Female,Married,Human Resources,Human Resources,1,3,3 - Bachelor,Human Resources,2187,"Low (<$3,500)",309,82,19655,14,0,No,0,Travel_Rarely,2,Near (1-5 mi),2,2 - Medium,3,3 - High,3,3 - High,3,3 - Better,3,3,3 - Excellent,6,2,1-2 Years,0,1,2,3,4,No,0
1989,30,30-39,Male,Married,Research & Development,Laboratory Technician,1,2,2 - College,Medical,3748,"Mid ($3,500 - $7,000)",911,76,4077,13,0,No,0,Travel_Rarely,1,Near (1-5 mi),2,2 - Medium,4,4 - Very High,3,3 - High,2,2 - Good,3,3,3 - Excellent,12,12,10+ Years,8,1,7,6,1,No,0
1992,25,Under 30,Male,Divorced,Research & Development,Laboratory Technician,1,1,1 - Below College,Other,3977,"Mid ($3,500 - $7,000)",977,57,7298,19,1,Yes,1,Travel_Rarely,2,Near (1-5 mi),3,3 - High,4,4 - Very High,3,3 - High,2,2 - Good,3,3,3 - Excellent,7,2,1-2 Years,2,0,2,2,6,No,0
1993,47,40-49,Male,Single,Research & Development,Healthcare Representative,3,3,3 - Bachelor,Medical,8633,"High ($7,001 - $12,000)",1180,84,13084,23,0,No,0,Travel_Rarely,25,Far (16-25 mi),3,3 - High,1,1 - Low,2,2 - Medium,3,3 - Better,3,4,4 - Outstanding,25,17,10+ Years,14,12,11,3,2,No,0
1994,33,30-39,Male,Divorced,Research & Development,Laboratory Technician,1,2,2 - College,Medical,2008,"Low (<$3,500)",1313,59,20439,12,3,No,0,Non-Travel,1,Near (1-5 mi),3,3 - High,2,2 - Medium,3,3 - High,2,2 - Good,2,3,3 - Excellent,1,1,1-2 Years,1,0,0,2,1,No,0
1995,38,30-39,Male,Married,Sales,Sales Executive,2,4,4 - Master,Life Sciences,4440,"Mid ($3,500 - $7,000)",1321,86,7636,15,2,No,0,Travel_Rarely,1,Near (1-5 mi),2,2 - Medium,4,4 - Very High,1,1 - Low,3,3 - Better,3,3,3 - Excellent,16,15,10+ Years,13,5,8,3,0,No,0
1996,31,30-39,Male,Married,Sales,Sales Representative,1,2,2 - College,Life Sciences,3067,"Low (<$3,500)",1154,54,6393,19,1,No,0,Travel_Rarely,2,Near (1-5 mi),3,3 - High,1,1 - Low,3,3 - High,3,3 - Better,3,3,3 - Excellent,3,2,1-2 Years,2,1,2,1,0,No,0
1997,38,30-39,Male,Married,Research & Development,Manufacturing Director,2,4,4 - Master,Life Sciences,5321,"Mid ($3,500 - $7,000)",508,72,14284,11,1,No,0,Travel_Frequently,6,Moderate (6-15 mi),3,3 - High,1,1 - Low,4,4 - Very High,3,3 - Better,2,3,3 - Excellent,10,8,6-10 Years,3,7,7,1,2,No,0
1998,42,40-49,Male,Divorced,Research & Development,Research Scientist,2,4,4 - Master,Life Sciences,5410,"Mid ($3,500 - $7,000)",557,35,11189,17,1,Yes,1,Travel_Rarely,18,Far (16-25 mi),1,1 - Low,4,4 - Very High,3,3 - High,2,2 - Good,3,3,3 - Excellent,9,4,3-5 Years,3,1,2,3,6,No,0
1999,41,40-49,Male,Married,Research & Development,Research Scientist,1,3,3 - Bachelor,Life Sciences,2782,"Low (<$3,500)",642,76,21412,22,1,No,0,Travel_Rarely,1,Near (1-5 mi),4,4 - Very High,4,4 - Very High,1,1 - Low,3,3 - Better,3,4,4 - Outstanding,12,5,3-5 Years,3,1,0,3,3,No,0
2000,47,40-49,Female,Married,Research & Development,Research Director,3,1,1 - Below College,Medical,11957,"High ($7,001 - $12,000)",1162,98,17231,18,2,No,0,Non-Travel,1,Near (1-5 mi),2,2 - Medium,3,3 - High,1,1 - Low,1,1 - Bad,3,3,3 - Excellent,14,13,10+ Years,8,5,12,3,0,No,0
2003,35,30-39,Male,Married,Research & Development,Laboratory Technician,1,4,4 - Master,Medical,2660,"Low (<$3,500)",1490,43,20232,11,1,Yes,1,Travel_Rarely,11,Moderate (6-15 mi),3,3 - High,4,4 - Very High,3,3 - High,3,3 - Better,3,3,3 - Excellent,5,2,1-2 Years,2,2,2,3,7,No,0
2007,22,Under 30,Male,Single,Research & Development,Research Scientist,1,2,2 - College,Life Sciences,3375,"Low (<$3,500)",581,63,17624,12,0,No,0,Travel_Rarely,1,Near (1-5 mi),3,3 - High,4,4 - Very High,4,4 - Very High,4,4 - Best,3,3,3 - Excellent,4,3,3-5 Years,2,1,2,2,0,No,0
2008,35,30-39,Male,Single,Research & Development,Research Scientist,2,4,4 - Master,Medical,5098,"Mid ($3,500 - $7,000)",1395,48,18698,19,0,No,0,Travel_Rarely,9,Moderate (6-15 mi),3,3 - High,2,2 - Medium,2,2 - Medium,3,3 - Better,3,3,3 - Excellent,10,10,6-10 Years,7,0,8,5,1,No,0
2009,33,30-39,Female,Married,Research & Development,Healthcare Representative,2,2,2 - College,Medical,4878,"Mid ($3,500 - $7,000)",501,95,21653,13,1,Yes,1,Travel_Rarely,15,Moderate (6-15 mi),4,4 - Very High,2,2 - Medium,1,1 - Low,3,3 - Better,3,3,3 - Excellent,10,9,6-10 Years,7,8,1,6,0,No,0
2010,32,30-39,Female,Single,Research & Development,Laboratory Technician,1,4,4 - Master,Life Sciences,2837,"Low (<$3,500)",267,49,15919,13,0,No,0,Travel_Rarely,29,Very Far (26+ mi),2,2 - Medium,3,3 - High,3,3 - High,3,3 - Better,2,3,3 - Excellent,6,6,6-10 Years,2,4,1,3,1,No,0
2012,40,40-49,Male,Married,Research & Development,Laboratory Technician,1,4,4 - Master,Life Sciences,2406,"Low (<$3,500)",543,83,4060,19,2,No,0,Travel_Rarely,1,Near (1-5 mi),4,4 - Very High,1,1 - Low,3,3 - High,2,2 - Good,3,3,3 - Excellent,8,1,1-2 Years,0,0,0,3,8,No,0
2013,32,30-39,Male,Married,Sales,Sales Representative,1,4,4 - Master,Medical,2269,"Low (<$3,500)",234,68,18024,14,1,No,0,Travel_Rarely,1,Near (1-5 mi),2,2 - Medium,2,2 - Medium,2,2 - Medium,3,3 - Better,2,3,3 - Excellent,3,2,1-2 Years,2,2,2,2,0,No,0
2014,39,30-39,Male,Single,Research & Development,Research Scientist,2,1,1 - Below College,Life Sciences,4108,"Mid ($3,500 - $7,000)",116,52,5340,13,0,No,0,Travel_Rarely,24,Far (16-25 mi),4,4 - Very High,1,1 - Low,1,1 - Low,3,3 - Better,3,3,3 - Excellent,18,7,6-10 Years,7,1,7,2,7,No,0
2015,38,30-39,Female,Married,Research & Development,Research Director,3,3,3 - Bachelor,Medical,13206,"Executive (>$12,000)",201,99,3376,12,1,No,0,Travel_Rarely,10,Moderate (6-15 mi),3,3 - High,2,2 - Medium,1,1 - Low,3,3 - Better,1,3,3 - Excellent,20,18,10+ Years,16,1,11,3,3,No,0
2016,32,30-39,Female,Married,Sales,Sales Executive,3,4,4 - Master,Marketing,10422,"High ($7,001 - $12,000)",801,48,24032,19,2,No,0,Travel_Rarely,1,Near (1-5 mi),4,4 - Very High,3,3 - High,3,3 - High,3,3 - Better,3,3,3 - Excellent,14,14,10+ Years,10,5,7,3,1,No,0
2017,37,30-39,Female,Married,Research & Development,Research Director,3,3,3 - Bachelor,Life Sciences,13744,"Executive (>$12,000)",161,42,15471,25,1,Yes,1,Travel_Rarely,10,Moderate (6-15 mi),4,4 - Very High,3,3 - High,1,1 - Low,3,3 - Better,4,4,4 - Outstanding,16,16,10+ Years,11,6,8,2,1,No,0
2018,25,Under 30,Female,Divorced,Sales,Sales Executive,2,2,2 - College,Other,4907,"Mid ($3,500 - $7,000)",1382,85,13684,22,1,Yes,1,Travel_Rarely,8,Moderate (6-15 mi),3,3 - High,1,1 - Low,2,2 - Medium,2,2 - Good,3,4,4 - Outstanding,6,5,3-5 Years,3,0,4,3,0,No,0
2019,52,50+,Male,Divorced,Sales,Sales Representative,1,4,4 - Master,Life Sciences,3482,"Low (<$3,500)",585,40,19788,15,2,No,0,Non-Travel,29,Very Far (26+ mi),4,4 - Very High,1,1 - Low,2,2 - Medium,2,2 - Good,3,3,3 - Excellent,16,9,6-10 Years,8,0,0,3,2,No,0
2020,44,40-49,Male,Single,Research & Development,Research Scientist,1,3,3 - Bachelor,Medical,2436,"Low (<$3,500)",1037,42,13422,12,0,Yes,1,Travel_Rarely,1,Near (1-5 mi),4,4 - Very High,2,2 - Medium,3,3 - High,3,3 - Better,3,3,3 - Excellent,6,4,3-5 Years,3,1,2,2,6,No,0
2021,21,Under 30,Male,Single,Sales,Sales Representative,1,1,1 - Below College,Medical,2380,"Low (<$3,500)",501,58,25479,11,0,Yes,1,Travel_Rarely,5,Near (1-5 mi),1,1 - Low,3,3 - High,4,4 - Very High,3,3 - Better,3,3,3 - Excellent,2,2,1-2 Years,2,1,2,6,1,No,0
2022,39,30-39,Male,Single,Research & Development,Manager,5,3,3 - Bachelor,Life Sciences,19431,"Executive (>$12,000)",105,87,15302,13,0,No,0,Non-Travel,9,Moderate (6-15 mi),4,4 - Very High,4,4 - Very High,3,3 - High,2,2 - Good,3,3,3 - Excellent,21,6,6-10 Years,0,1,3,3,2,No,0
2023,23,Under 30,Male,Married,Sales,Sales Representative,1,3,3 - Bachelor,Marketing,1790,"Low (<$3,500)",638,33,26956,19,1,No,0,Travel_Frequently,9,Moderate (6-15 mi),1,1 - Low,4,4 - Very High,1,1 - Low,2,2 - Good,3,3,3 - Excellent,1,1,1-2 Years,0,1,0,3,1,Yes,1
2024,36,30-39,Female,Married,Sales,Sales Executive,3,3,3 - Bachelor,Medical,7644,"High ($7,001 - $12,000)",557,94,12695,19,2,No,0,Travel_Rarely,3,Near (1-5 mi),4,4 - Very High,1,1 - Low,3,3 - High,3,3 - Better,2,3,3 - Excellent,10,9,6-10 Years,7,3,4,2,0,No,0
2025,36,30-39,Female,Divorced,Research & Development,Manufacturing Director,2,2,2 - College,Life Sciences,5131,"Mid ($3,500 - $7,000)",688,97,9192,13,3,No,0,Travel_Frequently,4,Near (1-5 mi),2,2 - Medium,4,4 - Very High,2,2 - Medium,3,3 - Better,3,3,3 - Excellent,18,4,3-5 Years,2,0,2,3,7,No,0
2026,56,50+,Male,Divorced,Research & Development,Healthcare Representative,2,4,4 - Master,Life Sciences,6306,"Mid ($3,500 - $7,000)",667,57,26236,21,1,No,0,Non-Travel,1,Near (1-5 mi),3,3 - High,3,3 - High,1,1 - Low,2,2 - Good,3,4,4 - Outstanding,13,13,10+ Years,12,1,9,2,1,No,0
2027,29,Under 30,Male,Married,Research & Development,Research Scientist,1,4,4 - Master,Medical,4787,"Mid ($3,500 - $7,000)",1092,36,26124,14,3,Yes,1,Travel_Rarely,1,Near (1-5 mi),4,4 - Very High,1,1 - Low,2,2 - Medium,4,4 - Best,3,3,3 - Excellent,4,2,1-2 Years,2,2,2,3,9,Yes,1
2031,42,40-49,Male,Married,Research & Development,Manager,5,3,3 - Bachelor,Life Sciences,18880,"Executive (>$12,000)",300,56,17312,11,0,No,0,Travel_Rarely,2,Near (1-5 mi),3,3 - High,1,1 - Low,1,1 - Low,2,2 - Good,3,3,3 - Excellent,24,22,10+ Years,6,4,14,2,5,No,0
2032,56,50+,Male,Married,Research & Development,Laboratory Technician,1,2,2 - College,Technical Degree,2339,"Low (<$3,500)",310,72,3666,11,1,No,0,Travel_Rarely,7,Moderate (6-15 mi),3,3 - High,4,4 - Very High,4,4 - Very High,1,1 - Bad,3,3,3 - Excellent,14,10,6-10 Years,9,9,8,4,8,Yes,1
2034,41,40-49,Female,Married,Research & Development,Manufacturing Director,4,4,4 - Master,Life Sciences,13570,"Executive (>$12,000)",582,60,5640,23,1,No,0,Travel_Rarely,28,Very Far (26+ mi),2,2 - Medium,1,1 - Low,3,3 - High,3,3 - Better,2,4,4 - Outstanding,21,20,10+ Years,7,0,10,3,0,No,0
2035,34,30-39,Female,Married,Sales,Sales Executive,2,3,3 - Bachelor,Marketing,6712,"Mid ($3,500 - $7,000)",704,95,8978,21,2,No,0,Travel_Rarely,28,Very Far (26+ mi),3,3 - High,4,4 - Very High,4,4 - Very High,3,3 - Better,2,4,4 - Outstanding,8,8,6-10 Years,7,1,7,2,1,No,0
2036,36,30-39,Male,Divorced,Sales,Sales Executive,2,4,4 - Master,Marketing,5406,"Mid ($3,500 - $7,000)",301,88,10436,24,1,No,0,Non-Travel,15,Moderate (6-15 mi),4,4 - Very High,4,4 - Very High,1,1 - Low,2,2 - Good,1,4,4 - Outstanding,15,15,10+ Years,12,11,11,4,1,No,0
2037,41,40-49,Male,Divorced,Sales,Sales Executive,2,3,3 - Bachelor,Life Sciences,8938,"High ($7,001 - $12,000)",930,57,12227,11,1,No,0,Travel_Rarely,3,Near (1-5 mi),2,2 - Medium,3,3 - High,3,3 - High,3,3 - Better,2,3,3 - Excellent,14,5,3-5 Years,4,0,4,5,2,No,0
2038,32,30-39,Male,Single,Research & Development,Research Scientist,1,3,3 - Bachelor,Technical Degree,2439,"Low (<$3,500)",529,78,11288,14,0,No,0,Travel_Rarely,2,Near (1-5 mi),1,1 - Low,4,4 - Very High,4,4 - Very High,3,3 - Better,3,3,3 - Excellent,4,4,3-5 Years,2,1,2,4,1,No,0
2040,35,30-39,Female,Single,Human Resources,Human Resources,3,4,4 - Master,Life Sciences,8837,"High ($7,001 - $12,000)",1146,31,16642,16,0,Yes,1,Travel_Rarely,26,Very Far (26+ mi),4,4 - Very High,3,3 - High,3,3 - High,3,3 - Better,3,3,3 - Excellent,9,9,6-10 Years,0,1,7,2,1,No,0
2041,38,30-39,Female,Married,Sales,Sales Executive,2,2,2 - College,Life Sciences,5343,"Mid ($3,500 - $7,000)",345,100,5982,11,1,No,0,Travel_Rarely,10,Moderate (6-15 mi),4,4 - Very High,1,1 - Low,3,3 - High,3,3 - Better,3,3,3 - Excellent,10,10,6-10 Years,7,1,9,1,1,No,0
2044,50,50+,Male,Divorced,Sales,Sales Executive,2,4,4 - Master,Life Sciences,6728,"Mid ($3,500 - $7,000)",878,94,14255,12,2,No,0,Travel_Frequently,1,Near (1-5 mi),3,3 - High,2,2 - Medium,4,4 - Very High,3,3 - Better,3,3,3 - Excellent,12,6,6-10 Years,3,0,1,3,7,Yes,1
2045,36,30-39,Female,Married,Sales,Sales Executive,2,4,4 - Master,Marketing,6652,"Mid ($3,500 - $7,000)",1120,100,14369,13,1,No,0,Travel_Rarely,11,Moderate (6-15 mi),4,4 - Very High,2,2 - Medium,1,1 - Low,2,2 - Good,2,3,3 - Excellent,8,6,6-10 Years,3,0,0,2,4,No,0
2046,45,40-49,Female,Single,Sales,Sales Executive,2,3,3 - Bachelor,Life Sciences,4850,"Mid ($3,500 - $7,000)",374,50,23333,15,0,No,0,Travel_Rarely,20,Far (16-25 mi),3,3 - High,4,4 - Very High,3,3 - High,3,3 - Better,3,3,3 - Excellent,8,5,3-5 Years,3,0,1,3,8,No,0
2048,40,40-49,Male,Single,Research & Development,Research Scientist,1,4,4 - Master,Life Sciences,2809,"Low (<$3,500)",1322,52,2725,14,0,No,0,Travel_Rarely,2,Near (1-5 mi),3,3 - High,3,3 - High,4,4 - Very High,3,3 - Better,2,3,3 - Excellent,8,2,1-2 Years,2,2,2,2,2,No,0
2049,35,30-39,Male,Married,Research & Development,Healthcare Representative,2,4,4 - Master,Life Sciences,5689,"Mid ($3,500 - $7,000)",1199,80,24594,14,2,Yes,1,Travel_Frequently,18,Far (16-25 mi),3,3 - High,3,3 - High,4,4 - Very High,4,4 - Best,3,3,3 - Excellent,10,10,6-10 Years,2,0,2,2,1,No,0
2051,40,40-49,Female,Married,Research & Development,Research Scientist,1,4,4 - Master,Medical,2001,"Low (<$3,500)",1194,98,12549,14,3,No,0,Travel_Rarely,2,Near (1-5 mi),3,3 - High,3,3 - High,2,2 - Medium,3,3 - Better,3,3,3 - Excellent,20,5,3-5 Years,3,0,2,2,2,No,0
2052,35,30-39,Female,Married,Research & Development,Research Scientist,1,4,4 - Master,Life Sciences,2977,"Low (<$3,500)",287,62,8952,12,1,No,0,Travel_Rarely,1,Near (1-5 mi),4,4 - Very High,3,3 - High,4,4 - Very High,3,3 - Better,1,3,3 - Excellent,4,4,3-5 Years,3,1,1,5,1,No,0
2053,29,Under 30,Male,Married,Research & Development,Laboratory Technician,2,2,2 - College,Other,4025,"Mid ($3,500 - $7,000)",1378,46,23679,13,1,Yes,1,Travel_Rarely,13,Moderate (6-15 mi),2,2 - Medium,4,4 - Very High,1,1 - Low,3,3 - Better,2,3,3 - Excellent,10,4,3-5 Years,3,0,3,2,4,No,0
2054,29,Under 30,Female,Single,Research & Development,Research Scientist,1,4,4 - Master,Medical,3785,"Mid ($3,500 - $7,000)",468,73,8489,14,0,No,0,Travel_Rarely,28,Very Far (26+ mi),1,1 - Low,4,4 - Very High,2,2 - Medium,1,1 - Bad,2,3,3 - Excellent,5,5,3-5 Years,4,0,4,3,1,No,0
2055,50,50+,Male,Divorced,Sales,Sales Executive,3,3,3 - Bachelor,Marketing,10854,"High ($7,001 - $12,000)",410,39,16586,13,1,Yes,1,Travel_Rarely,28,Very Far (26+ mi),1,1 - Low,4,4 - Very High,2,2 - Medium,3,3 - Better,2,3,3 - Excellent,20,3,3-5 Years,2,2,0,3,4,Yes,1
2056,39,30-39,Female,Married,Sales,Sales Executive,4,1,1 - Below College,Marketing,12031,"Executive (>$12,000)",722,60,8828,11,1,No,0,Travel_Rarely,24,Far (16-25 mi),4,4 - Very High,2,2 - Medium,1,1 - Low,2,2 - Good,2,3,3 - Excellent,21,20,10+ Years,9,9,6,2,0,No,0
2057,31,30-39,Male,Single,Research & Development,Manufacturing Director,2,3,3 - Bachelor,Medical,9936,"High ($7,001 - $12,000)",325,74,3787,19,0,No,0,Non-Travel,5,Near (1-5 mi),1,1 - Low,2,2 - Medium,2,2 - Medium,3,3 - Better,3,3,3 - Excellent,10,9,6-10 Years,4,1,7,2,0,No,0
2060,26,Under 30,Female,Single,Sales,Sales Representative,1,3,3 - Bachelor,Other,2966,"Low (<$3,500)",1167,30,21378,18,0,No,0,Travel_Rarely,5,Near (1-5 mi),3,3 - High,4,4 - Very High,4,4 - Very High,3,3 - Better,2,3,3 - Excellent,5,4,3-5 Years,2,0,0,2,0,No,0
2061,36,30-39,Male,Married,Research & Development,Laboratory Technician,2,2,2 - College,Medical,2571,"Low (<$3,500)",884,41,12290,17,1,No,0,Travel_Frequently,23,Far (16-25 mi),4,4 - Very High,3,3 - High,3,3 - High,3,3 - Better,4,3,3 - Excellent,17,5,3-5 Years,2,0,3,3,4,No,0
2062,39,30-39,Male,Married,Research & Development,Healthcare Representative,3,1,1 - Below College,Medical,9991,"High ($7,001 - $12,000)",613,42,21457,15,1,No,0,Travel_Rarely,6,Moderate (6-15 mi),1,1 - Low,4,4 - Very High,1,1 - Low,3,3 - Better,2,3,3 - Excellent,9,7,6-10 Years,7,1,7,5,4,No,0
2064,27,Under 30,Male,Married,Research & Development,Manufacturing Director,2,3,3 - Bachelor,Life Sciences,6142,"Mid ($3,500 - $7,000)",155,87,5174,20,1,Yes,1,Travel_Rarely,4,Near (1-5 mi),2,2 - Medium,2,2 - Medium,2,2 - Medium,3,3 - Better,4,4,4 - Outstanding,6,6,6-10 Years,2,0,3,0,1,No,0
2065,49,40-49,Male,Married,Sales,Sales Executive,2,3,3 - Bachelor,Medical,5390,"Mid ($3,500 - $7,000)",1023,63,13243,14,0,No,0,Travel_Frequently,2,Near (1-5 mi),2,2 - Medium,4,4 - Very High,4,4 - Very High,2,2 - Good,2,3,3 - Excellent,17,9,6-10 Years,6,0,8,3,2,No,0
2068,34,30-39,Male,Married,Research & Development,Laboratory Technician,2,3,3 - Bachelor,Medical,4404,"Mid ($3,500 - $7,000)",628,82,10228,12,0,No,0,Travel_Rarely,8,Moderate (6-15 mi),3,3 - High,2,2 - Medium,1,1 - Low,4,4 - Best,4,3,3 - Excellent,6,4,3-5 Years,3,1,2,3,2,No,0
